{"__type":"$$EventMessageAudit","id":"34c1de21-6610-4b33-b864-022b28bf0e50","ts":"2026-09-27T13:30:52.470+02:00","eventName":"n8n.audit.cluster.instance-joined","message":"n8n.audit.cluster.instance-joined","payload":{"instanceKey":"d43a0a8f-bc77-489c-a57e-5a4e55ca2d19","hostId":"main-1b9b45614548","instanceType":"main","instanceRole":"leader","version":"2.40.7"}}
{"__type":"$$EventMessageConfirm","confirm":"34c1de21-6610-4b33-b864-022b28bf0e50","ts":"2026-09-27T13:30:52.471+02:00","source":{"id":"0","name":"eventBus"}}
{"__type":"$$EventMessageAudit","id":"f7a11cfb-f013-43a2-a974-f5cb15b5abb0","ts":"2026-09-27T15:18:20.947+02:00","eventName":"n8n.audit.user.credentials.created","message":"n8n.audit.user.credentials.created","payload":{"userId":"378bb555-d142-4f98-8092-6db334bc679d","_email":"develomentorg11@gmail.com","_firstName":"Andrew ","_lastName":"Mthethwa","globalRole":"global:owner","credentialType":"postgres","credentialId":"rEP3cUTGoMJ7N2lV","publicApi":false,"projectId":"PBlSUiAMQl3O96o8","projectType":"personal","isDynamic":false,"usesExternalSecrets":false,"jweEnabled":false,"supportsManagedAuth":false,"usesManagedAuth":false}}
{"__type":"$$EventMessageConfirm","confirm":"f7a11cfb-f013-43a2-a974-f5cb15b5abb0","ts":"2026-09-27T15:18:20.948+02:00","source":{"id":"0","name":"eventBus"}}
{"__type":"$$EventMessageAudit","id":"a2a558b0-42f4-45db-afc7-7f02157f80a0","ts":"2026-09-28T13:02:06.824+02:00","eventName":"n8n.audit.workflow.created","message":"n8n.audit.workflow.created","payload":{"userId":"378bb555-d142-4f98-8092-6db334bc679d","_email":"develomentorg11@gmail.com","_firstName":"Andrew ","_lastName":"Mthethwa","globalRole":"global:owner","workflowId":"ymC5phKqc8FJwDab","workflowName":"My workflow"}}
{"__type":"$$EventMessageConfirm","confirm":"a2a558b0-42f4-45db-afc7-7f02157f80a0","ts":"2026-09-28T13:02:06.824+02:00","source":{"id":"0","name":"eventBus"}}
{"__type":"$$EventMessageAudit","id":"a2737da2-b012-4144-8c6d-d686e5b401e3","ts":"2026-09-28T13:02:27.450+02:00","eventName":"n8n.audit.workflow.updated","message":"n8n.audit.workflow.updated","payload":{"userId":"378bb555-d142-4f98-8092-6db334bc679d","_email":"develomentorg11@gmail.com","_firstName":"Andrew ","_lastName":"Mthethwa","globalRole":"global:owner","workflowId":"ymC5phKqc8FJwDab","workflowName":"My workflow"}}
{"__type":"$$EventMessageConfirm","confirm":"a2737da2-b012-4144-8c6d-d686e5b401e3","ts":"2026-09-28T13:02:27.450+02:00","source":{"id":"0","name":"eventBus"}}
{"__type":"$$EventMessageAudit","id":"406ce3c3-322c-44ca-a515-b1e55ab5eb6c","ts":"2026-09-28T13:02:29.744+02:00","eventName":"n8n.audit.workflow.updated","message":"n8n.audit.workflow.updated","payload":{"userId":"378bb555-d142-4f98-8092-6db334bc679d","_email":"develomentorg11@gmail.com","_firstName":"Andrew ","_lastName":"Mthethwa","globalRole":"global:owner","workflowId":"ymC5phKqc8FJwDab","workflowName":"My workflow"}}
{"__type":"$$EventMessageConfirm","confirm":"406ce3c3-322c-44ca-a515-b1e55ab5eb6c","ts":"2026-09-28T13:02:29.744+02:00","source":{"id":"0","name":"eventBus"}}
{"__type":"$$EventMessageAudit","id":"4f35f393-52b4-4d26-a1d2-5f07a9c58f62","ts":"2026-09-28T13:02:46.497+02:00","eventName":"n8n.audit.workflow.updated","message":"n8n.audit.workflow.updated","payload":{"userId":"378bb555-d142-4f98-8092-6db334bc679d","_email":"develomentorg11@gmail.com","_firstName":"Andrew ","_lastName":"Mthethwa","globalRole":"global:owner","workflowId":"ymC5phKqc8FJwDab","workflowName":"My workflow"}}
{"__type":"$$EventMessageConfirm","confirm":"4f35f393-52b4-4d26-a1d2-5f07a9c58f62","ts":"2026-09-28T13:02:46.497+02:00","source":{"id":"0","name":"eventBus"}}
{"__type":"$$EventMessageAudit","id":"57b5aa12-f5a7-41a3-ae54-38a149f71e41","ts":"2026-09-28T13:02:52.023+02:00","eventName":"n8n.audit.workflow.updated","message":"n8n.audit.workflow.updated","payload":{"userId":"378bb555-d142-4f98-8092-6db334bc679d","_email":"develomentorg11@gmail.com","_firstName":"Andrew ","_lastName":"Mthethwa","globalRole":"global:owner","workflowId":"ymC5phKqc8FJwDab","workflowName":"My workflow"}}
{"__type":"$$EventMessageConfirm","confirm":"57b5aa12-f5a7-41a3-ae54-38a149f71e41","ts":"2026-09-28T13:02:52.023+02:00","source":{"id":"0","name":"eventBus"}}
{"__type":"$$EventMessageAudit","id":"bfb885a1-60b8-4fef-96d1-3abdbb7ce6c3","ts":"2026-09-28T13:02:53.637+02:00","eventName":"n8n.audit.workflow.updated","message":"n8n.audit.workflow.updated","payload":{"userId":"378bb555-d142-4f98-8092-6db334bc679d","_email":"develomentorg11@gmail.com","_firstName":"Andrew ","_lastName":"Mthethwa","globalRole":"global:owner","workflowId":"ymC5phKqc8FJwDab","workflowName":"My workflow"}}
{"__type":"$$EventMessageConfirm","confirm":"bfb885a1-60b8-4fef-96d1-3abdbb7ce6c3","ts":"2026-09-28T13:02:53.638+02:00","source":{"id":"0","name":"eventBus"}}
{"__type":"$$EventMessageAudit","id":"ae1bf90c-5120-4e19-874a-bbb165236fa6","ts":"2026-09-28T13:03:20.709+02:00","eventName":"n8n.audit.workflow.updated","message":"n8n.audit.workflow.updated","payload":{"userId":"378bb555-d142-4f98-8092-6db334bc679d","_email":"develomentorg11@gmail.com","_firstName":"Andrew ","_lastName":"Mthethwa","globalRole":"global:owner","workflowId":"ymC5phKqc8FJwDab","workflowName":"My workflow"}}
{"__type":"$$EventMessageConfirm","confirm":"ae1bf90c-5120-4e19-874a-bbb165236fa6","ts":"2026-09-28T13:03:20.709+02:00","source":{"id":"0","name":"eventBus"}}
{"__type":"$$EventMessageAudit","id":"73e750b2-998d-46f8-b9f6-8eeb1a2e85d9","ts":"2026-09-28T13:04:17.650+02:00","eventName":"n8n.audit.workflow.updated","message":"n8n.audit.workflow.updated","payload":{"userId":"378bb555-d142-4f98-8092-6db334bc679d","_email":"develomentorg11@gmail.com","_firstName":"Andrew ","_lastName":"Mthethwa","globalRole":"global:owner","workflowId":"ymC5phKqc8FJwDab","workflowName":"My workflow"}}
{"__type":"$$EventMessageConfirm","confirm":"73e750b2-998d-46f8-b9f6-8eeb1a2e85d9","ts":"2026-09-28T13:04:17.650+02:00","source":{"id":"0","name":"eventBus"}}
{"__type":"$$EventMessageAudit","id":"8e939074-10a2-4dbb-867d-fa06bffc2626","ts":"2026-09-28T13:04:45.624+02:00","eventName":"n8n.audit.workflow.updated","message":"n8n.audit.workflow.updated","payload":{"userId":"378bb555-d142-4f98-8092-6db334bc679d","_email":"develomentorg11@gmail.com","_firstName":"Andrew ","_lastName":"Mthethwa","globalRole":"global:owner","workflowId":"ymC5phKqc8FJwDab","workflowName":"My workflow"}}
{"__type":"$$EventMessageConfirm","confirm":"8e939074-10a2-4dbb-867d-fa06bffc2626","ts":"2026-09-28T13:04:45.624+02:00","source":{"id":"0","name":"eventBus"}}
{"__type":"$$EventMessageAudit","id":"a13ae1cc-0b93-4b24-bd84-e7e6358d9df6","ts":"2026-09-28T13:05:24.033+02:00","eventName":"n8n.audit.workflow.updated","message":"n8n.audit.workflow.updated","payload":{"userId":"378bb555-d142-4f98-8092-6db334bc679d","_email":"develomentorg11@gmail.com","_firstName":"Andrew ","_lastName":"Mthethwa","globalRole":"global:owner","workflowId":"ymC5phKqc8FJwDab","workflowName":"My workflow"}}
{"__type":"$$EventMessageConfirm","confirm":"a13ae1cc-0b93-4b24-bd84-e7e6358d9df6","ts":"2026-09-28T13:05:24.034+02:00","source":{"id":"0","name":"eventBus"}}
{"__type":"$$EventMessageAudit","id":"3a716d18-0a70-4f22-81eb-c39ea8cfb508","ts":"2026-09-28T13:05:59.558+02:00","eventName":"n8n.audit.workflow.updated","message":"n8n.audit.workflow.updated","payload":{"userId":"378bb555-d142-4f98-8092-6db334bc679d","_email":"develomentorg11@gmail.com","_firstName":"Andrew ","_lastName":"Mthethwa","globalRole":"global:owner","workflowId":"ymC5phKqc8FJwDab","workflowName":"My workflow"}}
{"__type":"$$EventMessageConfirm","confirm":"3a716d18-0a70-4f22-81eb-c39ea8cfb508","ts":"2026-09-28T13:05:59.558+02:00","source":{"id":"0","name":"eventBus"}}
{"__type":"$$EventMessageAudit","id":"dc3a955b-a98f-45d5-95c0-cf8b79410918","ts":"2026-09-28T13:06:08.060+02:00","eventName":"n8n.audit.workflow.updated","message":"n8n.audit.workflow.updated","payload":{"userId":"378bb555-d142-4f98-8092-6db334bc679d","_email":"develomentorg11@gmail.com","_firstName":"Andrew ","_lastName":"Mthethwa","globalRole":"global:owner","workflowId":"ymC5phKqc8FJwDab","workflowName":"My workflow"}}
{"__type":"$$EventMessageConfirm","confirm":"dc3a955b-a98f-45d5-95c0-cf8b79410918","ts":"2026-09-28T13:06:08.060+02:00","source":{"id":"0","name":"eventBus"}}
{"__type":"$$EventMessageAudit","id":"2d1a7b23-81ed-48a3-b7f3-eb1ac8a79c9a","ts":"2026-09-28T13:06:36.190+02:00","eventName":"n8n.audit.workflow.updated","message":"n8n.audit.workflow.updated","payload":{"userId":"378bb555-d142-4f98-8092-6db334bc679d","_email":"develomentorg11@gmail.com","_firstName":"Andrew ","_lastName":"Mthethwa","globalRole":"global:owner","workflowId":"ymC5phKqc8FJwDab","workflowName":"My workflow"}}
{"__type":"$$EventMessageConfirm","confirm":"2d1a7b23-81ed-48a3-b7f3-eb1ac8a79c9a","ts":"2026-09-28T13:06:36.190+02:00","source":{"id":"0","name":"eventBus"}}
{"__type":"$$EventMessageAudit","id":"ea4e989f-af1d-474a-ae91-d402b4830295","ts":"2026-09-28T13:06:38.803+02:00","eventName":"n8n.audit.workflow.updated","message":"n8n.audit.workflow.updated","payload":{"userId":"378bb555-d142-4f98-8092-6db334bc679d","_email":"develomentorg11@gmail.com","_firstName":"Andrew ","_lastName":"Mthethwa","globalRole":"global:owner","workflowId":"ymC5phKqc8FJwDab","workflowName":"My workflow"}}
{"__type":"$$EventMessageConfirm","confirm":"ea4e989f-af1d-474a-ae91-d402b4830295","ts":"2026-09-28T13:06:38.803+02:00","source":{"id":"0","name":"eventBus"}}
{"__type":"$$EventMessageAudit","id":"1a9b3e50-096d-4459-9592-c9065fa9dd69","ts":"2026-09-28T13:06:43.334+02:00","eventName":"n8n.audit.workflow.updated","message":"n8n.audit.workflow.updated","payload":{"userId":"378bb555-d142-4f98-8092-6db334bc679d","_email":"develomentorg11@gmail.com","_firstName":"Andrew ","_lastName":"Mthethwa","globalRole":"global:owner","workflowId":"ymC5phKqc8FJwDab","workflowName":"My workflow"}}
{"__type":"$$EventMessageConfirm","confirm":"1a9b3e50-096d-4459-9592-c9065fa9dd69","ts":"2026-09-28T13:06:43.334+02:00","source":{"id":"0","name":"eventBus"}}
{"__type":"$$EventMessageAudit","id":"df2cb7f0-f58e-4dbe-9ad0-4ad9b09e5ce2","ts":"2026-09-28T13:07:19.180+02:00","eventName":"n8n.audit.workflow.updated","message":"n8n.audit.workflow.updated","payload":{"userId":"378bb555-d142-4f98-8092-6db334bc679d","_email":"develomentorg11@gmail.com","_firstName":"Andrew ","_lastName":"Mthethwa","globalRole":"global:owner","workflowId":"ymC5phKqc8FJwDab","workflowName":"My workflow"}}
{"__type":"$$EventMessageConfirm","confirm":"df2cb7f0-f58e-4dbe-9ad0-4ad9b09e5ce2","ts":"2026-09-28T13:07:19.180+02:00","source":{"id":"0","name":"eventBus"}}
{"__type":"$$EventMessageAudit","id":"ef490077-e9a2-4030-8cb1-40153551ed3b","ts":"2026-09-28T13:07:48.612+02:00","eventName":"n8n.audit.workflow.updated","message":"n8n.audit.workflow.updated","payload":{"userId":"378bb555-d142-4f98-8092-6db334bc679d","_email":"develomentorg11@gmail.com","_firstName":"Andrew ","_lastName":"Mthethwa","globalRole":"global:owner","workflowId":"ymC5phKqc8FJwDab","workflowName":"My workflow"}}
{"__type":"$$EventMessageConfirm","confirm":"ef490077-e9a2-4030-8cb1-40153551ed3b","ts":"2026-09-28T13:07:48.612+02:00","source":{"id":"0","name":"eventBus"}}
{"__type":"$$EventMessageAudit","id":"6317bae9-852d-49cc-89bb-25dca493d784","ts":"2026-09-28T13:08:02.049+02:00","eventName":"n8n.audit.workflow.updated","message":"n8n.audit.workflow.updated","payload":{"userId":"378bb555-d142-4f98-8092-6db334bc679d","_email":"develomentorg11@gmail.com","_firstName":"Andrew ","_lastName":"Mthethwa","globalRole":"global:owner","workflowId":"ymC5phKqc8FJwDab","workflowName":"My workflow"}}
{"__type":"$$EventMessageConfirm","confirm":"6317bae9-852d-49cc-89bb-25dca493d784","ts":"2026-09-28T13:08:02.049+02:00","source":{"id":"0","name":"eventBus"}}
{"__type":"$$EventMessageAudit","id":"b512b52e-10dc-4f29-b918-6abc1755f133","ts":"2026-09-28T13:10:43.795+02:00","eventName":"n8n.audit.workflow.updated","message":"n8n.audit.workflow.updated","payload":{"userId":"378bb555-d142-4f98-8092-6db334bc679d","_email":"develomentorg11@gmail.com","_firstName":"Andrew ","_lastName":"Mthethwa","globalRole":"global:owner","workflowId":"ymC5phKqc8FJwDab","workflowName":"My workflow"}}
{"__type":"$$EventMessageConfirm","confirm":"b512b52e-10dc-4f29-b918-6abc1755f133","ts":"2026-09-28T13:10:43.795+02:00","source":{"id":"0","name":"eventBus"}}
{"__type":"$$EventMessageAudit","id":"a573c5e1-52fb-4e8a-8f60-8b04d0240b40","ts":"2026-09-28T13:10:47.510+02:00","eventName":"n8n.audit.workflow.updated","message":"n8n.audit.workflow.updated","payload":{"userId":"378bb555-d142-4f98-8092-6db334bc679d","_email":"develomentorg11@gmail.com","_firstName":"Andrew ","_lastName":"Mthethwa","globalRole":"global:owner","workflowId":"ymC5phKqc8FJwDab","workflowName":"My workflow"}}
{"__type":"$$EventMessageConfirm","confirm":"a573c5e1-52fb-4e8a-8f60-8b04d0240b40","ts":"2026-09-28T13:10:47.510+02:00","source":{"id":"0","name":"eventBus"}}
{"__type":"$$EventMessageAudit","id":"56d96aff-4cde-4c7a-a42a-687b1331fc22","ts":"2026-09-28T13:10:57.821+02:00","eventName":"n8n.audit.workflow.updated","message":"n8n.audit.workflow.updated","payload":{"userId":"378bb555-d142-4f98-8092-6db334bc679d","_email":"develomentorg11@gmail.com","_firstName":"Andrew ","_lastName":"Mthethwa","globalRole":"global:owner","workflowId":"ymC5phKqc8FJwDab","workflowName":"My workflow"}}
{"__type":"$$EventMessageConfirm","confirm":"56d96aff-4cde-4c7a-a42a-687b1331fc22","ts":"2026-09-28T13:10:57.821+02:00","source":{"id":"0","name":"eventBus"}}
{"__type":"$$EventMessageAudit","id":"996aeddb-3a26-4ebe-8677-23a2c6b85b36","ts":"2026-09-28T13:12:10.126+02:00","eventName":"n8n.audit.workflow.updated","message":"n8n.audit.workflow.updated","payload":{"userId":"378bb555-d142-4f98-8092-6db334bc679d","_email":"develomentorg11@gmail.com","_firstName":"Andrew ","_lastName":"Mthethwa","globalRole":"global:owner","workflowId":"ymC5phKqc8FJwDab","workflowName":"My workflow"}}
{"__type":"$$EventMessageConfirm","confirm":"996aeddb-3a26-4ebe-8677-23a2c6b85b36","ts":"2026-09-28T13:12:10.126+02:00","source":{"id":"0","name":"eventBus"}}
{"__type":"$$EventMessageAudit","id":"76bab6ae-7176-41d2-ba79-b2bbb2ee4930","ts":"2026-09-28T13:17:31.225+02:00","eventName":"n8n.audit.workflow.executed","message":"n8n.audit.workflow.executed","payload":{"workflowId":"ymC5phKqc8FJwDab","workflowName":"My workflow","executionId":"1","projectId":"PBlSUiAMQl3O96o8","projectName":"Andrew  Mthethwa <develomentorg11@gmail.com>","source":"webhook"}}
{"__type":"$$EventMessageConfirm","confirm":"76bab6ae-7176-41d2-ba79-b2bbb2ee4930","ts":"2026-09-28T13:17:31.225+02:00","source":{"id":"0","name":"eventBus"}}
{"__type":"$$EventMessageWorkflow","id":"96560665-3fca-4617-856f-4e200de1d833","ts":"2026-09-28T13:17:31.226+02:00","eventName":"n8n.workflow.started","message":"n8n.workflow.started","payload":{"executionId":"1","workflowId":"ymC5phKqc8FJwDab","isManual":false,"mode":"manual","workflowName":"My workflow","projectId":"PBlSUiAMQl3O96o8","projectName":"Andrew  Mthethwa <develomentorg11@gmail.com>"}}
{"__type":"$$EventMessageConfirm","confirm":"96560665-3fca-4617-856f-4e200de1d833","ts":"2026-09-28T13:17:31.226+02:00","source":{"id":"0","name":"eventBus"}}
{"__type":"$$EventMessageNode","id":"65a7443e-e18c-4e6d-bbd4-074f071a5b8c","ts":"2026-09-28T13:17:31.240+02:00","eventName":"n8n.node.started","message":"n8n.node.started","payload":{"workflowId":"ymC5phKqc8FJwDab","workflowName":"My workflow","executionId":"1","nodeType":"n8n-nodes-base.webhook","nodeName":"Webhook","nodeId":"6cb3833f-d243-4df6-98d2-c6756a041de1"}}
{"__type":"$$EventMessageConfirm","confirm":"65a7443e-e18c-4e6d-bbd4-074f071a5b8c","ts":"2026-09-28T13:17:31.240+02:00","source":{"id":"0","name":"eventBus"}}
{"__type":"$$EventMessageNode","id":"ebc371f8-bbae-4c05-baa2-845e5abdd1ca","ts":"2026-09-28T13:17:31.243+02:00","eventName":"n8n.node.finished","message":"n8n.node.finished","payload":{"workflowId":"ymC5phKqc8FJwDab","workflowName":"My workflow","executionId":"1","nodeType":"n8n-nodes-base.webhook","nodeName":"Webhook","nodeId":"6cb3833f-d243-4df6-98d2-c6756a041de1"}}
{"__type":"$$EventMessageConfirm","confirm":"ebc371f8-bbae-4c05-baa2-845e5abdd1ca","ts":"2026-09-28T13:17:31.243+02:00","source":{"id":"0","name":"eventBus"}}
{"__type":"$$EventMessageNode","id":"9362ee1a-5b39-4005-bbbc-268173e7f7f7","ts":"2026-09-28T13:17:31.245+02:00","eventName":"n8n.node.started","message":"n8n.node.started","payload":{"workflowId":"ymC5phKqc8FJwDab","workflowName":"My workflow","executionId":"1","nodeType":"n8n-nodes-base.postgres","nodeName":"Execute a SQL query","nodeId":"134891aa-f3fb-4479-994a-5007860caca5"}}
{"__type":"$$EventMessageConfirm","confirm":"9362ee1a-5b39-4005-bbbc-268173e7f7f7","ts":"2026-09-28T13:17:31.245+02:00","source":{"id":"0","name":"eventBus"}}
{"__type":"$$EventMessageNode","id":"f8486585-2e6e-4168-9fa5-66e2977b7bbb","ts":"2026-09-28T13:17:31.278+02:00","eventName":"n8n.node.finished","message":"n8n.node.finished","payload":{"workflowId":"ymC5phKqc8FJwDab","workflowName":"My workflow","executionId":"1","nodeType":"n8n-nodes-base.postgres","nodeName":"Execute a SQL query","nodeId":"134891aa-f3fb-4479-994a-5007860caca5"}}
{"__type":"$$EventMessageConfirm","confirm":"f8486585-2e6e-4168-9fa5-66e2977b7bbb","ts":"2026-09-28T13:17:31.278+02:00","source":{"id":"0","name":"eventBus"}}
{"__type":"$$EventMessageWorkflow","id":"927678b3-0ef1-4bc0-be51-52e30cb02ef1","ts":"2026-09-28T13:17:31.281+02:00","eventName":"n8n.workflow.success","message":"n8n.workflow.success","payload":{"userId":"378bb555-d142-4f98-8092-6db334bc679d","executionId":"1","success":true,"isManual":true,"mode":"manual","workflowId":"ymC5phKqc8FJwDab","workflowName":"My workflow","projectId":"PBlSUiAMQl3O96o8","projectName":"Andrew  Mthethwa <develomentorg11@gmail.com>"}}
{"__type":"$$EventMessageConfirm","confirm":"927678b3-0ef1-4bc0-be51-52e30cb02ef1","ts":"2026-09-28T13:17:31.281+02:00","source":{"id":"0","name":"eventBus"}}
{"__type":"$$EventMessageAudit","id":"41e4b84f-7f19-4687-96c1-d66f727961d4","ts":"2026-09-28T13:18:47.306+02:00","eventName":"n8n.audit.workflow.executed","message":"n8n.audit.workflow.executed","payload":{"workflowId":"ymC5phKqc8FJwDab","workflowName":"My workflow","executionId":"2","projectId":"PBlSUiAMQl3O96o8","projectName":"Andrew  Mthethwa <develomentorg11@gmail.com>","source":"webhook"}}
{"__type":"$$EventMessageConfirm","confirm":"41e4b84f-7f19-4687-96c1-d66f727961d4","ts":"2026-09-28T13:18:47.306+02:00","source":{"id":"0","name":"eventBus"}}
{"__type":"$$EventMessageWorkflow","id":"f6e3d4f3-24b2-4592-964b-7b000c9aaa66","ts":"2026-09-28T13:18:47.356+02:00","eventName":"n8n.workflow.started","message":"n8n.workflow.started","payload":{"executionId":"2","workflowId":"ymC5phKqc8FJwDab","isManual":false,"mode":"manual","workflowName":"My workflow","projectId":"PBlSUiAMQl3O96o8","projectName":"Andrew  Mthethwa <develomentorg11@gmail.com>"}}
{"__type":"$$EventMessageConfirm","confirm":"f6e3d4f3-24b2-4592-964b-7b000c9aaa66","ts":"2026-09-28T13:18:47.357+02:00","source":{"id":"0","name":"eventBus"}}
{"__type":"$$EventMessageNode","id":"52999c9d-d430-40df-bc8b-e1619619f98e","ts":"2026-09-28T13:18:47.362+02:00","eventName":"n8n.node.started","message":"n8n.node.started","payload":{"workflowId":"ymC5phKqc8FJwDab","workflowName":"My workflow","executionId":"2","nodeType":"n8n-nodes-base.webhook","nodeName":"Webhook","nodeId":"6cb3833f-d243-4df6-98d2-c6756a041de1"}}
{"__type":"$$EventMessageConfirm","confirm":"52999c9d-d430-40df-bc8b-e1619619f98e","ts":"2026-09-28T13:18:47.362+02:00","source":{"id":"0","name":"eventBus"}}
{"__type":"$$EventMessageNode","id":"4dd17c9e-ee8c-4307-a466-c40423deb66b","ts":"2026-09-28T13:18:47.362+02:00","eventName":"n8n.node.finished","message":"n8n.node.finished","payload":{"workflowId":"ymC5phKqc8FJwDab","workflowName":"My workflow","executionId":"2","nodeType":"n8n-nodes-base.webhook","nodeName":"Webhook","nodeId":"6cb3833f-d243-4df6-98d2-c6756a041de1"}}
{"__type":"$$EventMessageConfirm","confirm":"4dd17c9e-ee8c-4307-a466-c40423deb66b","ts":"2026-09-28T13:18:47.362+02:00","source":{"id":"0","name":"eventBus"}}
{"__type":"$$EventMessageNode","id":"09b9a1d7-b5d4-49d0-b71f-b35bf653a190","ts":"2026-09-28T13:18:47.363+02:00","eventName":"n8n.node.started","message":"n8n.node.started","payload":{"workflowId":"ymC5phKqc8FJwDab","workflowName":"My workflow","executionId":"2","nodeType":"n8n-nodes-base.postgres","nodeName":"Execute a SQL query","nodeId":"134891aa-f3fb-4479-994a-5007860caca5"}}
{"__type":"$$EventMessageConfirm","confirm":"09b9a1d7-b5d4-49d0-b71f-b35bf653a190","ts":"2026-09-28T13:18:47.363+02:00","source":{"id":"0","name":"eventBus"}}
{"__type":"$$EventMessageNode","id":"57c6f524-b103-4766-87c2-710e35c8f9a7","ts":"2026-09-28T13:18:47.381+02:00","eventName":"n8n.node.finished","message":"n8n.node.finished","payload":{"workflowId":"ymC5phKqc8FJwDab","workflowName":"My workflow","executionId":"2","nodeType":"n8n-nodes-base.postgres","nodeName":"Execute a SQL query","nodeId":"134891aa-f3fb-4479-994a-5007860caca5"}}
{"__type":"$$EventMessageConfirm","confirm":"57c6f524-b103-4766-87c2-710e35c8f9a7","ts":"2026-09-28T13:18:47.381+02:00","source":{"id":"0","name":"eventBus"}}
{"__type":"$$EventMessageWorkflow","id":"0f788f65-aea3-4459-8df9-ddd5ec3b6d13","ts":"2026-09-28T13:18:47.382+02:00","eventName":"n8n.workflow.success","message":"n8n.workflow.success","payload":{"userId":"378bb555-d142-4f98-8092-6db334bc679d","executionId":"2","success":true,"isManual":true,"mode":"manual","workflowId":"ymC5phKqc8FJwDab","workflowName":"My workflow","projectId":"PBlSUiAMQl3O96o8","projectName":"Andrew  Mthethwa <develomentorg11@gmail.com>"}}
{"__type":"$$EventMessageConfirm","confirm":"0f788f65-aea3-4459-8df9-ddd5ec3b6d13","ts":"2026-09-28T13:18:47.382+02:00","source":{"id":"0","name":"eventBus"}}
{"__type":"$$EventMessageAudit","id":"ce0f7b00-70e4-46d4-b7e1-a321ecd1e3f9","ts":"2026-09-28T13:32:20.075+02:00","eventName":"n8n.audit.workflow.updated","message":"n8n.audit.workflow.updated","payload":{"userId":"378bb555-d142-4f98-8092-6db334bc679d","_email":"develomentorg11@gmail.com","_firstName":"Andrew ","_lastName":"Mthethwa","globalRole":"global:owner","workflowId":"ymC5phKqc8FJwDab","workflowName":"INQABA-01-PROJECT-INTAKE"}}
{"__type":"$$EventMessageConfirm","confirm":"ce0f7b00-70e4-46d4-b7e1-a321ecd1e3f9","ts":"2026-09-28T13:32:20.076+02:00","source":{"id":"0","name":"eventBus"}}
{"__type":"$$EventMessageAudit","id":"66691dac-b4ac-4e10-996e-97cb98f5bbe2","ts":"2026-09-28T13:33:29.477+02:00","eventName":"n8n.audit.workflow.executed","message":"n8n.audit.workflow.executed","payload":{"workflowId":"ymC5phKqc8FJwDab","workflowName":"INQABA-01-PROJECT-INTAKE","executionId":"3","projectId":"PBlSUiAMQl3O96o8","projectName":"Andrew  Mthethwa <develomentorg11@gmail.com>","source":"webhook"}}
{"__type":"$$EventMessageConfirm","confirm":"66691dac-b4ac-4e10-996e-97cb98f5bbe2","ts":"2026-09-28T13:33:29.477+02:00","source":{"id":"0","name":"eventBus"}}
{"__type":"$$EventMessageWorkflow","id":"7bbba08c-a43a-4fd8-b421-922d57ff252e","ts":"2026-09-28T13:33:29.585+02:00","eventName":"n8n.workflow.started","message":"n8n.workflow.started","payload":{"executionId":"3","workflowId":"ymC5phKqc8FJwDab","isManual":false,"mode":"manual","workflowName":"INQABA-01-PROJECT-INTAKE","projectId":"PBlSUiAMQl3O96o8","projectName":"Andrew  Mthethwa <develomentorg11@gmail.com>"}}
{"__type":"$$EventMessageConfirm","confirm":"7bbba08c-a43a-4fd8-b421-922d57ff252e","ts":"2026-09-28T13:33:29.585+02:00","source":{"id":"0","name":"eventBus"}}
{"__type":"$$EventMessageNode","id":"96dae396-e90a-4042-8517-091c3b7a78f2","ts":"2026-09-28T13:33:29.593+02:00","eventName":"n8n.node.started","message":"n8n.node.started","payload":{"workflowId":"ymC5phKqc8FJwDab","workflowName":"INQABA-01-PROJECT-INTAKE","executionId":"3","nodeType":"n8n-nodes-base.webhook","nodeName":"Webhook","nodeId":"6cb3833f-d243-4df6-98d2-c6756a041de1"}}
{"__type":"$$EventMessageConfirm","confirm":"96dae396-e90a-4042-8517-091c3b7a78f2","ts":"2026-09-28T13:33:29.593+02:00","source":{"id":"0","name":"eventBus"}}
{"__type":"$$EventMessageNode","id":"b81f5cfe-1502-4643-9392-d15e9563e1e2","ts":"2026-09-28T13:33:29.594+02:00","eventName":"n8n.node.finished","message":"n8n.node.finished","payload":{"workflowId":"ymC5phKqc8FJwDab","workflowName":"INQABA-01-PROJECT-INTAKE","executionId":"3","nodeType":"n8n-nodes-base.webhook","nodeName":"Webhook","nodeId":"6cb3833f-d243-4df6-98d2-c6756a041de1"}}
{"__type":"$$EventMessageConfirm","confirm":"b81f5cfe-1502-4643-9392-d15e9563e1e2","ts":"2026-09-28T13:33:29.594+02:00","source":{"id":"0","name":"eventBus"}}
{"__type":"$$EventMessageNode","id":"e5041c36-cef3-4dc7-ae16-4383b1bb862b","ts":"2026-09-28T13:33:29.595+02:00","eventName":"n8n.node.started","message":"n8n.node.started","payload":{"workflowId":"ymC5phKqc8FJwDab","workflowName":"INQABA-01-PROJECT-INTAKE","executionId":"3","nodeType":"n8n-nodes-base.postgres","nodeName":"Execute a SQL query","nodeId":"134891aa-f3fb-4479-994a-5007860caca5"}}
{"__type":"$$EventMessageConfirm","confirm":"e5041c36-cef3-4dc7-ae16-4383b1bb862b","ts":"2026-09-28T13:33:29.595+02:00","source":{"id":"0","name":"eventBus"}}
{"__type":"$$EventMessageNode","id":"5d928579-30b8-4ffd-9d85-d64d90864e43","ts":"2026-09-28T13:33:29.616+02:00","eventName":"n8n.node.finished","message":"n8n.node.finished","payload":{"workflowId":"ymC5phKqc8FJwDab","workflowName":"INQABA-01-PROJECT-INTAKE","executionId":"3","nodeType":"n8n-nodes-base.postgres","nodeName":"Execute a SQL query","nodeId":"134891aa-f3fb-4479-994a-5007860caca5"}}
{"__type":"$$EventMessageConfirm","confirm":"5d928579-30b8-4ffd-9d85-d64d90864e43","ts":"2026-09-28T13:33:29.616+02:00","source":{"id":"0","name":"eventBus"}}
{"__type":"$$EventMessageWorkflow","id":"e76e574e-e8b5-4863-a587-5b69b0b47be2","ts":"2026-09-28T13:33:29.617+02:00","eventName":"n8n.workflow.success","message":"n8n.workflow.success","payload":{"userId":"378bb555-d142-4f98-8092-6db334bc679d","executionId":"3","success":true,"isManual":true,"mode":"manual","workflowId":"ymC5phKqc8FJwDab","workflowName":"INQABA-01-PROJECT-INTAKE","projectId":"PBlSUiAMQl3O96o8","projectName":"Andrew  Mthethwa <develomentorg11@gmail.com>"}}
{"__type":"$$EventMessageConfirm","confirm":"e76e574e-e8b5-4863-a587-5b69b0b47be2","ts":"2026-09-28T13:33:29.617+02:00","source":{"id":"0","name":"eventBus"}}
{"__type":"$$EventMessageAudit","id":"1c11ebf8-b887-42ed-98fb-652b92b179c1","ts":"2026-09-28T13:35:54.029+02:00","eventName":"n8n.audit.workflow.executed","message":"n8n.audit.workflow.executed","payload":{"workflowId":"ymC5phKqc8FJwDab","workflowName":"INQABA-01-PROJECT-INTAKE","executionId":"4","projectId":"PBlSUiAMQl3O96o8","projectName":"Andrew  Mthethwa <develomentorg11@gmail.com>","source":"webhook"}}
{"__type":"$$EventMessageConfirm","confirm":"1c11ebf8-b887-42ed-98fb-652b92b179c1","ts":"2026-09-28T13:35:54.029+02:00","source":{"id":"0","name":"eventBus"}}
{"__type":"$$EventMessageWorkflow","id":"692cd644-ff38-4478-ab99-5084aa789b34","ts":"2026-09-28T13:35:54.135+02:00","eventName":"n8n.workflow.started","message":"n8n.workflow.started","payload":{"executionId":"4","workflowId":"ymC5phKqc8FJwDab","isManual":false,"mode":"manual","workflowName":"INQABA-01-PROJECT-INTAKE","projectId":"PBlSUiAMQl3O96o8","projectName":"Andrew  Mthethwa <develomentorg11@gmail.com>"}}
{"__type":"$$EventMessageConfirm","confirm":"692cd644-ff38-4478-ab99-5084aa789b34","ts":"2026-09-28T13:35:54.135+02:00","source":{"id":"0","name":"eventBus"}}
{"__type":"$$EventMessageNode","id":"8681f684-5364-4cec-94e8-79eede80f654","ts":"2026-09-28T13:35:54.142+02:00","eventName":"n8n.node.started","message":"n8n.node.started","payload":{"workflowId":"ymC5phKqc8FJwDab","workflowName":"INQABA-01-PROJECT-INTAKE","executionId":"4","nodeType":"n8n-nodes-base.webhook","nodeName":"Webhook","nodeId":"6cb3833f-d243-4df6-98d2-c6756a041de1"}}
{"__type":"$$EventMessageConfirm","confirm":"8681f684-5364-4cec-94e8-79eede80f654","ts":"2026-09-28T13:35:54.142+02:00","source":{"id":"0","name":"eventBus"}}
{"__type":"$$EventMessageNode","id":"e5cb8e28-e203-4f44-8c71-c2416d21966e","ts":"2026-09-28T13:35:54.143+02:00","eventName":"n8n.node.finished","message":"n8n.node.finished","payload":{"workflowId":"ymC5phKqc8FJwDab","workflowName":"INQABA-01-PROJECT-INTAKE","executionId":"4","nodeType":"n8n-nodes-base.webhook","nodeName":"Webhook","nodeId":"6cb3833f-d243-4df6-98d2-c6756a041de1"}}
{"__type":"$$EventMessageConfirm","confirm":"e5cb8e28-e203-4f44-8c71-c2416d21966e","ts":"2026-09-28T13:35:54.143+02:00","source":{"id":"0","name":"eventBus"}}
{"__type":"$$EventMessageNode","id":"2c61d7a7-3b62-47c8-8d51-ffaa2f081b87","ts":"2026-09-28T13:35:54.143+02:00","eventName":"n8n.node.started","message":"n8n.node.started","payload":{"workflowId":"ymC5phKqc8FJwDab","workflowName":"INQABA-01-PROJECT-INTAKE","executionId":"4","nodeType":"n8n-nodes-base.postgres","nodeName":"Execute a SQL query","nodeId":"134891aa-f3fb-4479-994a-5007860caca5"}}
{"__type":"$$EventMessageConfirm","confirm":"2c61d7a7-3b62-47c8-8d51-ffaa2f081b87","ts":"2026-09-28T13:35:54.143+02:00","source":{"id":"0","name":"eventBus"}}
{"__type":"$$EventMessageNode","id":"08e23549-a619-4475-9774-41fefd6b4652","ts":"2026-09-28T13:35:54.171+02:00","eventName":"n8n.node.finished","message":"n8n.node.finished","payload":{"workflowId":"ymC5phKqc8FJwDab","workflowName":"INQABA-01-PROJECT-INTAKE","executionId":"4","nodeType":"n8n-nodes-base.postgres","nodeName":"Execute a SQL query","nodeId":"134891aa-f3fb-4479-994a-5007860caca5"}}
{"__type":"$$EventMessageConfirm","confirm":"08e23549-a619-4475-9774-41fefd6b4652","ts":"2026-09-28T13:35:54.171+02:00","source":{"id":"0","name":"eventBus"}}
{"__type":"$$EventMessageWorkflow","id":"a5b51e52-8c82-4804-9b8d-2e6dd5a5460c","ts":"2026-09-28T13:35:54.173+02:00","eventName":"n8n.workflow.success","message":"n8n.workflow.success","payload":{"userId":"378bb555-d142-4f98-8092-6db334bc679d","executionId":"4","success":true,"isManual":true,"mode":"manual","workflowId":"ymC5phKqc8FJwDab","workflowName":"INQABA-01-PROJECT-INTAKE","projectId":"PBlSUiAMQl3O96o8","projectName":"Andrew  Mthethwa <develomentorg11@gmail.com>"}}
{"__type":"$$EventMessageConfirm","confirm":"a5b51e52-8c82-4804-9b8d-2e6dd5a5460c","ts":"2026-09-28T13:35:54.173+02:00","source":{"id":"0","name":"eventBus"}}
{"__type":"$$EventMessageAudit","id":"02a2d9f3-f691-45e4-9249-b2b2fafbcee1","ts":"2026-09-28T13:39:48.162+02:00","eventName":"n8n.audit.workflow.updated","message":"n8n.audit.workflow.updated","payload":{"userId":"378bb555-d142-4f98-8092-6db334bc679d","_email":"develomentorg11@gmail.com","_firstName":"Andrew ","_lastName":"Mthethwa","globalRole":"global:owner","workflowId":"ymC5phKqc8FJwDab","workflowName":"INQABA-01-PROJECT-INTAKE"}}
{"__type":"$$EventMessageConfirm","confirm":"02a2d9f3-f691-45e4-9249-b2b2fafbcee1","ts":"2026-09-28T13:39:48.163+02:00","source":{"id":"0","name":"eventBus"}}
{"__type":"$$EventMessageAudit","id":"2738c98a-315e-4eb7-b570-1935890a5d96","ts":"2026-09-28T13:39:50.345+02:00","eventName":"n8n.audit.workflow.updated","message":"n8n.audit.workflow.updated","payload":{"userId":"378bb555-d142-4f98-8092-6db334bc679d","_email":"develomentorg11@gmail.com","_firstName":"Andrew ","_lastName":"Mthethwa","globalRole":"global:owner","workflowId":"ymC5phKqc8FJwDab","workflowName":"INQABA-01-PROJECT-INTAKE"}}
{"__type":"$$EventMessageConfirm","confirm":"2738c98a-315e-4eb7-b570-1935890a5d96","ts":"2026-09-28T13:39:50.345+02:00","source":{"id":"0","name":"eventBus"}}
{"__type":"$$EventMessageAudit","id":"c0c288d2-0d08-4185-8877-3ac583e75cf0","ts":"2026-09-28T13:40:40.901+02:00","eventName":"n8n.audit.workflow.executed","message":"n8n.audit.workflow.executed","payload":{"userId":"378bb555-d142-4f98-8092-6db334bc679d","_email":"develomentorg11@gmail.com","_firstName":"Andrew ","_lastName":"Mthethwa","globalRole":"global:owner","workflowId":"ymC5phKqc8FJwDab","workflowName":"INQABA-01-PROJECT-INTAKE","executionId":"5","projectId":"PBlSUiAMQl3O96o8","projectName":"Andrew  Mthethwa <develomentorg11@gmail.com>","source":"user-manual"}}
{"__type":"$$EventMessageConfirm","confirm":"c0c288d2-0d08-4185-8877-3ac583e75cf0","ts":"2026-09-28T13:40:40.901+02:00","source":{"id":"0","name":"eventBus"}}
{"__type":"$$EventMessageWorkflow","id":"4a7396a4-67db-49d7-853a-dbeb5921ddad","ts":"2026-09-28T13:40:40.910+02:00","eventName":"n8n.workflow.started","message":"n8n.workflow.started","payload":{"executionId":"5","workflowId":"ymC5phKqc8FJwDab","isManual":false,"mode":"manual","workflowName":"INQABA-01-PROJECT-INTAKE","projectId":"PBlSUiAMQl3O96o8","projectName":"Andrew  Mthethwa <develomentorg11@gmail.com>"}}
{"__type":"$$EventMessageConfirm","confirm":"4a7396a4-67db-49d7-853a-dbeb5921ddad","ts":"2026-09-28T13:40:40.910+02:00","source":{"id":"0","name":"eventBus"}}
{"__type":"$$EventMessageNode","id":"17769b7c-8922-41ef-952a-af05b2e4d93e","ts":"2026-09-28T13:40:40.925+02:00","eventName":"n8n.node.started","message":"n8n.node.started","payload":{"workflowId":"ymC5phKqc8FJwDab","workflowName":"INQABA-01-PROJECT-INTAKE","executionId":"5","nodeType":"n8n-nodes-base.postgres","nodeName":"Execute a SQL query","nodeId":"134891aa-f3fb-4479-994a-5007860caca5"}}
{"__type":"$$EventMessageConfirm","confirm":"17769b7c-8922-41ef-952a-af05b2e4d93e","ts":"2026-09-28T13:40:40.925+02:00","source":{"id":"0","name":"eventBus"}}
{"__type":"$$EventMessageNode","id":"8b34f1ed-9a69-4b2b-8b8b-6ee32231de40","ts":"2026-09-28T13:40:41.066+02:00","eventName":"n8n.node.finished","message":"n8n.node.finished","payload":{"workflowId":"ymC5phKqc8FJwDab","workflowName":"INQABA-01-PROJECT-INTAKE","executionId":"5","nodeType":"n8n-nodes-base.postgres","nodeName":"Execute a SQL query","nodeId":"134891aa-f3fb-4479-994a-5007860caca5"}}
{"__type":"$$EventMessageConfirm","confirm":"8b34f1ed-9a69-4b2b-8b8b-6ee32231de40","ts":"2026-09-28T13:40:41.066+02:00","source":{"id":"0","name":"eventBus"}}
{"__type":"$$EventMessageWorkflow","id":"bb0f516f-f084-492f-8ae1-dea0e1200be9","ts":"2026-09-28T13:40:41.069+02:00","eventName":"n8n.workflow.failed","message":"n8n.workflow.failed","payload":{"userId":"378bb555-d142-4f98-8092-6db334bc679d","executionId":"5","success":false,"isManual":true,"mode":"manual","workflowId":"ymC5phKqc8FJwDab","workflowName":"INQABA-01-PROJECT-INTAKE","projectId":"PBlSUiAMQl3O96o8","projectName":"Andrew  Mthethwa <develomentorg11@gmail.com>","lastNodeExecuted":"Execute a SQL query","errorNodeType":"n8n-nodes-base.postgres","errorMessage":"column \"undefined\" does not exist"}}
{"__type":"$$EventMessageConfirm","confirm":"bb0f516f-f084-492f-8ae1-dea0e1200be9","ts":"2026-09-28T13:40:41.069+02:00","source":{"id":"0","name":"eventBus"}}
{"__type":"$$EventMessageAudit","id":"11f44aae-a5e5-463b-b231-578f89fd8937","ts":"2026-09-28T13:41:25.433+02:00","eventName":"n8n.audit.workflow.executed","message":"n8n.audit.workflow.executed","payload":{"userId":"378bb555-d142-4f98-8092-6db334bc679d","_email":"develomentorg11@gmail.com","_firstName":"Andrew ","_lastName":"Mthethwa","globalRole":"global:owner","workflowId":"ymC5phKqc8FJwDab","workflowName":"INQABA-01-PROJECT-INTAKE","executionId":"6","projectId":"PBlSUiAMQl3O96o8","projectName":"Andrew  Mthethwa <develomentorg11@gmail.com>","source":"user-manual"}}
{"__type":"$$EventMessageConfirm","confirm":"11f44aae-a5e5-463b-b231-578f89fd8937","ts":"2026-09-28T13:41:25.433+02:00","source":{"id":"0","name":"eventBus"}}
{"__type":"$$EventMessageWorkflow","id":"9f2972ea-97c9-47d4-8917-e4f80559d913","ts":"2026-09-28T13:41:25.437+02:00","eventName":"n8n.workflow.started","message":"n8n.workflow.started","payload":{"executionId":"6","workflowId":"ymC5phKqc8FJwDab","isManual":false,"mode":"manual","workflowName":"INQABA-01-PROJECT-INTAKE","projectId":"PBlSUiAMQl3O96o8","projectName":"Andrew  Mthethwa <develomentorg11@gmail.com>"}}
{"__type":"$$EventMessageConfirm","confirm":"9f2972ea-97c9-47d4-8917-e4f80559d913","ts":"2026-09-28T13:41:25.437+02:00","source":{"id":"0","name":"eventBus"}}
{"__type":"$$EventMessageNode","id":"fb3bf5e3-4e1a-4ea4-ba71-3a2dab655ccd","ts":"2026-09-28T13:41:25.448+02:00","eventName":"n8n.node.started","message":"n8n.node.started","payload":{"workflowId":"ymC5phKqc8FJwDab","workflowName":"INQABA-01-PROJECT-INTAKE","executionId":"6","nodeType":"n8n-nodes-base.postgres","nodeName":"Execute a SQL query","nodeId":"134891aa-f3fb-4479-994a-5007860caca5"}}
{"__type":"$$EventMessageConfirm","confirm":"fb3bf5e3-4e1a-4ea4-ba71-3a2dab655ccd","ts":"2026-09-28T13:41:25.448+02:00","source":{"id":"0","name":"eventBus"}}
{"__type":"$$EventMessageNode","id":"4980ecd3-5a19-46fb-bc18-5c3ef0937878","ts":"2026-09-28T13:41:25.480+02:00","eventName":"n8n.node.finished","message":"n8n.node.finished","payload":{"workflowId":"ymC5phKqc8FJwDab","workflowName":"INQABA-01-PROJECT-INTAKE","executionId":"6","nodeType":"n8n-nodes-base.postgres","nodeName":"Execute a SQL query","nodeId":"134891aa-f3fb-4479-994a-5007860caca5"}}
{"__type":"$$EventMessageConfirm","confirm":"4980ecd3-5a19-46fb-bc18-5c3ef0937878","ts":"2026-09-28T13:41:25.480+02:00","source":{"id":"0","name":"eventBus"}}
{"__type":"$$EventMessageWorkflow","id":"2491877c-07c6-493b-9eb3-6394a03dfdab","ts":"2026-09-28T13:41:25.482+02:00","eventName":"n8n.workflow.failed","message":"n8n.workflow.failed","payload":{"userId":"378bb555-d142-4f98-8092-6db334bc679d","executionId":"6","success":false,"isManual":true,"mode":"manual","workflowId":"ymC5phKqc8FJwDab","workflowName":"INQABA-01-PROJECT-INTAKE","projectId":"PBlSUiAMQl3O96o8","projectName":"Andrew  Mthethwa <develomentorg11@gmail.com>","lastNodeExecuted":"Execute a SQL query","errorNodeType":"n8n-nodes-base.postgres","errorMessage":"column \"undefined\" does not exist"}}
{"__type":"$$EventMessageConfirm","confirm":"2491877c-07c6-493b-9eb3-6394a03dfdab","ts":"2026-09-28T13:41:25.482+02:00","source":{"id":"0","name":"eventBus"}}
{"__type":"$$EventMessageAudit","id":"ebae8844-5583-49db-b0d1-3ad713e0040d","ts":"2026-09-28T13:41:43.755+02:00","eventName":"n8n.audit.workflow.updated","message":"n8n.audit.workflow.updated","payload":{"userId":"378bb555-d142-4f98-8092-6db334bc679d","_email":"develomentorg11@gmail.com","_firstName":"Andrew ","_lastName":"Mthethwa","globalRole":"global:owner","workflowId":"ymC5phKqc8FJwDab","workflowName":"INQABA-01-PROJECT-INTAKE"}}
{"__type":"$$EventMessageConfirm","confirm":"ebae8844-5583-49db-b0d1-3ad713e0040d","ts":"2026-09-28T13:41:43.755+02:00","source":{"id":"0","name":"eventBus"}}
{"__type":"$$EventMessageAudit","id":"73215fbb-8013-40a6-9260-627a52834949","ts":"2026-09-28T13:42:28.221+02:00","eventName":"n8n.audit.workflow.updated","message":"n8n.audit.workflow.updated","payload":{"userId":"378bb555-d142-4f98-8092-6db334bc679d","_email":"develomentorg11@gmail.com","_firstName":"Andrew ","_lastName":"Mthethwa","globalRole":"global:owner","workflowId":"ymC5phKqc8FJwDab","workflowName":"INQABA-01-PROJECT-INTAKE"}}
{"__type":"$$EventMessageConfirm","confirm":"73215fbb-8013-40a6-9260-627a52834949","ts":"2026-09-28T13:42:28.221+02:00","source":{"id":"0","name":"eventBus"}}
{"__type":"$$EventMessageAudit","id":"7da40577-182c-4389-950f-9bd24d9c14ff","ts":"2026-09-28T13:42:34.182+02:00","eventName":"n8n.audit.workflow.updated","message":"n8n.audit.workflow.updated","payload":{"userId":"378bb555-d142-4f98-8092-6db334bc679d","_email":"develomentorg11@gmail.com","_firstName":"Andrew ","_lastName":"Mthethwa","globalRole":"global:owner","workflowId":"ymC5phKqc8FJwDab","workflowName":"INQABA-01-PROJECT-INTAKE"}}
{"__type":"$$EventMessageConfirm","confirm":"7da40577-182c-4389-950f-9bd24d9c14ff","ts":"2026-09-28T13:42:34.182+02:00","source":{"id":"0","name":"eventBus"}}
{"__type":"$$EventMessageAudit","id":"b292ce65-86e5-421a-81f3-de8693ee91e9","ts":"2026-09-28T13:42:38.140+02:00","eventName":"n8n.audit.workflow.updated","message":"n8n.audit.workflow.updated","payload":{"userId":"378bb555-d142-4f98-8092-6db334bc679d","_email":"develomentorg11@gmail.com","_firstName":"Andrew ","_lastName":"Mthethwa","globalRole":"global:owner","workflowId":"ymC5phKqc8FJwDab","workflowName":"INQABA-01-PROJECT-INTAKE"}}
{"__type":"$$EventMessageConfirm","confirm":"b292ce65-86e5-421a-81f3-de8693ee91e9","ts":"2026-09-28T13:42:38.140+02:00","source":{"id":"0","name":"eventBus"}}
{"__type":"$$EventMessageAudit","id":"9cc842e7-9bc7-4f78-a592-6e7cd5990266","ts":"2026-09-28T13:42:41.138+02:00","eventName":"n8n.audit.workflow.executed","message":"n8n.audit.workflow.executed","payload":{"userId":"378bb555-d142-4f98-8092-6db334bc679d","_email":"develomentorg11@gmail.com","_firstName":"Andrew ","_lastName":"Mthethwa","globalRole":"global:owner","workflowId":"ymC5phKqc8FJwDab","workflowName":"INQABA-01-PROJECT-INTAKE","executionId":"7","projectId":"PBlSUiAMQl3O96o8","projectName":"Andrew  Mthethwa <develomentorg11@gmail.com>","source":"user-manual"}}
{"__type":"$$EventMessageConfirm","confirm":"9cc842e7-9bc7-4f78-a592-6e7cd5990266","ts":"2026-09-28T13:42:41.138+02:00","source":{"id":"0","name":"eventBus"}}
{"__type":"$$EventMessageWorkflow","id":"e78d7626-d2a8-476d-8918-2a9d517ceba2","ts":"2026-09-28T13:42:41.143+02:00","eventName":"n8n.workflow.started","message":"n8n.workflow.started","payload":{"executionId":"7","workflowId":"ymC5phKqc8FJwDab","isManual":false,"mode":"manual","workflowName":"INQABA-01-PROJECT-INTAKE","projectId":"PBlSUiAMQl3O96o8","projectName":"Andrew  Mthethwa <develomentorg11@gmail.com>"}}
{"__type":"$$EventMessageConfirm","confirm":"e78d7626-d2a8-476d-8918-2a9d517ceba2","ts":"2026-09-28T13:42:41.144+02:00","source":{"id":"0","name":"eventBus"}}
{"__type":"$$EventMessageNode","id":"3fd64b58-dd3e-43c9-b9b2-3127b50f8298","ts":"2026-09-28T13:42:41.155+02:00","eventName":"n8n.node.started","message":"n8n.node.started","payload":{"workflowId":"ymC5phKqc8FJwDab","workflowName":"INQABA-01-PROJECT-INTAKE","executionId":"7","nodeType":"n8n-nodes-base.postgres","nodeName":"Execute a SQL query","nodeId":"134891aa-f3fb-4479-994a-5007860caca5"}}
{"__type":"$$EventMessageConfirm","confirm":"3fd64b58-dd3e-43c9-b9b2-3127b50f8298","ts":"2026-09-28T13:42:41.155+02:00","source":{"id":"0","name":"eventBus"}}
{"__type":"$$EventMessageNode","id":"0a0c487e-62f8-4467-9053-ccccf92912a6","ts":"2026-09-28T13:42:41.187+02:00","eventName":"n8n.node.finished","message":"n8n.node.finished","payload":{"workflowId":"ymC5phKqc8FJwDab","workflowName":"INQABA-01-PROJECT-INTAKE","executionId":"7","nodeType":"n8n-nodes-base.postgres","nodeName":"Execute a SQL query","nodeId":"134891aa-f3fb-4479-994a-5007860caca5"}}
{"__type":"$$EventMessageConfirm","confirm":"0a0c487e-62f8-4467-9053-ccccf92912a6","ts":"2026-09-28T13:42:41.187+02:00","source":{"id":"0","name":"eventBus"}}
{"__type":"$$EventMessageWorkflow","id":"d5624198-7eaf-4f3f-8dc6-979c15fd444d","ts":"2026-09-28T13:42:41.189+02:00","eventName":"n8n.workflow.failed","message":"n8n.workflow.failed","payload":{"userId":"378bb555-d142-4f98-8092-6db334bc679d","executionId":"7","success":false,"isManual":true,"mode":"manual","workflowId":"ymC5phKqc8FJwDab","workflowName":"INQABA-01-PROJECT-INTAKE","projectId":"PBlSUiAMQl3O96o8","projectName":"Andrew  Mthethwa <develomentorg11@gmail.com>","lastNodeExecuted":"Execute a SQL query","errorNodeType":"n8n-nodes-base.postgres","errorMessage":"column \"undefined\" does not exist"}}
{"__type":"$$EventMessageConfirm","confirm":"d5624198-7eaf-4f3f-8dc6-979c15fd444d","ts":"2026-09-28T13:42:41.189+02:00","source":{"id":"0","name":"eventBus"}}
{"__type":"$$EventMessageAudit","id":"25ea6d5e-6608-4744-9407-7fbf1b3db09f","ts":"2026-09-28T13:43:25.626+02:00","eventName":"n8n.audit.workflow.executed","message":"n8n.audit.workflow.executed","payload":{"userId":"378bb555-d142-4f98-8092-6db334bc679d","_email":"develomentorg11@gmail.com","_firstName":"Andrew ","_lastName":"Mthethwa","globalRole":"global:owner","workflowId":"ymC5phKqc8FJwDab","workflowName":"INQABA-01-PROJECT-INTAKE","executionId":"8","projectId":"PBlSUiAMQl3O96o8","projectName":"Andrew  Mthethwa <develomentorg11@gmail.com>","source":"user-manual"}}
{"__type":"$$EventMessageConfirm","confirm":"25ea6d5e-6608-4744-9407-7fbf1b3db09f","ts":"2026-09-28T13:43:25.626+02:00","source":{"id":"0","name":"eventBus"}}
{"__type":"$$EventMessageWorkflow","id":"fa2cc6e0-d23c-4517-a3a3-3ee4b1df3a56","ts":"2026-09-28T13:43:25.634+02:00","eventName":"n8n.workflow.started","message":"n8n.workflow.started","payload":{"executionId":"8","workflowId":"ymC5phKqc8FJwDab","isManual":false,"mode":"manual","workflowName":"INQABA-01-PROJECT-INTAKE","projectId":"PBlSUiAMQl3O96o8","projectName":"Andrew  Mthethwa <develomentorg11@gmail.com>"}}
{"__type":"$$EventMessageConfirm","confirm":"fa2cc6e0-d23c-4517-a3a3-3ee4b1df3a56","ts":"2026-09-28T13:43:25.634+02:00","source":{"id":"0","name":"eventBus"}}
{"__type":"$$EventMessageNode","id":"bbde6494-a539-44d1-b3f1-000019479522","ts":"2026-09-28T13:43:25.666+02:00","eventName":"n8n.node.started","message":"n8n.node.started","payload":{"workflowId":"ymC5phKqc8FJwDab","workflowName":"INQABA-01-PROJECT-INTAKE","executionId":"8","nodeType":"n8n-nodes-base.postgres","nodeName":"Execute a SQL query","nodeId":"134891aa-f3fb-4479-994a-5007860caca5"}}
{"__type":"$$EventMessageConfirm","confirm":"bbde6494-a539-44d1-b3f1-000019479522","ts":"2026-09-28T13:43:25.666+02:00","source":{"id":"0","name":"eventBus"}}
{"__type":"$$EventMessageNode","id":"89ac9906-920b-4db3-95c8-5dfc4c8ba49e","ts":"2026-09-28T13:43:25.738+02:00","eventName":"n8n.node.finished","message":"n8n.node.finished","payload":{"workflowId":"ymC5phKqc8FJwDab","workflowName":"INQABA-01-PROJECT-INTAKE","executionId":"8","nodeType":"n8n-nodes-base.postgres","nodeName":"Execute a SQL query","nodeId":"134891aa-f3fb-4479-994a-5007860caca5"}}
{"__type":"$$EventMessageConfirm","confirm":"89ac9906-920b-4db3-95c8-5dfc4c8ba49e","ts":"2026-09-28T13:43:25.738+02:00","source":{"id":"0","name":"eventBus"}}
{"__type":"$$EventMessageWorkflow","id":"44e7dccb-defa-482f-9a73-0202ad3681dc","ts":"2026-09-28T13:43:25.743+02:00","eventName":"n8n.workflow.failed","message":"n8n.workflow.failed","payload":{"userId":"378bb555-d142-4f98-8092-6db334bc679d","executionId":"8","success":false,"isManual":true,"mode":"manual","workflowId":"ymC5phKqc8FJwDab","workflowName":"INQABA-01-PROJECT-INTAKE","projectId":"PBlSUiAMQl3O96o8","projectName":"Andrew  Mthethwa <develomentorg11@gmail.com>","lastNodeExecuted":"Execute a SQL query","errorNodeType":"n8n-nodes-base.postgres","errorMessage":"column \"undefined\" does not exist"}}
{"__type":"$$EventMessageConfirm","confirm":"44e7dccb-defa-482f-9a73-0202ad3681dc","ts":"2026-09-28T13:43:25.743+02:00","source":{"id":"0","name":"eventBus"}}
{"__type":"$$EventMessageAudit","id":"fca44abf-71e2-497c-ad4d-5019d476ab5b","ts":"2026-09-28T13:47:41.536+02:00","eventName":"n8n.audit.workflow.updated","message":"n8n.audit.workflow.updated","payload":{"userId":"378bb555-d142-4f98-8092-6db334bc679d","_email":"develomentorg11@gmail.com","_firstName":"Andrew ","_lastName":"Mthethwa","globalRole":"global:owner","workflowId":"ymC5phKqc8FJwDab","workflowName":"INQABA-01-PROJECT-INTAKE"}}
{"__type":"$$EventMessageConfirm","confirm":"fca44abf-71e2-497c-ad4d-5019d476ab5b","ts":"2026-09-28T13:47:41.537+02:00","source":{"id":"0","name":"eventBus"}}
{"__type":"$$EventMessageAudit","id":"7252ce51-4919-4ea3-af90-3da8c89da176","ts":"2026-09-28T13:48:28.928+02:00","eventName":"n8n.audit.workflow.updated","message":"n8n.audit.workflow.updated","payload":{"userId":"378bb555-d142-4f98-8092-6db334bc679d","_email":"develomentorg11@gmail.com","_firstName":"Andrew ","_lastName":"Mthethwa","globalRole":"global:owner","workflowId":"ymC5phKqc8FJwDab","workflowName":"INQABA-01-PROJECT-INTAKE"}}
{"__type":"$$EventMessageConfirm","confirm":"7252ce51-4919-4ea3-af90-3da8c89da176","ts":"2026-09-28T13:48:28.928+02:00","source":{"id":"0","name":"eventBus"}}
{"__type":"$$EventMessageAudit","id":"050a2827-952c-412a-92b5-068d279efb69","ts":"2026-09-28T13:48:28.973+02:00","eventName":"n8n.audit.workflow.updated","message":"n8n.audit.workflow.updated","payload":{"userId":"378bb555-d142-4f98-8092-6db334bc679d","_email":"develomentorg11@gmail.com","_firstName":"Andrew ","_lastName":"Mthethwa","globalRole":"global:owner","workflowId":"ymC5phKqc8FJwDab","workflowName":"INQABA-01-PROJECT-INTAKE"}}
{"__type":"$$EventMessageConfirm","confirm":"050a2827-952c-412a-92b5-068d279efb69","ts":"2026-09-28T13:48:28.973+02:00","source":{"id":"0","name":"eventBus"}}
{"__type":"$$EventMessageAudit","id":"d3af947e-3661-4dc2-b1ed-1ca71fab754c","ts":"2026-09-28T13:48:56.011+02:00","eventName":"n8n.audit.workflow.executed","message":"n8n.audit.workflow.executed","payload":{"workflowId":"ymC5phKqc8FJwDab","workflowName":"INQABA-01-PROJECT-INTAKE","executionId":"9","projectId":"PBlSUiAMQl3O96o8","projectName":"Andrew  Mthethwa <develomentorg11@gmail.com>","source":"webhook"}}
{"__type":"$$EventMessageConfirm","confirm":"d3af947e-3661-4dc2-b1ed-1ca71fab754c","ts":"2026-09-28T13:48:56.011+02:00","source":{"id":"0","name":"eventBus"}}
{"__type":"$$EventMessageWorkflow","id":"b7cfa6c5-1dcc-44e9-87b0-2fbb582127c4","ts":"2026-09-28T13:48:56.130+02:00","eventName":"n8n.workflow.started","message":"n8n.workflow.started","payload":{"executionId":"9","workflowId":"ymC5phKqc8FJwDab","isManual":false,"mode":"manual","workflowName":"INQABA-01-PROJECT-INTAKE","projectId":"PBlSUiAMQl3O96o8","projectName":"Andrew  Mthethwa <develomentorg11@gmail.com>"}}
{"__type":"$$EventMessageConfirm","confirm":"b7cfa6c5-1dcc-44e9-87b0-2fbb582127c4","ts":"2026-09-28T13:48:56.131+02:00","source":{"id":"0","name":"eventBus"}}
{"__type":"$$EventMessageNode","id":"ebd7e440-ee46-47aa-94cd-2ff7e97cfe76","ts":"2026-09-28T13:48:56.141+02:00","eventName":"n8n.node.started","message":"n8n.node.started","payload":{"workflowId":"ymC5phKqc8FJwDab","workflowName":"INQABA-01-PROJECT-INTAKE","executionId":"9","nodeType":"n8n-nodes-base.webhook","nodeName":"Webhook","nodeId":"6cb3833f-d243-4df6-98d2-c6756a041de1"}}
{"__type":"$$EventMessageConfirm","confirm":"ebd7e440-ee46-47aa-94cd-2ff7e97cfe76","ts":"2026-09-28T13:48:56.141+02:00","source":{"id":"0","name":"eventBus"}}
{"__type":"$$EventMessageNode","id":"3de18b34-a4df-4954-b0bb-904668bfa85e","ts":"2026-09-28T13:48:56.142+02:00","eventName":"n8n.node.finished","message":"n8n.node.finished","payload":{"workflowId":"ymC5phKqc8FJwDab","workflowName":"INQABA-01-PROJECT-INTAKE","executionId":"9","nodeType":"n8n-nodes-base.webhook","nodeName":"Webhook","nodeId":"6cb3833f-d243-4df6-98d2-c6756a041de1"}}
{"__type":"$$EventMessageConfirm","confirm":"3de18b34-a4df-4954-b0bb-904668bfa85e","ts":"2026-09-28T13:48:56.142+02:00","source":{"id":"0","name":"eventBus"}}
{"__type":"$$EventMessageNode","id":"9e470bf9-9ecd-4ce5-ba84-ec046b65fef3","ts":"2026-09-28T13:48:56.142+02:00","eventName":"n8n.node.started","message":"n8n.node.started","payload":{"workflowId":"ymC5phKqc8FJwDab","workflowName":"INQABA-01-PROJECT-INTAKE","executionId":"9","nodeType":"n8n-nodes-base.postgres","nodeName":"Execute a SQL query","nodeId":"134891aa-f3fb-4479-994a-5007860caca5"}}
{"__type":"$$EventMessageConfirm","confirm":"9e470bf9-9ecd-4ce5-ba84-ec046b65fef3","ts":"2026-09-28T13:48:56.143+02:00","source":{"id":"0","name":"eventBus"}}
{"__type":"$$EventMessageNode","id":"283ad537-1f1e-4745-a105-c05e81e01945","ts":"2026-09-28T13:48:56.173+02:00","eventName":"n8n.node.finished","message":"n8n.node.finished","payload":{"workflowId":"ymC5phKqc8FJwDab","workflowName":"INQABA-01-PROJECT-INTAKE","executionId":"9","nodeType":"n8n-nodes-base.postgres","nodeName":"Execute a SQL query","nodeId":"134891aa-f3fb-4479-994a-5007860caca5"}}
{"__type":"$$EventMessageConfirm","confirm":"283ad537-1f1e-4745-a105-c05e81e01945","ts":"2026-09-28T13:48:56.173+02:00","source":{"id":"0","name":"eventBus"}}
{"__type":"$$EventMessageWorkflow","id":"c822a48f-a4b7-4a18-9687-e37e0066d955","ts":"2026-09-28T13:48:56.175+02:00","eventName":"n8n.workflow.failed","message":"n8n.workflow.failed","payload":{"userId":"378bb555-d142-4f98-8092-6db334bc679d","executionId":"9","success":false,"isManual":true,"mode":"manual","workflowId":"ymC5phKqc8FJwDab","workflowName":"INQABA-01-PROJECT-INTAKE","projectId":"PBlSUiAMQl3O96o8","projectName":"Andrew  Mthethwa <develomentorg11@gmail.com>","lastNodeExecuted":"Execute a SQL query","errorNodeType":"n8n-nodes-base.postgres","errorMessage":"column \"undefined\" does not exist"}}
{"__type":"$$EventMessageConfirm","confirm":"c822a48f-a4b7-4a18-9687-e37e0066d955","ts":"2026-09-28T13:48:56.175+02:00","source":{"id":"0","name":"eventBus"}}
{"__type":"$$EventMessageAudit","id":"fcab3b99-66be-4978-a188-e3f71771bbd1","ts":"2026-09-28T13:49:57.436+02:00","eventName":"n8n.audit.workflow.updated","message":"n8n.audit.workflow.updated","payload":{"userId":"378bb555-d142-4f98-8092-6db334bc679d","_email":"develomentorg11@gmail.com","_firstName":"Andrew ","_lastName":"Mthethwa","globalRole":"global:owner","workflowId":"ymC5phKqc8FJwDab","workflowName":"INQABA-01-PROJECT-INTAKE"}}
{"__type":"$$EventMessageConfirm","confirm":"fcab3b99-66be-4978-a188-e3f71771bbd1","ts":"2026-09-28T13:49:57.436+02:00","source":{"id":"0","name":"eventBus"}}
{"__type":"$$EventMessageAudit","id":"4c7ef936-0990-4e97-91ab-bd5aba27fe75","ts":"2026-09-28T13:50:01.192+02:00","eventName":"n8n.audit.workflow.updated","message":"n8n.audit.workflow.updated","payload":{"userId":"378bb555-d142-4f98-8092-6db334bc679d","_email":"develomentorg11@gmail.com","_firstName":"Andrew ","_lastName":"Mthethwa","globalRole":"global:owner","workflowId":"ymC5phKqc8FJwDab","workflowName":"INQABA-01-PROJECT-INTAKE"}}
{"__type":"$$EventMessageConfirm","confirm":"4c7ef936-0990-4e97-91ab-bd5aba27fe75","ts":"2026-09-28T13:50:01.193+02:00","source":{"id":"0","name":"eventBus"}}
{"__type":"$$EventMessageAudit","id":"eb82d783-3296-4ce5-aa09-a1ef7212f57c","ts":"2026-09-28T13:50:20.271+02:00","eventName":"n8n.audit.workflow.updated","message":"n8n.audit.workflow.updated","payload":{"userId":"378bb555-d142-4f98-8092-6db334bc679d","_email":"develomentorg11@gmail.com","_firstName":"Andrew ","_lastName":"Mthethwa","globalRole":"global:owner","workflowId":"ymC5phKqc8FJwDab","workflowName":"INQABA-01-PROJECT-INTAKE"}}
{"__type":"$$EventMessageConfirm","confirm":"eb82d783-3296-4ce5-aa09-a1ef7212f57c","ts":"2026-09-28T13:50:20.271+02:00","source":{"id":"0","name":"eventBus"}}
{"__type":"$$EventMessageAudit","id":"e8955ea4-2727-4776-a180-75ff5bb75005","ts":"2026-09-28T13:50:20.341+02:00","eventName":"n8n.audit.workflow.executed","message":"n8n.audit.workflow.executed","payload":{"userId":"378bb555-d142-4f98-8092-6db334bc679d","_email":"develomentorg11@gmail.com","_firstName":"Andrew ","_lastName":"Mthethwa","globalRole":"global:owner","workflowId":"ymC5phKqc8FJwDab","workflowName":"INQABA-01-PROJECT-INTAKE","executionId":"10","projectId":"PBlSUiAMQl3O96o8","projectName":"Andrew  Mthethwa <develomentorg11@gmail.com>","source":"user-manual"}}
{"__type":"$$EventMessageConfirm","confirm":"e8955ea4-2727-4776-a180-75ff5bb75005","ts":"2026-09-28T13:50:20.341+02:00","source":{"id":"0","name":"eventBus"}}
{"__type":"$$EventMessageWorkflow","id":"7ec26c2b-4b27-408f-a0d9-d4d8305aed22","ts":"2026-09-28T13:50:20.347+02:00","eventName":"n8n.workflow.started","message":"n8n.workflow.started","payload":{"executionId":"10","workflowId":"ymC5phKqc8FJwDab","isManual":false,"mode":"manual","workflowName":"INQABA-01-PROJECT-INTAKE","projectId":"PBlSUiAMQl3O96o8","projectName":"Andrew  Mthethwa <develomentorg11@gmail.com>"}}
{"__type":"$$EventMessageConfirm","confirm":"7ec26c2b-4b27-408f-a0d9-d4d8305aed22","ts":"2026-09-28T13:50:20.347+02:00","source":{"id":"0","name":"eventBus"}}
{"__type":"$$EventMessageNode","id":"86b137eb-bc97-4df9-a08c-b4740a7d7de5","ts":"2026-09-28T13:50:20.364+02:00","eventName":"n8n.node.started","message":"n8n.node.started","payload":{"workflowId":"ymC5phKqc8FJwDab","workflowName":"INQABA-01-PROJECT-INTAKE","executionId":"10","nodeType":"n8n-nodes-base.postgres","nodeName":"Execute a SQL query","nodeId":"134891aa-f3fb-4479-994a-5007860caca5"}}
{"__type":"$$EventMessageConfirm","confirm":"86b137eb-bc97-4df9-a08c-b4740a7d7de5","ts":"2026-09-28T13:50:20.364+02:00","source":{"id":"0","name":"eventBus"}}
{"__type":"$$EventMessageNode","id":"1ff38262-08a1-44cc-8e26-6a50c254cf32","ts":"2026-09-28T13:50:20.399+02:00","eventName":"n8n.node.finished","message":"n8n.node.finished","payload":{"workflowId":"ymC5phKqc8FJwDab","workflowName":"INQABA-01-PROJECT-INTAKE","executionId":"10","nodeType":"n8n-nodes-base.postgres","nodeName":"Execute a SQL query","nodeId":"134891aa-f3fb-4479-994a-5007860caca5"}}
{"__type":"$$EventMessageConfirm","confirm":"1ff38262-08a1-44cc-8e26-6a50c254cf32","ts":"2026-09-28T13:50:20.399+02:00","source":{"id":"0","name":"eventBus"}}
{"__type":"$$EventMessageWorkflow","id":"d49194af-97d8-41de-8696-b9888ae3747d","ts":"2026-09-28T13:50:20.402+02:00","eventName":"n8n.workflow.failed","message":"n8n.workflow.failed","payload":{"userId":"378bb555-d142-4f98-8092-6db334bc679d","executionId":"10","success":false,"isManual":true,"mode":"manual","workflowId":"ymC5phKqc8FJwDab","workflowName":"INQABA-01-PROJECT-INTAKE","projectId":"PBlSUiAMQl3O96o8","projectName":"Andrew  Mthethwa <develomentorg11@gmail.com>","lastNodeExecuted":"Execute a SQL query","errorNodeType":"n8n-nodes-base.postgres","errorMessage":"column \"undefined\" does not exist"}}
{"__type":"$$EventMessageConfirm","confirm":"d49194af-97d8-41de-8696-b9888ae3747d","ts":"2026-09-28T13:50:20.402+02:00","source":{"id":"0","name":"eventBus"}}
{"__type":"$$EventMessageAudit","id":"221b88ac-dce0-4e3a-9d37-38600c481543","ts":"2026-09-28T13:51:33.711+02:00","eventName":"n8n.audit.workflow.executed","message":"n8n.audit.workflow.executed","payload":{"workflowId":"ymC5phKqc8FJwDab","workflowName":"INQABA-01-PROJECT-INTAKE","executionId":"11","projectId":"PBlSUiAMQl3O96o8","projectName":"Andrew  Mthethwa <develomentorg11@gmail.com>","source":"webhook"}}
{"__type":"$$EventMessageConfirm","confirm":"221b88ac-dce0-4e3a-9d37-38600c481543","ts":"2026-09-28T13:51:33.712+02:00","source":{"id":"0","name":"eventBus"}}
{"__type":"$$EventMessageWorkflow","id":"ec412f5d-8562-4ecd-95e3-511769a8161b","ts":"2026-09-28T13:51:33.846+02:00","eventName":"n8n.workflow.started","message":"n8n.workflow.started","payload":{"executionId":"11","workflowId":"ymC5phKqc8FJwDab","isManual":false,"mode":"manual","workflowName":"INQABA-01-PROJECT-INTAKE","projectId":"PBlSUiAMQl3O96o8","projectName":"Andrew  Mthethwa <develomentorg11@gmail.com>"}}
{"__type":"$$EventMessageConfirm","confirm":"ec412f5d-8562-4ecd-95e3-511769a8161b","ts":"2026-09-28T13:51:33.846+02:00","source":{"id":"0","name":"eventBus"}}
{"__type":"$$EventMessageNode","id":"ce16ac9a-7596-46ab-a79c-d1de5a84d068","ts":"2026-09-28T13:51:33.854+02:00","eventName":"n8n.node.started","message":"n8n.node.started","payload":{"workflowId":"ymC5phKqc8FJwDab","workflowName":"INQABA-01-PROJECT-INTAKE","executionId":"11","nodeType":"n8n-nodes-base.webhook","nodeName":"Webhook","nodeId":"6cb3833f-d243-4df6-98d2-c6756a041de1"}}
{"__type":"$$EventMessageConfirm","confirm":"ce16ac9a-7596-46ab-a79c-d1de5a84d068","ts":"2026-09-28T13:51:33.854+02:00","source":{"id":"0","name":"eventBus"}}
{"__type":"$$EventMessageNode","id":"a0401f7d-e2f0-46fb-ae3a-93de8ca4735d","ts":"2026-09-28T13:51:33.855+02:00","eventName":"n8n.node.finished","message":"n8n.node.finished","payload":{"workflowId":"ymC5phKqc8FJwDab","workflowName":"INQABA-01-PROJECT-INTAKE","executionId":"11","nodeType":"n8n-nodes-base.webhook","nodeName":"Webhook","nodeId":"6cb3833f-d243-4df6-98d2-c6756a041de1"}}
{"__type":"$$EventMessageConfirm","confirm":"a0401f7d-e2f0-46fb-ae3a-93de8ca4735d","ts":"2026-09-28T13:51:33.855+02:00","source":{"id":"0","name":"eventBus"}}
{"__type":"$$EventMessageWorkflow","id":"318e8a79-7713-4c8d-b973-a264327f5e3c","ts":"2026-09-28T13:51:33.856+02:00","eventName":"n8n.workflow.success","message":"n8n.workflow.success","payload":{"userId":"378bb555-d142-4f98-8092-6db334bc679d","executionId":"11","success":true,"isManual":true,"mode":"manual","workflowId":"ymC5phKqc8FJwDab","workflowName":"INQABA-01-PROJECT-INTAKE","projectId":"PBlSUiAMQl3O96o8","projectName":"Andrew  Mthethwa <develomentorg11@gmail.com>"}}
{"__type":"$$EventMessageConfirm","confirm":"318e8a79-7713-4c8d-b973-a264327f5e3c","ts":"2026-09-28T13:51:33.856+02:00","source":{"id":"0","name":"eventBus"}}
{"__type":"$$EventMessageAudit","id":"96909a6f-132c-4d21-b5a8-4c9bd93d5d90","ts":"2026-09-28T13:52:26.435+02:00","eventName":"n8n.audit.workflow.updated","message":"n8n.audit.workflow.updated","payload":{"userId":"378bb555-d142-4f98-8092-6db334bc679d","_email":"develomentorg11@gmail.com","_firstName":"Andrew ","_lastName":"Mthethwa","globalRole":"global:owner","workflowId":"ymC5phKqc8FJwDab","workflowName":"INQABA-01-PROJECT-INTAKE"}}
{"__type":"$$EventMessageConfirm","confirm":"96909a6f-132c-4d21-b5a8-4c9bd93d5d90","ts":"2026-09-28T13:52:26.436+02:00","source":{"id":"0","name":"eventBus"}}
{"__type":"$$EventMessageAudit","id":"7a689f64-c812-4e61-8497-174703b69e85","ts":"2026-09-28T13:52:31.509+02:00","eventName":"n8n.audit.workflow.updated","message":"n8n.audit.workflow.updated","payload":{"userId":"378bb555-d142-4f98-8092-6db334bc679d","_email":"develomentorg11@gmail.com","_firstName":"Andrew ","_lastName":"Mthethwa","globalRole":"global:owner","workflowId":"ymC5phKqc8FJwDab","workflowName":"INQABA-01-PROJECT-INTAKE"}}
{"__type":"$$EventMessageConfirm","confirm":"7a689f64-c812-4e61-8497-174703b69e85","ts":"2026-09-28T13:52:31.509+02:00","source":{"id":"0","name":"eventBus"}}
{"__type":"$$EventMessageAudit","id":"6641cdcb-a066-4ab0-9cfa-c6c8fd298a6d","ts":"2026-09-28T14:01:04.575+02:00","eventName":"n8n.audit.workflow.updated","message":"n8n.audit.workflow.updated","payload":{"userId":"378bb555-d142-4f98-8092-6db334bc679d","_email":"develomentorg11@gmail.com","_firstName":"Andrew ","_lastName":"Mthethwa","globalRole":"global:owner","workflowId":"ymC5phKqc8FJwDab","workflowName":"INQABA-01-PROJECT-INTAKE"}}
{"__type":"$$EventMessageConfirm","confirm":"6641cdcb-a066-4ab0-9cfa-c6c8fd298a6d","ts":"2026-09-28T14:01:04.576+02:00","source":{"id":"0","name":"eventBus"}}
{"__type":"$$EventMessageAudit","id":"754b0fe7-3815-434b-8179-f282f8fba937","ts":"2026-09-28T14:01:40.539+02:00","eventName":"n8n.audit.workflow.updated","message":"n8n.audit.workflow.updated","payload":{"userId":"378bb555-d142-4f98-8092-6db334bc679d","_email":"develomentorg11@gmail.com","_firstName":"Andrew ","_lastName":"Mthethwa","globalRole":"global:owner","workflowId":"ymC5phKqc8FJwDab","workflowName":"INQABA-01-PROJECT-INTAKE"}}
{"__type":"$$EventMessageConfirm","confirm":"754b0fe7-3815-434b-8179-f282f8fba937","ts":"2026-09-28T14:01:40.539+02:00","source":{"id":"0","name":"eventBus"}}
{"__type":"$$EventMessageAudit","id":"d9c61dfd-b56e-419a-aba9-3d33e44e5bcd","ts":"2026-09-28T14:04:16.408+02:00","eventName":"n8n.audit.workflow.updated","message":"n8n.audit.workflow.updated","payload":{"userId":"378bb555-d142-4f98-8092-6db334bc679d","_email":"develomentorg11@gmail.com","_firstName":"Andrew ","_lastName":"Mthethwa","globalRole":"global:owner","workflowId":"ymC5phKqc8FJwDab","workflowName":"INQABA-01-PROJECT-INTAKE"}}
{"__type":"$$EventMessageConfirm","confirm":"d9c61dfd-b56e-419a-aba9-3d33e44e5bcd","ts":"2026-09-28T14:04:16.408+02:00","source":{"id":"0","name":"eventBus"}}
{"__type":"$$EventMessageAudit","id":"6cc70179-037a-4a92-b182-14add5ae6f8c","ts":"2026-09-28T14:05:44.692+02:00","eventName":"n8n.audit.workflow.executed","message":"n8n.audit.workflow.executed","payload":{"workflowId":"ymC5phKqc8FJwDab","workflowName":"INQABA-01-PROJECT-INTAKE","executionId":"12","projectId":"PBlSUiAMQl3O96o8","projectName":"Andrew  Mthethwa <develomentorg11@gmail.com>","source":"webhook"}}
{"__type":"$$EventMessageConfirm","confirm":"6cc70179-037a-4a92-b182-14add5ae6f8c","ts":"2026-09-28T14:05:44.692+02:00","source":{"id":"0","name":"eventBus"}}
{"__type":"$$EventMessageWorkflow","id":"227baa4b-4bb8-498d-8a1f-cb17bcb44af4","ts":"2026-09-28T14:05:44.796+02:00","eventName":"n8n.workflow.started","message":"n8n.workflow.started","payload":{"executionId":"12","workflowId":"ymC5phKqc8FJwDab","isManual":false,"mode":"manual","workflowName":"INQABA-01-PROJECT-INTAKE","projectId":"PBlSUiAMQl3O96o8","projectName":"Andrew  Mthethwa <develomentorg11@gmail.com>"}}
{"__type":"$$EventMessageConfirm","confirm":"227baa4b-4bb8-498d-8a1f-cb17bcb44af4","ts":"2026-09-28T14:05:44.796+02:00","source":{"id":"0","name":"eventBus"}}
{"__type":"$$EventMessageNode","id":"69fbbcc1-47d9-4bd5-968c-65f2f0521fce","ts":"2026-09-28T14:05:44.805+02:00","eventName":"n8n.node.started","message":"n8n.node.started","payload":{"workflowId":"ymC5phKqc8FJwDab","workflowName":"INQABA-01-PROJECT-INTAKE","executionId":"12","nodeType":"n8n-nodes-base.webhook","nodeName":"Webhook","nodeId":"6cb3833f-d243-4df6-98d2-c6756a041de1"}}
{"__type":"$$EventMessageConfirm","confirm":"69fbbcc1-47d9-4bd5-968c-65f2f0521fce","ts":"2026-09-28T14:05:44.805+02:00","source":{"id":"0","name":"eventBus"}}
{"__type":"$$EventMessageNode","id":"3e4829f6-c4e5-4232-9ec3-649ad39dddf4","ts":"2026-09-28T14:05:44.805+02:00","eventName":"n8n.node.finished","message":"n8n.node.finished","payload":{"workflowId":"ymC5phKqc8FJwDab","workflowName":"INQABA-01-PROJECT-INTAKE","executionId":"12","nodeType":"n8n-nodes-base.webhook","nodeName":"Webhook","nodeId":"6cb3833f-d243-4df6-98d2-c6756a041de1"}}
{"__type":"$$EventMessageConfirm","confirm":"3e4829f6-c4e5-4232-9ec3-649ad39dddf4","ts":"2026-09-28T14:05:44.805+02:00","source":{"id":"0","name":"eventBus"}}
{"__type":"$$EventMessageNode","id":"594f6410-a01e-4e49-a6f3-43103e650aa5","ts":"2026-09-28T14:05:44.806+02:00","eventName":"n8n.node.started","message":"n8n.node.started","payload":{"workflowId":"ymC5phKqc8FJwDab","workflowName":"INQABA-01-PROJECT-INTAKE","executionId":"12","nodeType":"n8n-nodes-base.postgres","nodeName":"Execute a SQL query","nodeId":"ec798e50-c6c8-4969-a380-4c9ca929b1a7"}}
{"__type":"$$EventMessageConfirm","confirm":"594f6410-a01e-4e49-a6f3-43103e650aa5","ts":"2026-09-28T14:05:44.806+02:00","source":{"id":"0","name":"eventBus"}}
{"__type":"$$EventMessageNode","id":"6150b002-11f6-4102-875d-5be0cda1397f","ts":"2026-09-28T14:05:44.831+02:00","eventName":"n8n.node.finished","message":"n8n.node.finished","payload":{"workflowId":"ymC5phKqc8FJwDab","workflowName":"INQABA-01-PROJECT-INTAKE","executionId":"12","nodeType":"n8n-nodes-base.postgres","nodeName":"Execute a SQL query","nodeId":"ec798e50-c6c8-4969-a380-4c9ca929b1a7"}}
{"__type":"$$EventMessageConfirm","confirm":"6150b002-11f6-4102-875d-5be0cda1397f","ts":"2026-09-28T14:05:44.831+02:00","source":{"id":"0","name":"eventBus"}}
{"__type":"$$EventMessageWorkflow","id":"8e9c9fd7-4d48-4168-8556-800f50077710","ts":"2026-09-28T14:05:44.833+02:00","eventName":"n8n.workflow.failed","message":"n8n.workflow.failed","payload":{"userId":"378bb555-d142-4f98-8092-6db334bc679d","executionId":"12","success":false,"isManual":true,"mode":"manual","workflowId":"ymC5phKqc8FJwDab","workflowName":"INQABA-01-PROJECT-INTAKE","projectId":"PBlSUiAMQl3O96o8","projectName":"Andrew  Mthethwa <develomentorg11@gmail.com>","lastNodeExecuted":"Execute a SQL query","errorNodeType":"n8n-nodes-base.postgres","errorMessage":"column \"undefined\" does not exist"}}
{"__type":"$$EventMessageConfirm","confirm":"8e9c9fd7-4d48-4168-8556-800f50077710","ts":"2026-09-28T14:05:44.833+02:00","source":{"id":"0","name":"eventBus"}}
{"__type":"$$EventMessageAudit","id":"7078e8ed-90bf-4bfd-a959-f1fcbe9c9e94","ts":"2026-09-28T14:06:50.744+02:00","eventName":"n8n.audit.workflow.executed","message":"n8n.audit.workflow.executed","payload":{"userId":"378bb555-d142-4f98-8092-6db334bc679d","_email":"develomentorg11@gmail.com","_firstName":"Andrew ","_lastName":"Mthethwa","globalRole":"global:owner","workflowId":"ymC5phKqc8FJwDab","workflowName":"INQABA-01-PROJECT-INTAKE","executionId":"13","projectId":"PBlSUiAMQl3O96o8","projectName":"Andrew  Mthethwa <develomentorg11@gmail.com>","source":"user-manual"}}
{"__type":"$$EventMessageConfirm","confirm":"7078e8ed-90bf-4bfd-a959-f1fcbe9c9e94","ts":"2026-09-28T14:06:50.744+02:00","source":{"id":"0","name":"eventBus"}}
{"__type":"$$EventMessageWorkflow","id":"5a2c5e1d-e286-4f66-82f9-fc0f47416ca5","ts":"2026-09-28T14:06:50.749+02:00","eventName":"n8n.workflow.started","message":"n8n.workflow.started","payload":{"executionId":"13","workflowId":"ymC5phKqc8FJwDab","isManual":false,"mode":"manual","workflowName":"INQABA-01-PROJECT-INTAKE","projectId":"PBlSUiAMQl3O96o8","projectName":"Andrew  Mthethwa <develomentorg11@gmail.com>"}}
{"__type":"$$EventMessageConfirm","confirm":"5a2c5e1d-e286-4f66-82f9-fc0f47416ca5","ts":"2026-09-28T14:06:50.750+02:00","source":{"id":"0","name":"eventBus"}}
{"__type":"$$EventMessageNode","id":"373c5657-7a4c-4747-9949-41f495bd7ef5","ts":"2026-09-28T14:06:50.764+02:00","eventName":"n8n.node.started","message":"n8n.node.started","payload":{"workflowId":"ymC5phKqc8FJwDab","workflowName":"INQABA-01-PROJECT-INTAKE","executionId":"13","nodeType":"n8n-nodes-base.postgres","nodeName":"Execute a SQL query","nodeId":"ec798e50-c6c8-4969-a380-4c9ca929b1a7"}}
{"__type":"$$EventMessageConfirm","confirm":"373c5657-7a4c-4747-9949-41f495bd7ef5","ts":"2026-09-28T14:06:50.764+02:00","source":{"id":"0","name":"eventBus"}}
{"__type":"$$EventMessageNode","id":"0a767d9a-3294-46e8-8b8d-56d37fad69a2","ts":"2026-09-28T14:06:50.792+02:00","eventName":"n8n.node.finished","message":"n8n.node.finished","payload":{"workflowId":"ymC5phKqc8FJwDab","workflowName":"INQABA-01-PROJECT-INTAKE","executionId":"13","nodeType":"n8n-nodes-base.postgres","nodeName":"Execute a SQL query","nodeId":"ec798e50-c6c8-4969-a380-4c9ca929b1a7"}}
{"__type":"$$EventMessageConfirm","confirm":"0a767d9a-3294-46e8-8b8d-56d37fad69a2","ts":"2026-09-28T14:06:50.792+02:00","source":{"id":"0","name":"eventBus"}}
{"__type":"$$EventMessageWorkflow","id":"c4d168b4-47ba-4dfd-b212-cecd0ae95cd0","ts":"2026-09-28T14:06:50.794+02:00","eventName":"n8n.workflow.failed","message":"n8n.workflow.failed","payload":{"userId":"378bb555-d142-4f98-8092-6db334bc679d","executionId":"13","success":false,"isManual":true,"mode":"manual","workflowId":"ymC5phKqc8FJwDab","workflowName":"INQABA-01-PROJECT-INTAKE","projectId":"PBlSUiAMQl3O96o8","projectName":"Andrew  Mthethwa <develomentorg11@gmail.com>","lastNodeExecuted":"Execute a SQL query","errorNodeType":"n8n-nodes-base.postgres","errorMessage":"column \"undefined\" does not exist"}}
{"__type":"$$EventMessageConfirm","confirm":"c4d168b4-47ba-4dfd-b212-cecd0ae95cd0","ts":"2026-09-28T14:06:50.794+02:00","source":{"id":"0","name":"eventBus"}}
{"__type":"$$EventMessageAudit","id":"ff7a0a35-e898-4c4e-b7c8-949e649e4118","ts":"2026-09-28T14:07:40.188+02:00","eventName":"n8n.audit.workflow.executed","message":"n8n.audit.workflow.executed","payload":{"workflowId":"ymC5phKqc8FJwDab","workflowName":"INQABA-01-PROJECT-INTAKE","executionId":"14","projectId":"PBlSUiAMQl3O96o8","projectName":"Andrew  Mthethwa <develomentorg11@gmail.com>","source":"webhook"}}
{"__type":"$$EventMessageConfirm","confirm":"ff7a0a35-e898-4c4e-b7c8-949e649e4118","ts":"2026-09-28T14:07:40.188+02:00","source":{"id":"0","name":"eventBus"}}
{"__type":"$$EventMessageWorkflow","id":"082994c9-d3e3-4958-bfaf-f63a64ed8bbd","ts":"2026-09-28T14:07:40.258+02:00","eventName":"n8n.workflow.started","message":"n8n.workflow.started","payload":{"executionId":"14","workflowId":"ymC5phKqc8FJwDab","isManual":false,"mode":"manual","workflowName":"INQABA-01-PROJECT-INTAKE","projectId":"PBlSUiAMQl3O96o8","projectName":"Andrew  Mthethwa <develomentorg11@gmail.com>"}}
{"__type":"$$EventMessageConfirm","confirm":"082994c9-d3e3-4958-bfaf-f63a64ed8bbd","ts":"2026-09-28T14:07:40.258+02:00","source":{"id":"0","name":"eventBus"}}
{"__type":"$$EventMessageNode","id":"88e6272f-c065-4d67-8def-5aff3e92081f","ts":"2026-09-28T14:07:40.267+02:00","eventName":"n8n.node.started","message":"n8n.node.started","payload":{"workflowId":"ymC5phKqc8FJwDab","workflowName":"INQABA-01-PROJECT-INTAKE","executionId":"14","nodeType":"n8n-nodes-base.webhook","nodeName":"Webhook","nodeId":"6cb3833f-d243-4df6-98d2-c6756a041de1"}}
{"__type":"$$EventMessageConfirm","confirm":"88e6272f-c065-4d67-8def-5aff3e92081f","ts":"2026-09-28T14:07:40.267+02:00","source":{"id":"0","name":"eventBus"}}
{"__type":"$$EventMessageNode","id":"19863c03-8444-4755-857a-5a232a82ff2d","ts":"2026-09-28T14:07:40.267+02:00","eventName":"n8n.node.finished","message":"n8n.node.finished","payload":{"workflowId":"ymC5phKqc8FJwDab","workflowName":"INQABA-01-PROJECT-INTAKE","executionId":"14","nodeType":"n8n-nodes-base.webhook","nodeName":"Webhook","nodeId":"6cb3833f-d243-4df6-98d2-c6756a041de1"}}
{"__type":"$$EventMessageConfirm","confirm":"19863c03-8444-4755-857a-5a232a82ff2d","ts":"2026-09-28T14:07:40.267+02:00","source":{"id":"0","name":"eventBus"}}
{"__type":"$$EventMessageWorkflow","id":"baecdd9d-fb00-431c-8abe-7847ea64783a","ts":"2026-09-28T14:07:40.269+02:00","eventName":"n8n.workflow.success","message":"n8n.workflow.success","payload":{"userId":"378bb555-d142-4f98-8092-6db334bc679d","executionId":"14","success":true,"isManual":true,"mode":"manual","workflowId":"ymC5phKqc8FJwDab","workflowName":"INQABA-01-PROJECT-INTAKE","projectId":"PBlSUiAMQl3O96o8","projectName":"Andrew  Mthethwa <develomentorg11@gmail.com>"}}
{"__type":"$$EventMessageConfirm","confirm":"baecdd9d-fb00-431c-8abe-7847ea64783a","ts":"2026-09-28T14:07:40.269+02:00","source":{"id":"0","name":"eventBus"}}
{"__type":"$$EventMessageAudit","id":"9e7af850-0dba-4dda-83ea-09e8a2f5061b","ts":"2026-09-28T14:13:02.491+02:00","eventName":"n8n.audit.workflow.updated","message":"n8n.audit.workflow.updated","payload":{"userId":"378bb555-d142-4f98-8092-6db334bc679d","_email":"develomentorg11@gmail.com","_firstName":"Andrew ","_lastName":"Mthethwa","globalRole":"global:owner","workflowId":"ymC5phKqc8FJwDab","workflowName":"INQABA-01-PROJECT-INTAKE"}}
{"__type":"$$EventMessageConfirm","confirm":"9e7af850-0dba-4dda-83ea-09e8a2f5061b","ts":"2026-09-28T14:13:02.492+02:00","source":{"id":"0","name":"eventBus"}}
{"__type":"$$EventMessageAudit","id":"0016f8fc-b22a-471f-a8cb-6c1a553fe801","ts":"2026-09-28T14:13:08.023+02:00","eventName":"n8n.audit.workflow.updated","message":"n8n.audit.workflow.updated","payload":{"userId":"378bb555-d142-4f98-8092-6db334bc679d","_email":"develomentorg11@gmail.com","_firstName":"Andrew ","_lastName":"Mthethwa","globalRole":"global:owner","workflowId":"ymC5phKqc8FJwDab","workflowName":"INQABA-01-PROJECT-INTAKE"}}
{"__type":"$$EventMessageConfirm","confirm":"0016f8fc-b22a-471f-a8cb-6c1a553fe801","ts":"2026-09-28T14:13:08.024+02:00","source":{"id":"0","name":"eventBus"}}
{"__type":"$$EventMessageAudit","id":"053dc3d7-7c0b-4ff5-80be-cef4e07353cc","ts":"2026-09-28T14:13:12.132+02:00","eventName":"n8n.audit.workflow.updated","message":"n8n.audit.workflow.updated","payload":{"userId":"378bb555-d142-4f98-8092-6db334bc679d","_email":"develomentorg11@gmail.com","_firstName":"Andrew ","_lastName":"Mthethwa","globalRole":"global:owner","workflowId":"ymC5phKqc8FJwDab","workflowName":"INQABA-01-PROJECT-INTAKE"}}
{"__type":"$$EventMessageConfirm","confirm":"053dc3d7-7c0b-4ff5-80be-cef4e07353cc","ts":"2026-09-28T14:13:12.133+02:00","source":{"id":"0","name":"eventBus"}}
{"__type":"$$EventMessageAudit","id":"2c8eddf9-9209-4b2e-bcd8-12295a4faeeb","ts":"2026-09-28T14:13:15.274+02:00","eventName":"n8n.audit.workflow.updated","message":"n8n.audit.workflow.updated","payload":{"userId":"378bb555-d142-4f98-8092-6db334bc679d","_email":"develomentorg11@gmail.com","_firstName":"Andrew ","_lastName":"Mthethwa","globalRole":"global:owner","workflowId":"ymC5phKqc8FJwDab","workflowName":"INQABA-01-PROJECT-INTAKE"}}
{"__type":"$$EventMessageConfirm","confirm":"2c8eddf9-9209-4b2e-bcd8-12295a4faeeb","ts":"2026-09-28T14:13:15.274+02:00","source":{"id":"0","name":"eventBus"}}
{"__type":"$$EventMessageAudit","id":"8dc1462d-d092-4c5e-82b7-a09b6bbfa2a0","ts":"2026-09-28T14:13:16.996+02:00","eventName":"n8n.audit.workflow.updated","message":"n8n.audit.workflow.updated","payload":{"userId":"378bb555-d142-4f98-8092-6db334bc679d","_email":"develomentorg11@gmail.com","_firstName":"Andrew ","_lastName":"Mthethwa","globalRole":"global:owner","workflowId":"ymC5phKqc8FJwDab","workflowName":"INQABA-01-PROJECT-INTAKE"}}
{"__type":"$$EventMessageConfirm","confirm":"8dc1462d-d092-4c5e-82b7-a09b6bbfa2a0","ts":"2026-09-28T14:13:16.996+02:00","source":{"id":"0","name":"eventBus"}}
{"__type":"$$EventMessageAudit","id":"9a133f07-4046-4768-be4e-8c4df00d1eba","ts":"2026-09-28T14:13:21.340+02:00","eventName":"n8n.audit.workflow.updated","message":"n8n.audit.workflow.updated","payload":{"userId":"378bb555-d142-4f98-8092-6db334bc679d","_email":"develomentorg11@gmail.com","_firstName":"Andrew ","_lastName":"Mthethwa","globalRole":"global:owner","workflowId":"ymC5phKqc8FJwDab","workflowName":"INQABA-01-PROJECT-INTAKE"}}
{"__type":"$$EventMessageConfirm","confirm":"9a133f07-4046-4768-be4e-8c4df00d1eba","ts":"2026-09-28T14:13:21.340+02:00","source":{"id":"0","name":"eventBus"}}
{"__type":"$$EventMessageAudit","id":"7c581645-f4b1-4173-aee2-bc48e2078344","ts":"2026-09-28T14:13:24.231+02:00","eventName":"n8n.audit.workflow.updated","message":"n8n.audit.workflow.updated","payload":{"userId":"378bb555-d142-4f98-8092-6db334bc679d","_email":"develomentorg11@gmail.com","_firstName":"Andrew ","_lastName":"Mthethwa","globalRole":"global:owner","workflowId":"ymC5phKqc8FJwDab","workflowName":"INQABA-01-PROJECT-INTAKE"}}
{"__type":"$$EventMessageConfirm","confirm":"7c581645-f4b1-4173-aee2-bc48e2078344","ts":"2026-09-28T14:13:24.232+02:00","source":{"id":"0","name":"eventBus"}}
{"__type":"$$EventMessageAudit","id":"30897ac4-4017-40e8-98a7-4898a89abf97","ts":"2026-09-28T14:15:27.657+02:00","eventName":"n8n.audit.workflow.executed","message":"n8n.audit.workflow.executed","payload":{"userId":"378bb555-d142-4f98-8092-6db334bc679d","_email":"develomentorg11@gmail.com","_firstName":"Andrew ","_lastName":"Mthethwa","globalRole":"global:owner","workflowId":"ymC5phKqc8FJwDab","workflowName":"INQABA-01-PROJECT-INTAKE","executionId":"15","projectId":"PBlSUiAMQl3O96o8","projectName":"Andrew  Mthethwa <develomentorg11@gmail.com>","source":"user-manual"}}
{"__type":"$$EventMessageConfirm","confirm":"30897ac4-4017-40e8-98a7-4898a89abf97","ts":"2026-09-28T14:15:27.657+02:00","source":{"id":"0","name":"eventBus"}}
{"__type":"$$EventMessageWorkflow","id":"965ae25f-4497-47bb-926e-8bf85a93f8a9","ts":"2026-09-28T14:15:27.660+02:00","eventName":"n8n.workflow.started","message":"n8n.workflow.started","payload":{"executionId":"15","workflowId":"ymC5phKqc8FJwDab","isManual":false,"mode":"manual","workflowName":"INQABA-01-PROJECT-INTAKE","projectId":"PBlSUiAMQl3O96o8","projectName":"Andrew  Mthethwa <develomentorg11@gmail.com>"}}
{"__type":"$$EventMessageConfirm","confirm":"965ae25f-4497-47bb-926e-8bf85a93f8a9","ts":"2026-09-28T14:15:27.660+02:00","source":{"id":"0","name":"eventBus"}}
{"__type":"$$EventMessageNode","id":"b7676719-044c-4fe8-9327-0d8a3173d7fc","ts":"2026-09-28T14:15:27.671+02:00","eventName":"n8n.node.started","message":"n8n.node.started","payload":{"workflowId":"ymC5phKqc8FJwDab","workflowName":"INQABA-01-PROJECT-INTAKE","executionId":"15","nodeType":"n8n-nodes-base.postgres","nodeName":"Execute a SQL query","nodeId":"ec798e50-c6c8-4969-a380-4c9ca929b1a7"}}
{"__type":"$$EventMessageConfirm","confirm":"b7676719-044c-4fe8-9327-0d8a3173d7fc","ts":"2026-09-28T14:15:27.671+02:00","source":{"id":"0","name":"eventBus"}}
{"__type":"$$EventMessageNode","id":"197e6d3d-c61b-4eac-8f47-a4d41b258120","ts":"2026-09-28T14:15:27.719+02:00","eventName":"n8n.node.finished","message":"n8n.node.finished","payload":{"workflowId":"ymC5phKqc8FJwDab","workflowName":"INQABA-01-PROJECT-INTAKE","executionId":"15","nodeType":"n8n-nodes-base.postgres","nodeName":"Execute a SQL query","nodeId":"ec798e50-c6c8-4969-a380-4c9ca929b1a7"}}
{"__type":"$$EventMessageConfirm","confirm":"197e6d3d-c61b-4eac-8f47-a4d41b258120","ts":"2026-09-28T14:15:27.719+02:00","source":{"id":"0","name":"eventBus"}}
{"__type":"$$EventMessageWorkflow","id":"bd54f9d9-2fb6-40a0-bc91-9ac5b1364817","ts":"2026-09-28T14:15:27.721+02:00","eventName":"n8n.workflow.success","message":"n8n.workflow.success","payload":{"userId":"378bb555-d142-4f98-8092-6db334bc679d","executionId":"15","success":true,"isManual":true,"mode":"manual","workflowId":"ymC5phKqc8FJwDab","workflowName":"INQABA-01-PROJECT-INTAKE","projectId":"PBlSUiAMQl3O96o8","projectName":"Andrew  Mthethwa <develomentorg11@gmail.com>"}}
{"__type":"$$EventMessageConfirm","confirm":"bd54f9d9-2fb6-40a0-bc91-9ac5b1364817","ts":"2026-09-28T14:15:27.721+02:00","source":{"id":"0","name":"eventBus"}}
{"__type":"$$EventMessageAudit","id":"8d16e237-624f-479f-ba8f-4f5ab6f8de63","ts":"2026-09-28T14:20:09.552+02:00","eventName":"n8n.audit.workflow.created","message":"n8n.audit.workflow.created","payload":{"userId":"378bb555-d142-4f98-8092-6db334bc679d","_email":"develomentorg11@gmail.com","_firstName":"Andrew ","_lastName":"Mthethwa","globalRole":"global:owner","workflowId":"l5OL7xp4lTsRVx3O","workflowName":"INQABA-02-PROJECTS-FEED"}}
{"__type":"$$EventMessageConfirm","confirm":"8d16e237-624f-479f-ba8f-4f5ab6f8de63","ts":"2026-09-28T14:20:09.552+02:00","source":{"id":"0","name":"eventBus"}}
{"__type":"$$EventMessageAudit","id":"29b46a75-8623-421c-9917-d2edd3af76e6","ts":"2026-09-28T14:20:25.704+02:00","eventName":"n8n.audit.workflow.updated","message":"n8n.audit.workflow.updated","payload":{"userId":"378bb555-d142-4f98-8092-6db334bc679d","_email":"develomentorg11@gmail.com","_firstName":"Andrew ","_lastName":"Mthethwa","globalRole":"global:owner","workflowId":"l5OL7xp4lTsRVx3O","workflowName":"INQABA-02-PROJECTS-FEED"}}
{"__type":"$$EventMessageConfirm","confirm":"29b46a75-8623-421c-9917-d2edd3af76e6","ts":"2026-09-28T14:20:25.704+02:00","source":{"id":"0","name":"eventBus"}}
{"__type":"$$EventMessageAudit","id":"d5ea1d1f-b21d-47a6-b07d-ce74ff3d10bd","ts":"2026-09-28T14:20:59.783+02:00","eventName":"n8n.audit.workflow.updated","message":"n8n.audit.workflow.updated","payload":{"userId":"378bb555-d142-4f98-8092-6db334bc679d","_email":"develomentorg11@gmail.com","_firstName":"Andrew ","_lastName":"Mthethwa","globalRole":"global:owner","workflowId":"l5OL7xp4lTsRVx3O","workflowName":"INQABA-02-PROJECTS-FEED"}}
{"__type":"$$EventMessageConfirm","confirm":"d5ea1d1f-b21d-47a6-b07d-ce74ff3d10bd","ts":"2026-09-28T14:20:59.784+02:00","source":{"id":"0","name":"eventBus"}}
{"__type":"$$EventMessageAudit","id":"cb581579-c518-494a-b0d2-c124d831275a","ts":"2026-09-28T14:21:09.577+02:00","eventName":"n8n.audit.workflow.updated","message":"n8n.audit.workflow.updated","payload":{"userId":"378bb555-d142-4f98-8092-6db334bc679d","_email":"develomentorg11@gmail.com","_firstName":"Andrew ","_lastName":"Mthethwa","globalRole":"global:owner","workflowId":"l5OL7xp4lTsRVx3O","workflowName":"INQABA-02-PROJECTS-FEED"}}
{"__type":"$$EventMessageConfirm","confirm":"cb581579-c518-494a-b0d2-c124d831275a","ts":"2026-09-28T14:21:09.577+02:00","source":{"id":"0","name":"eventBus"}}
{"__type":"$$EventMessageAudit","id":"b149a145-1d1a-44aa-9500-fdcdebed2eed","ts":"2026-09-28T14:21:17.127+02:00","eventName":"n8n.audit.workflow.updated","message":"n8n.audit.workflow.updated","payload":{"userId":"378bb555-d142-4f98-8092-6db334bc679d","_email":"develomentorg11@gmail.com","_firstName":"Andrew ","_lastName":"Mthethwa","globalRole":"global:owner","workflowId":"l5OL7xp4lTsRVx3O","workflowName":"INQABA-02-PROJECTS-FEED"}}
{"__type":"$$EventMessageConfirm","confirm":"b149a145-1d1a-44aa-9500-fdcdebed2eed","ts":"2026-09-28T14:21:17.127+02:00","source":{"id":"0","name":"eventBus"}}
{"__type":"$$EventMessageAudit","id":"b3b1098f-707f-4d0a-88dd-546f67f01db2","ts":"2026-09-28T14:21:21.783+02:00","eventName":"n8n.audit.workflow.updated","message":"n8n.audit.workflow.updated","payload":{"userId":"378bb555-d142-4f98-8092-6db334bc679d","_email":"develomentorg11@gmail.com","_firstName":"Andrew ","_lastName":"Mthethwa","globalRole":"global:owner","workflowId":"l5OL7xp4lTsRVx3O","workflowName":"INQABA-02-PROJECTS-FEED"}}
{"__type":"$$EventMessageConfirm","confirm":"b3b1098f-707f-4d0a-88dd-546f67f01db2","ts":"2026-09-28T14:21:21.783+02:00","source":{"id":"0","name":"eventBus"}}
{"__type":"$$EventMessageAudit","id":"99ff6d77-0f16-4925-a00b-438d5d77953e","ts":"2026-09-28T14:21:35.452+02:00","eventName":"n8n.audit.workflow.updated","message":"n8n.audit.workflow.updated","payload":{"userId":"378bb555-d142-4f98-8092-6db334bc679d","_email":"develomentorg11@gmail.com","_firstName":"Andrew ","_lastName":"Mthethwa","globalRole":"global:owner","workflowId":"l5OL7xp4lTsRVx3O","workflowName":"INQABA-02-PROJECTS-FEED"}}
{"__type":"$$EventMessageConfirm","confirm":"99ff6d77-0f16-4925-a00b-438d5d77953e","ts":"2026-09-28T14:21:35.452+02:00","source":{"id":"0","name":"eventBus"}}
{"__type":"$$EventMessageAudit","id":"7235f160-ae6b-4e95-af4d-6004b2890277","ts":"2026-09-28T14:22:07.147+02:00","eventName":"n8n.audit.workflow.updated","message":"n8n.audit.workflow.updated","payload":{"userId":"378bb555-d142-4f98-8092-6db334bc679d","_email":"develomentorg11@gmail.com","_firstName":"Andrew ","_lastName":"Mthethwa","globalRole":"global:owner","workflowId":"l5OL7xp4lTsRVx3O","workflowName":"INQABA-02-PROJECTS-FEED"}}
{"__type":"$$EventMessageConfirm","confirm":"7235f160-ae6b-4e95-af4d-6004b2890277","ts":"2026-09-28T14:22:07.148+02:00","source":{"id":"0","name":"eventBus"}}
{"__type":"$$EventMessageAudit","id":"978bf7a8-bcdb-4d40-933b-b4ca40b1b1fb","ts":"2026-09-28T14:22:28.110+02:00","eventName":"n8n.audit.workflow.updated","message":"n8n.audit.workflow.updated","payload":{"userId":"378bb555-d142-4f98-8092-6db334bc679d","_email":"develomentorg11@gmail.com","_firstName":"Andrew ","_lastName":"Mthethwa","globalRole":"global:owner","workflowId":"l5OL7xp4lTsRVx3O","workflowName":"INQABA-02-PROJECTS-FEED"}}
{"__type":"$$EventMessageConfirm","confirm":"978bf7a8-bcdb-4d40-933b-b4ca40b1b1fb","ts":"2026-09-28T14:22:28.110+02:00","source":{"id":"0","name":"eventBus"}}
{"__type":"$$EventMessageAudit","id":"0aab5ff5-3d40-45ef-bd59-38fc2ccc1f00","ts":"2026-09-28T14:23:25.112+02:00","eventName":"n8n.audit.workflow.activated","message":"n8n.audit.workflow.activated","payload":{"userId":"378bb555-d142-4f98-8092-6db334bc679d","_email":"develomentorg11@gmail.com","_firstName":"Andrew ","_lastName":"Mthethwa","globalRole":"global:owner","workflowId":"l5OL7xp4lTsRVx3O","workflowName":"INQABA-02-PROJECTS-FEED","activeVersionId":"1b0753d3-449f-4f8b-b6a6-76b7ccd70bd5"}}
{"__type":"$$EventMessageConfirm","confirm":"0aab5ff5-3d40-45ef-bd59-38fc2ccc1f00","ts":"2026-09-28T14:23:25.113+02:00","source":{"id":"0","name":"eventBus"}}
{"__type":"$$EventMessageAudit","id":"d999d2a6-eccb-4da9-bb36-9dc7d5963536","ts":"2026-09-28T14:23:55.265+02:00","eventName":"n8n.audit.workflow.updated","message":"n8n.audit.workflow.updated","payload":{"userId":"378bb555-d142-4f98-8092-6db334bc679d","_email":"develomentorg11@gmail.com","_firstName":"Andrew ","_lastName":"Mthethwa","globalRole":"global:owner","workflowId":"l5OL7xp4lTsRVx3O","workflowName":"INQABA-02-PROJECTS-FEED","settingsChanged":{"timeSavedMode":{"from":null,"to":"fixed"},"callerPolicy":{"from":null,"to":"workflowsFromSameOwner"},"availableInMCP":{"from":null,"to":false}}}}
{"__type":"$$EventMessageConfirm","confirm":"d999d2a6-eccb-4da9-bb36-9dc7d5963536","ts":"2026-09-28T14:23:55.266+02:00","source":{"id":"0","name":"eventBus"}}
{"__type":"$$EventMessageAudit","id":"80dc8f72-a7fa-483d-b7ad-8bfc4d4ff2ac","ts":"2026-09-28T14:23:55.343+02:00","eventName":"n8n.audit.workflow.deactivated","message":"n8n.audit.workflow.deactivated","payload":{"userId":"378bb555-d142-4f98-8092-6db334bc679d","_email":"develomentorg11@gmail.com","_firstName":"Andrew ","_lastName":"Mthethwa","globalRole":"global:owner","workflowId":"l5OL7xp4lTsRVx3O","workflowName":"INQABA-02-PROJECTS-FEED","deactivatedVersionId":"1b0753d3-449f-4f8b-b6a6-76b7ccd70bd5"}}
{"__type":"$$EventMessageConfirm","confirm":"80dc8f72-a7fa-483d-b7ad-8bfc4d4ff2ac","ts":"2026-09-28T14:23:55.343+02:00","source":{"id":"0","name":"eventBus"}}
{"__type":"$$EventMessageAudit","id":"37404515-6ca8-4c92-9772-8a262024e5d3","ts":"2026-09-28T14:23:55.343+02:00","eventName":"n8n.audit.workflow.activated","message":"n8n.audit.workflow.activated","payload":{"userId":"378bb555-d142-4f98-8092-6db334bc679d","_email":"develomentorg11@gmail.com","_firstName":"Andrew ","_lastName":"Mthethwa","globalRole":"global:owner","workflowId":"l5OL7xp4lTsRVx3O","workflowName":"INQABA-02-PROJECTS-FEED","activeVersionId":"1b0753d3-449f-4f8b-b6a6-76b7ccd70bd5"}}
{"__type":"$$EventMessageConfirm","confirm":"37404515-6ca8-4c92-9772-8a262024e5d3","ts":"2026-09-28T14:23:55.344+02:00","source":{"id":"0","name":"eventBus"}}
{"__type":"$$EventMessageAudit","id":"891e5e47-198b-4e09-ace1-f81d7b1ee43a","ts":"2026-09-28T14:25:50.897+02:00","eventName":"n8n.audit.workflow.executed","message":"n8n.audit.workflow.executed","payload":{"workflowId":"l5OL7xp4lTsRVx3O","workflowName":"INQABA-02-PROJECTS-FEED","executionId":"16","projectId":"PBlSUiAMQl3O96o8","projectName":"Andrew  Mthethwa <develomentorg11@gmail.com>","source":"webhook"}}
{"__type":"$$EventMessageConfirm","confirm":"891e5e47-198b-4e09-ace1-f81d7b1ee43a","ts":"2026-09-28T14:25:50.897+02:00","source":{"id":"0","name":"eventBus"}}
{"__type":"$$EventMessageWorkflow","id":"c2a47a40-500a-4aed-9647-af63b6e940a5","ts":"2026-09-28T14:25:50.898+02:00","eventName":"n8n.workflow.started","message":"n8n.workflow.started","payload":{"executionId":"16","workflowId":"l5OL7xp4lTsRVx3O","isManual":false,"mode":"webhook","workflowName":"INQABA-02-PROJECTS-FEED","projectId":"PBlSUiAMQl3O96o8","projectName":"Andrew  Mthethwa <develomentorg11@gmail.com>"}}
{"__type":"$$EventMessageConfirm","confirm":"c2a47a40-500a-4aed-9647-af63b6e940a5","ts":"2026-09-28T14:25:50.898+02:00","source":{"id":"0","name":"eventBus"}}
{"__type":"$$EventMessageNode","id":"b1649443-a854-4eba-b6a4-bae436fbcc5f","ts":"2026-09-28T14:25:50.898+02:00","eventName":"n8n.node.started","message":"n8n.node.started","payload":{"workflowId":"l5OL7xp4lTsRVx3O","workflowName":"INQABA-02-PROJECTS-FEED","executionId":"16","nodeType":"n8n-nodes-base.webhook","nodeName":"Webhook","nodeId":"4d0344b7-c53b-462c-9a5e-a119dcc037d9"}}
{"__type":"$$EventMessageConfirm","confirm":"b1649443-a854-4eba-b6a4-bae436fbcc5f","ts":"2026-09-28T14:25:50.898+02:00","source":{"id":"0","name":"eventBus"}}
{"__type":"$$EventMessageNode","id":"d377da9e-210d-4818-8cf8-de6561001d5a","ts":"2026-09-28T14:25:50.899+02:00","eventName":"n8n.node.finished","message":"n8n.node.finished","payload":{"workflowId":"l5OL7xp4lTsRVx3O","workflowName":"INQABA-02-PROJECTS-FEED","executionId":"16","nodeType":"n8n-nodes-base.webhook","nodeName":"Webhook","nodeId":"4d0344b7-c53b-462c-9a5e-a119dcc037d9"}}
{"__type":"$$EventMessageConfirm","confirm":"d377da9e-210d-4818-8cf8-de6561001d5a","ts":"2026-09-28T14:25:50.899+02:00","source":{"id":"0","name":"eventBus"}}
{"__type":"$$EventMessageNode","id":"038709fa-c5b7-46e7-a2ef-f19ad49049ba","ts":"2026-09-28T14:25:50.899+02:00","eventName":"n8n.node.started","message":"n8n.node.started","payload":{"workflowId":"l5OL7xp4lTsRVx3O","workflowName":"INQABA-02-PROJECTS-FEED","executionId":"16","nodeType":"n8n-nodes-base.postgres","nodeName":"Execute a SQL query","nodeId":"5bd250fb-b39c-4d83-8ca9-83d9d26769de"}}
{"__type":"$$EventMessageConfirm","confirm":"038709fa-c5b7-46e7-a2ef-f19ad49049ba","ts":"2026-09-28T14:25:50.899+02:00","source":{"id":"0","name":"eventBus"}}
{"__type":"$$EventMessageNode","id":"9abdc613-f697-43a8-9053-ea58006a7ee7","ts":"2026-09-28T14:25:50.936+02:00","eventName":"n8n.node.finished","message":"n8n.node.finished","payload":{"workflowId":"l5OL7xp4lTsRVx3O","workflowName":"INQABA-02-PROJECTS-FEED","executionId":"16","nodeType":"n8n-nodes-base.postgres","nodeName":"Execute a SQL query","nodeId":"5bd250fb-b39c-4d83-8ca9-83d9d26769de"}}
{"__type":"$$EventMessageConfirm","confirm":"9abdc613-f697-43a8-9053-ea58006a7ee7","ts":"2026-09-28T14:25:50.936+02:00","source":{"id":"0","name":"eventBus"}}
{"__type":"$$EventMessageWorkflow","id":"900e98ec-4dfa-46ce-82dd-f39b59f5bca3","ts":"2026-09-28T14:25:50.937+02:00","eventName":"n8n.workflow.success","message":"n8n.workflow.success","payload":{"executionId":"16","success":true,"isManual":false,"mode":"webhook","workflowId":"l5OL7xp4lTsRVx3O","workflowName":"INQABA-02-PROJECTS-FEED","projectId":"PBlSUiAMQl3O96o8","projectName":"Andrew  Mthethwa <develomentorg11@gmail.com>"}}
{"__type":"$$EventMessageConfirm","confirm":"900e98ec-4dfa-46ce-82dd-f39b59f5bca3","ts":"2026-09-28T14:25:50.937+02:00","source":{"id":"0","name":"eventBus"}}
{"__type":"$$EventMessageAudit","id":"1d6407a5-4983-41f0-bffd-5f73d12eb933","ts":"2026-09-28T14:26:27.619+02:00","eventName":"n8n.audit.workflow.executed","message":"n8n.audit.workflow.executed","payload":{"workflowId":"l5OL7xp4lTsRVx3O","workflowName":"INQABA-02-PROJECTS-FEED","executionId":"17","projectId":"PBlSUiAMQl3O96o8","projectName":"Andrew  Mthethwa <develomentorg11@gmail.com>","source":"webhook"}}
{"__type":"$$EventMessageConfirm","confirm":"1d6407a5-4983-41f0-bffd-5f73d12eb933","ts":"2026-09-28T14:26:27.619+02:00","source":{"id":"0","name":"eventBus"}}
{"__type":"$$EventMessageWorkflow","id":"ebd09766-fdcb-4cc7-bcf5-7a5b733b6a61","ts":"2026-09-28T14:26:27.619+02:00","eventName":"n8n.workflow.started","message":"n8n.workflow.started","payload":{"executionId":"17","workflowId":"l5OL7xp4lTsRVx3O","isManual":false,"mode":"webhook","workflowName":"INQABA-02-PROJECTS-FEED","projectId":"PBlSUiAMQl3O96o8","projectName":"Andrew  Mthethwa <develomentorg11@gmail.com>"}}
{"__type":"$$EventMessageConfirm","confirm":"ebd09766-fdcb-4cc7-bcf5-7a5b733b6a61","ts":"2026-09-28T14:26:27.620+02:00","source":{"id":"0","name":"eventBus"}}
{"__type":"$$EventMessageNode","id":"3b3615bc-64bb-4ebf-8aa5-9f71cef0a30b","ts":"2026-09-28T14:26:27.620+02:00","eventName":"n8n.node.started","message":"n8n.node.started","payload":{"workflowId":"l5OL7xp4lTsRVx3O","workflowName":"INQABA-02-PROJECTS-FEED","executionId":"17","nodeType":"n8n-nodes-base.webhook","nodeName":"Webhook","nodeId":"4d0344b7-c53b-462c-9a5e-a119dcc037d9"}}
{"__type":"$$EventMessageConfirm","confirm":"3b3615bc-64bb-4ebf-8aa5-9f71cef0a30b","ts":"2026-09-28T14:26:27.620+02:00","source":{"id":"0","name":"eventBus"}}
{"__type":"$$EventMessageNode","id":"08cf811a-85fd-4e3a-93f2-8cd889820f17","ts":"2026-09-28T14:26:27.620+02:00","eventName":"n8n.node.finished","message":"n8n.node.finished","payload":{"workflowId":"l5OL7xp4lTsRVx3O","workflowName":"INQABA-02-PROJECTS-FEED","executionId":"17","nodeType":"n8n-nodes-base.webhook","nodeName":"Webhook","nodeId":"4d0344b7-c53b-462c-9a5e-a119dcc037d9"}}
{"__type":"$$EventMessageConfirm","confirm":"08cf811a-85fd-4e3a-93f2-8cd889820f17","ts":"2026-09-28T14:26:27.620+02:00","source":{"id":"0","name":"eventBus"}}
{"__type":"$$EventMessageNode","id":"cb8136d0-5a0f-4c8d-a6be-3d7ddb6342b0","ts":"2026-09-28T14:26:27.621+02:00","eventName":"n8n.node.started","message":"n8n.node.started","payload":{"workflowId":"l5OL7xp4lTsRVx3O","workflowName":"INQABA-02-PROJECTS-FEED","executionId":"17","nodeType":"n8n-nodes-base.postgres","nodeName":"Execute a SQL query","nodeId":"5bd250fb-b39c-4d83-8ca9-83d9d26769de"}}
{"__type":"$$EventMessageConfirm","confirm":"cb8136d0-5a0f-4c8d-a6be-3d7ddb6342b0","ts":"2026-09-28T14:26:27.621+02:00","source":{"id":"0","name":"eventBus"}}
{"__type":"$$EventMessageNode","id":"c661c883-8a97-4f31-b483-a53669654c45","ts":"2026-09-28T14:26:27.653+02:00","eventName":"n8n.node.finished","message":"n8n.node.finished","payload":{"workflowId":"l5OL7xp4lTsRVx3O","workflowName":"INQABA-02-PROJECTS-FEED","executionId":"17","nodeType":"n8n-nodes-base.postgres","nodeName":"Execute a SQL query","nodeId":"5bd250fb-b39c-4d83-8ca9-83d9d26769de"}}
{"__type":"$$EventMessageConfirm","confirm":"c661c883-8a97-4f31-b483-a53669654c45","ts":"2026-09-28T14:26:27.653+02:00","source":{"id":"0","name":"eventBus"}}
{"__type":"$$EventMessageWorkflow","id":"cc97733a-d4b7-4e27-a9e5-c75104747136","ts":"2026-09-28T14:26:27.653+02:00","eventName":"n8n.workflow.success","message":"n8n.workflow.success","payload":{"executionId":"17","success":true,"isManual":false,"mode":"webhook","workflowId":"l5OL7xp4lTsRVx3O","workflowName":"INQABA-02-PROJECTS-FEED","projectId":"PBlSUiAMQl3O96o8","projectName":"Andrew  Mthethwa <develomentorg11@gmail.com>"}}
{"__type":"$$EventMessageConfirm","confirm":"cc97733a-d4b7-4e27-a9e5-c75104747136","ts":"2026-09-28T14:26:27.653+02:00","source":{"id":"0","name":"eventBus"}}
{"__type":"$$EventMessageAudit","id":"5f0c89c8-f047-425e-8940-3207f439c3ad","ts":"2026-09-28T14:27:58.633+02:00","eventName":"n8n.audit.workflow.executed","message":"n8n.audit.workflow.executed","payload":{"workflowId":"l5OL7xp4lTsRVx3O","workflowName":"INQABA-02-PROJECTS-FEED","executionId":"18","projectId":"PBlSUiAMQl3O96o8","projectName":"Andrew  Mthethwa <develomentorg11@gmail.com>","source":"webhook"}}
{"__type":"$$EventMessageConfirm","confirm":"5f0c89c8-f047-425e-8940-3207f439c3ad","ts":"2026-09-28T14:27:58.633+02:00","source":{"id":"0","name":"eventBus"}}
{"__type":"$$EventMessageWorkflow","id":"3c7f0ccf-76d9-42c7-8d9c-a3196fda3c48","ts":"2026-09-28T14:27:58.634+02:00","eventName":"n8n.workflow.started","message":"n8n.workflow.started","payload":{"executionId":"18","workflowId":"l5OL7xp4lTsRVx3O","isManual":false,"mode":"webhook","workflowName":"INQABA-02-PROJECTS-FEED","projectId":"PBlSUiAMQl3O96o8","projectName":"Andrew  Mthethwa <develomentorg11@gmail.com>"}}
{"__type":"$$EventMessageConfirm","confirm":"3c7f0ccf-76d9-42c7-8d9c-a3196fda3c48","ts":"2026-09-28T14:27:58.634+02:00","source":{"id":"0","name":"eventBus"}}
{"__type":"$$EventMessageNode","id":"0a97ef5f-0dbf-43bc-ba06-bdc03bbe1c6a","ts":"2026-09-28T14:27:58.634+02:00","eventName":"n8n.node.started","message":"n8n.node.started","payload":{"workflowId":"l5OL7xp4lTsRVx3O","workflowName":"INQABA-02-PROJECTS-FEED","executionId":"18","nodeType":"n8n-nodes-base.webhook","nodeName":"Webhook","nodeId":"4d0344b7-c53b-462c-9a5e-a119dcc037d9"}}
{"__type":"$$EventMessageConfirm","confirm":"0a97ef5f-0dbf-43bc-ba06-bdc03bbe1c6a","ts":"2026-09-28T14:27:58.634+02:00","source":{"id":"0","name":"eventBus"}}
{"__type":"$$EventMessageNode","id":"248b96d0-ccee-422b-98fc-2c8fc5041933","ts":"2026-09-28T14:27:58.635+02:00","eventName":"n8n.node.finished","message":"n8n.node.finished","payload":{"workflowId":"l5OL7xp4lTsRVx3O","workflowName":"INQABA-02-PROJECTS-FEED","executionId":"18","nodeType":"n8n-nodes-base.webhook","nodeName":"Webhook","nodeId":"4d0344b7-c53b-462c-9a5e-a119dcc037d9"}}
{"__type":"$$EventMessageConfirm","confirm":"248b96d0-ccee-422b-98fc-2c8fc5041933","ts":"2026-09-28T14:27:58.635+02:00","source":{"id":"0","name":"eventBus"}}
{"__type":"$$EventMessageNode","id":"47411497-d430-4fc5-bc24-4c682713db32","ts":"2026-09-28T14:27:58.635+02:00","eventName":"n8n.node.started","message":"n8n.node.started","payload":{"workflowId":"l5OL7xp4lTsRVx3O","workflowName":"INQABA-02-PROJECTS-FEED","executionId":"18","nodeType":"n8n-nodes-base.postgres","nodeName":"Execute a SQL query","nodeId":"5bd250fb-b39c-4d83-8ca9-83d9d26769de"}}
{"__type":"$$EventMessageConfirm","confirm":"47411497-d430-4fc5-bc24-4c682713db32","ts":"2026-09-28T14:27:58.635+02:00","source":{"id":"0","name":"eventBus"}}
{"__type":"$$EventMessageNode","id":"0e24729a-73ec-4019-96ba-a93ff0cee38a","ts":"2026-09-28T14:27:58.709+02:00","eventName":"n8n.node.finished","message":"n8n.node.finished","payload":{"workflowId":"l5OL7xp4lTsRVx3O","workflowName":"INQABA-02-PROJECTS-FEED","executionId":"18","nodeType":"n8n-nodes-base.postgres","nodeName":"Execute a SQL query","nodeId":"5bd250fb-b39c-4d83-8ca9-83d9d26769de"}}
{"__type":"$$EventMessageConfirm","confirm":"0e24729a-73ec-4019-96ba-a93ff0cee38a","ts":"2026-09-28T14:27:58.710+02:00","source":{"id":"0","name":"eventBus"}}
{"__type":"$$EventMessageWorkflow","id":"33288b91-5f6b-43c2-bfbf-8e404467586b","ts":"2026-09-28T14:27:58.710+02:00","eventName":"n8n.workflow.success","message":"n8n.workflow.success","payload":{"executionId":"18","success":true,"isManual":false,"mode":"webhook","workflowId":"l5OL7xp4lTsRVx3O","workflowName":"INQABA-02-PROJECTS-FEED","projectId":"PBlSUiAMQl3O96o8","projectName":"Andrew  Mthethwa <develomentorg11@gmail.com>"}}
{"__type":"$$EventMessageConfirm","confirm":"33288b91-5f6b-43c2-bfbf-8e404467586b","ts":"2026-09-28T14:27:58.710+02:00","source":{"id":"0","name":"eventBus"}}
{"__type":"$$EventMessageAudit","id":"d9891796-0052-4671-9f79-f8c5323dfb6c","ts":"2026-09-28T14:33:40.403+02:00","eventName":"n8n.audit.workflow.updated","message":"n8n.audit.workflow.updated","payload":{"userId":"378bb555-d142-4f98-8092-6db334bc679d","_email":"develomentorg11@gmail.com","_firstName":"Andrew ","_lastName":"Mthethwa","globalRole":"global:owner","workflowId":"l5OL7xp4lTsRVx3O","workflowName":"INQABA-02-PROJECTS-FEED"}}
{"__type":"$$EventMessageConfirm","confirm":"d9891796-0052-4671-9f79-f8c5323dfb6c","ts":"2026-09-28T14:33:40.403+02:00","source":{"id":"0","name":"eventBus"}}
{"__type":"$$EventMessageAudit","id":"3639d4cd-4dae-4410-8296-a12798fcb351","ts":"2026-09-28T14:34:27.055+02:00","eventName":"n8n.audit.workflow.updated","message":"n8n.audit.workflow.updated","payload":{"userId":"378bb555-d142-4f98-8092-6db334bc679d","_email":"develomentorg11@gmail.com","_firstName":"Andrew ","_lastName":"Mthethwa","globalRole":"global:owner","workflowId":"l5OL7xp4lTsRVx3O","workflowName":"INQABA-02-PROJECTS-FEED"}}
{"__type":"$$EventMessageConfirm","confirm":"3639d4cd-4dae-4410-8296-a12798fcb351","ts":"2026-09-28T14:34:27.055+02:00","source":{"id":"0","name":"eventBus"}}
{"__type":"$$EventMessageAudit","id":"d93d3953-f209-4e3c-91c5-7e496c7c8faf","ts":"2026-09-28T14:34:40.474+02:00","eventName":"n8n.audit.workflow.updated","message":"n8n.audit.workflow.updated","payload":{"userId":"378bb555-d142-4f98-8092-6db334bc679d","_email":"develomentorg11@gmail.com","_firstName":"Andrew ","_lastName":"Mthethwa","globalRole":"global:owner","workflowId":"l5OL7xp4lTsRVx3O","workflowName":"INQABA-02-PROJECTS-FEED"}}
{"__type":"$$EventMessageConfirm","confirm":"d93d3953-f209-4e3c-91c5-7e496c7c8faf","ts":"2026-09-28T14:34:40.474+02:00","source":{"id":"0","name":"eventBus"}}
{"__type":"$$EventMessageAudit","id":"c4b6631e-6046-4dd4-ae02-47e0f50d8bec","ts":"2026-09-28T14:34:49.821+02:00","eventName":"n8n.audit.workflow.updated","message":"n8n.audit.workflow.updated","payload":{"userId":"378bb555-d142-4f98-8092-6db334bc679d","_email":"develomentorg11@gmail.com","_firstName":"Andrew ","_lastName":"Mthethwa","globalRole":"global:owner","workflowId":"l5OL7xp4lTsRVx3O","workflowName":"INQABA-02-PROJECTS-FEED"}}
{"__type":"$$EventMessageConfirm","confirm":"c4b6631e-6046-4dd4-ae02-47e0f50d8bec","ts":"2026-09-28T14:34:49.821+02:00","source":{"id":"0","name":"eventBus"}}
{"__type":"$$EventMessageAudit","id":"2e0d13b8-3644-4ac9-ab94-177d12c7df84","ts":"2026-09-28T14:35:11.725+02:00","eventName":"n8n.audit.workflow.deactivated","message":"n8n.audit.workflow.deactivated","payload":{"userId":"378bb555-d142-4f98-8092-6db334bc679d","_email":"develomentorg11@gmail.com","_firstName":"Andrew ","_lastName":"Mthethwa","globalRole":"global:owner","workflowId":"l5OL7xp4lTsRVx3O","workflowName":"INQABA-02-PROJECTS-FEED","deactivatedVersionId":"1b0753d3-449f-4f8b-b6a6-76b7ccd70bd5"}}
{"__type":"$$EventMessageConfirm","confirm":"2e0d13b8-3644-4ac9-ab94-177d12c7df84","ts":"2026-09-28T14:35:11.725+02:00","source":{"id":"0","name":"eventBus"}}
{"__type":"$$EventMessageAudit","id":"a8bbb32a-15af-48a3-a49c-bf544e0f34e1","ts":"2026-09-28T14:35:11.726+02:00","eventName":"n8n.audit.workflow.activated","message":"n8n.audit.workflow.activated","payload":{"userId":"378bb555-d142-4f98-8092-6db334bc679d","_email":"develomentorg11@gmail.com","_firstName":"Andrew ","_lastName":"Mthethwa","globalRole":"global:owner","workflowId":"l5OL7xp4lTsRVx3O","workflowName":"INQABA-02-PROJECTS-FEED","activeVersionId":"ef6391b9-b271-47f3-899a-734a864d4fd3"}}
{"__type":"$$EventMessageConfirm","confirm":"a8bbb32a-15af-48a3-a49c-bf544e0f34e1","ts":"2026-09-28T14:35:11.726+02:00","source":{"id":"0","name":"eventBus"}}
{"__type":"$$EventMessageAudit","id":"f0065f5f-53b5-41c8-b625-a38f9a568cad","ts":"2026-09-28T14:35:32.338+02:00","eventName":"n8n.audit.workflow.executed","message":"n8n.audit.workflow.executed","payload":{"workflowId":"l5OL7xp4lTsRVx3O","workflowName":"INQABA-02-PROJECTS-FEED","executionId":"19","projectId":"PBlSUiAMQl3O96o8","projectName":"Andrew  Mthethwa <develomentorg11@gmail.com>","source":"webhook"}}
{"__type":"$$EventMessageConfirm","confirm":"f0065f5f-53b5-41c8-b625-a38f9a568cad","ts":"2026-09-28T14:35:32.338+02:00","source":{"id":"0","name":"eventBus"}}
{"__type":"$$EventMessageWorkflow","id":"46c055c0-a5c6-4a13-b1c7-38b57634629f","ts":"2026-09-28T14:35:32.338+02:00","eventName":"n8n.workflow.started","message":"n8n.workflow.started","payload":{"executionId":"19","workflowId":"l5OL7xp4lTsRVx3O","isManual":false,"mode":"webhook","workflowName":"INQABA-02-PROJECTS-FEED","projectId":"PBlSUiAMQl3O96o8","projectName":"Andrew  Mthethwa <develomentorg11@gmail.com>"}}
{"__type":"$$EventMessageConfirm","confirm":"46c055c0-a5c6-4a13-b1c7-38b57634629f","ts":"2026-09-28T14:35:32.338+02:00","source":{"id":"0","name":"eventBus"}}
{"__type":"$$EventMessageNode","id":"9c057638-b23d-4b22-b694-ba6141558114","ts":"2026-09-28T14:35:32.339+02:00","eventName":"n8n.node.started","message":"n8n.node.started","payload":{"workflowId":"l5OL7xp4lTsRVx3O","workflowName":"INQABA-02-PROJECTS-FEED","executionId":"19","nodeType":"n8n-nodes-base.webhook","nodeName":"Webhook","nodeId":"4d0344b7-c53b-462c-9a5e-a119dcc037d9"}}
{"__type":"$$EventMessageConfirm","confirm":"9c057638-b23d-4b22-b694-ba6141558114","ts":"2026-09-28T14:35:32.339+02:00","source":{"id":"0","name":"eventBus"}}
{"__type":"$$EventMessageNode","id":"15acce8e-ebc1-49ae-b0bb-8950e75d73d5","ts":"2026-09-28T14:35:32.339+02:00","eventName":"n8n.node.finished","message":"n8n.node.finished","payload":{"workflowId":"l5OL7xp4lTsRVx3O","workflowName":"INQABA-02-PROJECTS-FEED","executionId":"19","nodeType":"n8n-nodes-base.webhook","nodeName":"Webhook","nodeId":"4d0344b7-c53b-462c-9a5e-a119dcc037d9"}}
{"__type":"$$EventMessageConfirm","confirm":"15acce8e-ebc1-49ae-b0bb-8950e75d73d5","ts":"2026-09-28T14:35:32.339+02:00","source":{"id":"0","name":"eventBus"}}
{"__type":"$$EventMessageNode","id":"62d58cff-b4f0-4518-925e-9bf770a46306","ts":"2026-09-28T14:35:32.339+02:00","eventName":"n8n.node.started","message":"n8n.node.started","payload":{"workflowId":"l5OL7xp4lTsRVx3O","workflowName":"INQABA-02-PROJECTS-FEED","executionId":"19","nodeType":"n8n-nodes-base.postgres","nodeName":"Execute a SQL query","nodeId":"5bd250fb-b39c-4d83-8ca9-83d9d26769de"}}
{"__type":"$$EventMessageConfirm","confirm":"62d58cff-b4f0-4518-925e-9bf770a46306","ts":"2026-09-28T14:35:32.339+02:00","source":{"id":"0","name":"eventBus"}}
{"__type":"$$EventMessageNode","id":"87345d3c-b42e-4883-a234-9114d64b4a7d","ts":"2026-09-28T14:35:32.364+02:00","eventName":"n8n.node.finished","message":"n8n.node.finished","payload":{"workflowId":"l5OL7xp4lTsRVx3O","workflowName":"INQABA-02-PROJECTS-FEED","executionId":"19","nodeType":"n8n-nodes-base.postgres","nodeName":"Execute a SQL query","nodeId":"5bd250fb-b39c-4d83-8ca9-83d9d26769de"}}
{"__type":"$$EventMessageConfirm","confirm":"87345d3c-b42e-4883-a234-9114d64b4a7d","ts":"2026-09-28T14:35:32.364+02:00","source":{"id":"0","name":"eventBus"}}
{"__type":"$$EventMessageWorkflow","id":"68f0a98c-6fe8-457a-9754-0b3d768e0472","ts":"2026-09-28T14:35:32.364+02:00","eventName":"n8n.workflow.success","message":"n8n.workflow.success","payload":{"executionId":"19","success":true,"isManual":false,"mode":"webhook","workflowId":"l5OL7xp4lTsRVx3O","workflowName":"INQABA-02-PROJECTS-FEED","projectId":"PBlSUiAMQl3O96o8","projectName":"Andrew  Mthethwa <develomentorg11@gmail.com>"}}
{"__type":"$$EventMessageConfirm","confirm":"68f0a98c-6fe8-457a-9754-0b3d768e0472","ts":"2026-09-28T14:35:32.364+02:00","source":{"id":"0","name":"eventBus"}}
{"__type":"$$EventMessageAudit","id":"ded2b0e8-5731-4d5a-baaa-8f3be2e5dcfa","ts":"2026-09-28T14:35:34.957+02:00","eventName":"n8n.audit.workflow.executed","message":"n8n.audit.workflow.executed","payload":{"workflowId":"l5OL7xp4lTsRVx3O","workflowName":"INQABA-02-PROJECTS-FEED","executionId":"20","projectId":"PBlSUiAMQl3O96o8","projectName":"Andrew  Mthethwa <develomentorg11@gmail.com>","source":"webhook"}}
{"__type":"$$EventMessageConfirm","confirm":"ded2b0e8-5731-4d5a-baaa-8f3be2e5dcfa","ts":"2026-09-28T14:35:34.957+02:00","source":{"id":"0","name":"eventBus"}}
{"__type":"$$EventMessageWorkflow","id":"0d2d8b4f-bfa9-4739-91ab-2f437d558a76","ts":"2026-09-28T14:35:34.957+02:00","eventName":"n8n.workflow.started","message":"n8n.workflow.started","payload":{"executionId":"20","workflowId":"l5OL7xp4lTsRVx3O","isManual":false,"mode":"webhook","workflowName":"INQABA-02-PROJECTS-FEED","projectId":"PBlSUiAMQl3O96o8","projectName":"Andrew  Mthethwa <develomentorg11@gmail.com>"}}
{"__type":"$$EventMessageConfirm","confirm":"0d2d8b4f-bfa9-4739-91ab-2f437d558a76","ts":"2026-09-28T14:35:34.957+02:00","source":{"id":"0","name":"eventBus"}}
{"__type":"$$EventMessageNode","id":"469d411c-ff35-478c-9149-20990e2c6d56","ts":"2026-09-28T14:35:34.957+02:00","eventName":"n8n.node.started","message":"n8n.node.started","payload":{"workflowId":"l5OL7xp4lTsRVx3O","workflowName":"INQABA-02-PROJECTS-FEED","executionId":"20","nodeType":"n8n-nodes-base.webhook","nodeName":"Webhook","nodeId":"4d0344b7-c53b-462c-9a5e-a119dcc037d9"}}
{"__type":"$$EventMessageConfirm","confirm":"469d411c-ff35-478c-9149-20990e2c6d56","ts":"2026-09-28T14:35:34.957+02:00","source":{"id":"0","name":"eventBus"}}
{"__type":"$$EventMessageNode","id":"cd85aaf4-9b97-4408-9225-f81dcd2408a4","ts":"2026-09-28T14:35:34.957+02:00","eventName":"n8n.node.finished","message":"n8n.node.finished","payload":{"workflowId":"l5OL7xp4lTsRVx3O","workflowName":"INQABA-02-PROJECTS-FEED","executionId":"20","nodeType":"n8n-nodes-base.webhook","nodeName":"Webhook","nodeId":"4d0344b7-c53b-462c-9a5e-a119dcc037d9"}}
{"__type":"$$EventMessageConfirm","confirm":"cd85aaf4-9b97-4408-9225-f81dcd2408a4","ts":"2026-09-28T14:35:34.957+02:00","source":{"id":"0","name":"eventBus"}}
{"__type":"$$EventMessageNode","id":"970e927a-53d9-42fb-b54f-16074b0037c3","ts":"2026-09-28T14:35:34.957+02:00","eventName":"n8n.node.started","message":"n8n.node.started","payload":{"workflowId":"l5OL7xp4lTsRVx3O","workflowName":"INQABA-02-PROJECTS-FEED","executionId":"20","nodeType":"n8n-nodes-base.postgres","nodeName":"Execute a SQL query","nodeId":"5bd250fb-b39c-4d83-8ca9-83d9d26769de"}}
{"__type":"$$EventMessageConfirm","confirm":"970e927a-53d9-42fb-b54f-16074b0037c3","ts":"2026-09-28T14:35:34.957+02:00","source":{"id":"0","name":"eventBus"}}
{"__type":"$$EventMessageNode","id":"836ed646-2ae5-4aaf-9e11-60d1eb8b9e65","ts":"2026-09-28T14:35:34.961+02:00","eventName":"n8n.node.finished","message":"n8n.node.finished","payload":{"workflowId":"l5OL7xp4lTsRVx3O","workflowName":"INQABA-02-PROJECTS-FEED","executionId":"20","nodeType":"n8n-nodes-base.postgres","nodeName":"Execute a SQL query","nodeId":"5bd250fb-b39c-4d83-8ca9-83d9d26769de"}}
{"__type":"$$EventMessageConfirm","confirm":"836ed646-2ae5-4aaf-9e11-60d1eb8b9e65","ts":"2026-09-28T14:35:34.962+02:00","source":{"id":"0","name":"eventBus"}}
{"__type":"$$EventMessageWorkflow","id":"ed37df3d-c800-4679-b37b-4616b66a7c4c","ts":"2026-09-28T14:35:34.962+02:00","eventName":"n8n.workflow.success","message":"n8n.workflow.success","payload":{"executionId":"20","success":true,"isManual":false,"mode":"webhook","workflowId":"l5OL7xp4lTsRVx3O","workflowName":"INQABA-02-PROJECTS-FEED","projectId":"PBlSUiAMQl3O96o8","projectName":"Andrew  Mthethwa <develomentorg11@gmail.com>"}}
{"__type":"$$EventMessageConfirm","confirm":"ed37df3d-c800-4679-b37b-4616b66a7c4c","ts":"2026-09-28T14:35:34.962+02:00","source":{"id":"0","name":"eventBus"}}
{"__type":"$$EventMessageAudit","id":"012cb98e-053e-4b3e-a4a9-3c67793b14b1","ts":"2026-09-28T14:35:35.880+02:00","eventName":"n8n.audit.workflow.executed","message":"n8n.audit.workflow.executed","payload":{"workflowId":"l5OL7xp4lTsRVx3O","workflowName":"INQABA-02-PROJECTS-FEED","executionId":"21","projectId":"PBlSUiAMQl3O96o8","projectName":"Andrew  Mthethwa <develomentorg11@gmail.com>","source":"webhook"}}
{"__type":"$$EventMessageConfirm","confirm":"012cb98e-053e-4b3e-a4a9-3c67793b14b1","ts":"2026-09-28T14:35:35.881+02:00","source":{"id":"0","name":"eventBus"}}
{"__type":"$$EventMessageWorkflow","id":"90914259-331a-415e-97d4-3412c1044666","ts":"2026-09-28T14:35:35.881+02:00","eventName":"n8n.workflow.started","message":"n8n.workflow.started","payload":{"executionId":"21","workflowId":"l5OL7xp4lTsRVx3O","isManual":false,"mode":"webhook","workflowName":"INQABA-02-PROJECTS-FEED","projectId":"PBlSUiAMQl3O96o8","projectName":"Andrew  Mthethwa <develomentorg11@gmail.com>"}}
{"__type":"$$EventMessageConfirm","confirm":"90914259-331a-415e-97d4-3412c1044666","ts":"2026-09-28T14:35:35.881+02:00","source":{"id":"0","name":"eventBus"}}
{"__type":"$$EventMessageNode","id":"b8a5e2f2-cc7a-416d-b194-e3e278766ad4","ts":"2026-09-28T14:35:35.882+02:00","eventName":"n8n.node.started","message":"n8n.node.started","payload":{"workflowId":"l5OL7xp4lTsRVx3O","workflowName":"INQABA-02-PROJECTS-FEED","executionId":"21","nodeType":"n8n-nodes-base.webhook","nodeName":"Webhook","nodeId":"4d0344b7-c53b-462c-9a5e-a119dcc037d9"}}
{"__type":"$$EventMessageConfirm","confirm":"b8a5e2f2-cc7a-416d-b194-e3e278766ad4","ts":"2026-09-28T14:35:35.882+02:00","source":{"id":"0","name":"eventBus"}}
{"__type":"$$EventMessageNode","id":"dac4ba85-c676-42ef-97ff-049b199a3084","ts":"2026-09-28T14:35:35.883+02:00","eventName":"n8n.node.finished","message":"n8n.node.finished","payload":{"workflowId":"l5OL7xp4lTsRVx3O","workflowName":"INQABA-02-PROJECTS-FEED","executionId":"21","nodeType":"n8n-nodes-base.webhook","nodeName":"Webhook","nodeId":"4d0344b7-c53b-462c-9a5e-a119dcc037d9"}}
{"__type":"$$EventMessageConfirm","confirm":"dac4ba85-c676-42ef-97ff-049b199a3084","ts":"2026-09-28T14:35:35.883+02:00","source":{"id":"0","name":"eventBus"}}
{"__type":"$$EventMessageNode","id":"a4c3eb68-664a-4526-9ff2-5f9836855a1b","ts":"2026-09-28T14:35:35.884+02:00","eventName":"n8n.node.started","message":"n8n.node.started","payload":{"workflowId":"l5OL7xp4lTsRVx3O","workflowName":"INQABA-02-PROJECTS-FEED","executionId":"21","nodeType":"n8n-nodes-base.postgres","nodeName":"Execute a SQL query","nodeId":"5bd250fb-b39c-4d83-8ca9-83d9d26769de"}}
{"__type":"$$EventMessageConfirm","confirm":"a4c3eb68-664a-4526-9ff2-5f9836855a1b","ts":"2026-09-28T14:35:35.884+02:00","source":{"id":"0","name":"eventBus"}}
{"__type":"$$EventMessageNode","id":"8efd7290-f4d8-4cc6-8ea7-fe99878421a5","ts":"2026-09-28T14:35:35.894+02:00","eventName":"n8n.node.finished","message":"n8n.node.finished","payload":{"workflowId":"l5OL7xp4lTsRVx3O","workflowName":"INQABA-02-PROJECTS-FEED","executionId":"21","nodeType":"n8n-nodes-base.postgres","nodeName":"Execute a SQL query","nodeId":"5bd250fb-b39c-4d83-8ca9-83d9d26769de"}}
{"__type":"$$EventMessageConfirm","confirm":"8efd7290-f4d8-4cc6-8ea7-fe99878421a5","ts":"2026-09-28T14:35:35.894+02:00","source":{"id":"0","name":"eventBus"}}
{"__type":"$$EventMessageWorkflow","id":"473f3b6d-f46a-42cc-b3c6-d23fa1e28d6f","ts":"2026-09-28T14:35:35.895+02:00","eventName":"n8n.workflow.success","message":"n8n.workflow.success","payload":{"executionId":"21","success":true,"isManual":false,"mode":"webhook","workflowId":"l5OL7xp4lTsRVx3O","workflowName":"INQABA-02-PROJECTS-FEED","projectId":"PBlSUiAMQl3O96o8","projectName":"Andrew  Mthethwa <develomentorg11@gmail.com>"}}
{"__type":"$$EventMessageConfirm","confirm":"473f3b6d-f46a-42cc-b3c6-d23fa1e28d6f","ts":"2026-09-28T14:35:35.895+02:00","source":{"id":"0","name":"eventBus"}}
{"__type":"$$EventMessageAudit","id":"a7a0c362-6c47-4667-8a4f-cfec7f9a4f1d","ts":"2026-09-28T14:35:36.571+02:00","eventName":"n8n.audit.workflow.executed","message":"n8n.audit.workflow.executed","payload":{"workflowId":"l5OL7xp4lTsRVx3O","workflowName":"INQABA-02-PROJECTS-FEED","executionId":"22","projectId":"PBlSUiAMQl3O96o8","projectName":"Andrew  Mthethwa <develomentorg11@gmail.com>","source":"webhook"}}
{"__type":"$$EventMessageConfirm","confirm":"a7a0c362-6c47-4667-8a4f-cfec7f9a4f1d","ts":"2026-09-28T14:35:36.572+02:00","source":{"id":"0","name":"eventBus"}}
{"__type":"$$EventMessageWorkflow","id":"259c4fb6-ee94-4b3e-bb01-0e137f854fc2","ts":"2026-09-28T14:35:36.572+02:00","eventName":"n8n.workflow.started","message":"n8n.workflow.started","payload":{"executionId":"22","workflowId":"l5OL7xp4lTsRVx3O","isManual":false,"mode":"webhook","workflowName":"INQABA-02-PROJECTS-FEED","projectId":"PBlSUiAMQl3O96o8","projectName":"Andrew  Mthethwa <develomentorg11@gmail.com>"}}
{"__type":"$$EventMessageConfirm","confirm":"259c4fb6-ee94-4b3e-bb01-0e137f854fc2","ts":"2026-09-28T14:35:36.572+02:00","source":{"id":"0","name":"eventBus"}}
{"__type":"$$EventMessageNode","id":"33c0dc52-66d0-4d93-bed1-98291de9d451","ts":"2026-09-28T14:35:36.572+02:00","eventName":"n8n.node.started","message":"n8n.node.started","payload":{"workflowId":"l5OL7xp4lTsRVx3O","workflowName":"INQABA-02-PROJECTS-FEED","executionId":"22","nodeType":"n8n-nodes-base.webhook","nodeName":"Webhook","nodeId":"4d0344b7-c53b-462c-9a5e-a119dcc037d9"}}
{"__type":"$$EventMessageConfirm","confirm":"33c0dc52-66d0-4d93-bed1-98291de9d451","ts":"2026-09-28T14:35:36.573+02:00","source":{"id":"0","name":"eventBus"}}
{"__type":"$$EventMessageNode","id":"e8ad7087-14db-4c64-b8a1-23dc4918c833","ts":"2026-09-28T14:35:36.573+02:00","eventName":"n8n.node.finished","message":"n8n.node.finished","payload":{"workflowId":"l5OL7xp4lTsRVx3O","workflowName":"INQABA-02-PROJECTS-FEED","executionId":"22","nodeType":"n8n-nodes-base.webhook","nodeName":"Webhook","nodeId":"4d0344b7-c53b-462c-9a5e-a119dcc037d9"}}
{"__type":"$$EventMessageConfirm","confirm":"e8ad7087-14db-4c64-b8a1-23dc4918c833","ts":"2026-09-28T14:35:36.573+02:00","source":{"id":"0","name":"eventBus"}}
{"__type":"$$EventMessageNode","id":"cdd58184-9632-4bf7-802e-d49828d6918f","ts":"2026-09-28T14:35:36.574+02:00","eventName":"n8n.node.started","message":"n8n.node.started","payload":{"workflowId":"l5OL7xp4lTsRVx3O","workflowName":"INQABA-02-PROJECTS-FEED","executionId":"22","nodeType":"n8n-nodes-base.postgres","nodeName":"Execute a SQL query","nodeId":"5bd250fb-b39c-4d83-8ca9-83d9d26769de"}}
{"__type":"$$EventMessageConfirm","confirm":"cdd58184-9632-4bf7-802e-d49828d6918f","ts":"2026-09-28T14:35:36.574+02:00","source":{"id":"0","name":"eventBus"}}
{"__type":"$$EventMessageNode","id":"b727a0e5-2f38-43d7-9895-e268f2272694","ts":"2026-09-28T14:35:36.584+02:00","eventName":"n8n.node.finished","message":"n8n.node.finished","payload":{"workflowId":"l5OL7xp4lTsRVx3O","workflowName":"INQABA-02-PROJECTS-FEED","executionId":"22","nodeType":"n8n-nodes-base.postgres","nodeName":"Execute a SQL query","nodeId":"5bd250fb-b39c-4d83-8ca9-83d9d26769de"}}
{"__type":"$$EventMessageConfirm","confirm":"b727a0e5-2f38-43d7-9895-e268f2272694","ts":"2026-09-28T14:35:36.584+02:00","source":{"id":"0","name":"eventBus"}}
{"__type":"$$EventMessageWorkflow","id":"4a539bc5-83a2-466c-89f4-ade86a22fdc2","ts":"2026-09-28T14:35:36.585+02:00","eventName":"n8n.workflow.success","message":"n8n.workflow.success","payload":{"executionId":"22","success":true,"isManual":false,"mode":"webhook","workflowId":"l5OL7xp4lTsRVx3O","workflowName":"INQABA-02-PROJECTS-FEED","projectId":"PBlSUiAMQl3O96o8","projectName":"Andrew  Mthethwa <develomentorg11@gmail.com>"}}
{"__type":"$$EventMessageConfirm","confirm":"4a539bc5-83a2-466c-89f4-ade86a22fdc2","ts":"2026-09-28T14:35:36.585+02:00","source":{"id":"0","name":"eventBus"}}
{"__type":"$$EventMessageAudit","id":"e1f43aa4-332a-4449-b431-10195d41fbca","ts":"2026-09-28T14:35:37.176+02:00","eventName":"n8n.audit.workflow.executed","message":"n8n.audit.workflow.executed","payload":{"workflowId":"l5OL7xp4lTsRVx3O","workflowName":"INQABA-02-PROJECTS-FEED","executionId":"23","projectId":"PBlSUiAMQl3O96o8","projectName":"Andrew  Mthethwa <develomentorg11@gmail.com>","source":"webhook"}}
{"__type":"$$EventMessageConfirm","confirm":"e1f43aa4-332a-4449-b431-10195d41fbca","ts":"2026-09-28T14:35:37.176+02:00","source":{"id":"0","name":"eventBus"}}
{"__type":"$$EventMessageWorkflow","id":"eba29e70-cb66-4e0e-b2a0-2a896dd0df71","ts":"2026-09-28T14:35:37.176+02:00","eventName":"n8n.workflow.started","message":"n8n.workflow.started","payload":{"executionId":"23","workflowId":"l5OL7xp4lTsRVx3O","isManual":false,"mode":"webhook","workflowName":"INQABA-02-PROJECTS-FEED","projectId":"PBlSUiAMQl3O96o8","projectName":"Andrew  Mthethwa <develomentorg11@gmail.com>"}}
{"__type":"$$EventMessageConfirm","confirm":"eba29e70-cb66-4e0e-b2a0-2a896dd0df71","ts":"2026-09-28T14:35:37.176+02:00","source":{"id":"0","name":"eventBus"}}
{"__type":"$$EventMessageNode","id":"7036f004-5bff-45df-bcce-7616b0fc8379","ts":"2026-09-28T14:35:37.177+02:00","eventName":"n8n.node.started","message":"n8n.node.started","payload":{"workflowId":"l5OL7xp4lTsRVx3O","workflowName":"INQABA-02-PROJECTS-FEED","executionId":"23","nodeType":"n8n-nodes-base.webhook","nodeName":"Webhook","nodeId":"4d0344b7-c53b-462c-9a5e-a119dcc037d9"}}
{"__type":"$$EventMessageConfirm","confirm":"7036f004-5bff-45df-bcce-7616b0fc8379","ts":"2026-09-28T14:35:37.177+02:00","source":{"id":"0","name":"eventBus"}}
{"__type":"$$EventMessageNode","id":"e39e5b85-e020-4804-bac5-431f1be180ad","ts":"2026-09-28T14:35:37.177+02:00","eventName":"n8n.node.finished","message":"n8n.node.finished","payload":{"workflowId":"l5OL7xp4lTsRVx3O","workflowName":"INQABA-02-PROJECTS-FEED","executionId":"23","nodeType":"n8n-nodes-base.webhook","nodeName":"Webhook","nodeId":"4d0344b7-c53b-462c-9a5e-a119dcc037d9"}}
{"__type":"$$EventMessageConfirm","confirm":"e39e5b85-e020-4804-bac5-431f1be180ad","ts":"2026-09-28T14:35:37.178+02:00","source":{"id":"0","name":"eventBus"}}
{"__type":"$$EventMessageNode","id":"4d51de89-67c9-45b2-b51e-2c78106e1f13","ts":"2026-09-28T14:35:37.178+02:00","eventName":"n8n.node.started","message":"n8n.node.started","payload":{"workflowId":"l5OL7xp4lTsRVx3O","workflowName":"INQABA-02-PROJECTS-FEED","executionId":"23","nodeType":"n8n-nodes-base.postgres","nodeName":"Execute a SQL query","nodeId":"5bd250fb-b39c-4d83-8ca9-83d9d26769de"}}
{"__type":"$$EventMessageConfirm","confirm":"4d51de89-67c9-45b2-b51e-2c78106e1f13","ts":"2026-09-28T14:35:37.178+02:00","source":{"id":"0","name":"eventBus"}}
{"__type":"$$EventMessageNode","id":"efe3b34d-8f6a-4f18-b627-f6f1a8271e80","ts":"2026-09-28T14:35:37.189+02:00","eventName":"n8n.node.finished","message":"n8n.node.finished","payload":{"workflowId":"l5OL7xp4lTsRVx3O","workflowName":"INQABA-02-PROJECTS-FEED","executionId":"23","nodeType":"n8n-nodes-base.postgres","nodeName":"Execute a SQL query","nodeId":"5bd250fb-b39c-4d83-8ca9-83d9d26769de"}}
{"__type":"$$EventMessageConfirm","confirm":"efe3b34d-8f6a-4f18-b627-f6f1a8271e80","ts":"2026-09-28T14:35:37.189+02:00","source":{"id":"0","name":"eventBus"}}
{"__type":"$$EventMessageWorkflow","id":"52780df9-4ceb-4724-93fd-7a98398e64b3","ts":"2026-09-28T14:35:37.190+02:00","eventName":"n8n.workflow.success","message":"n8n.workflow.success","payload":{"executionId":"23","success":true,"isManual":false,"mode":"webhook","workflowId":"l5OL7xp4lTsRVx3O","workflowName":"INQABA-02-PROJECTS-FEED","projectId":"PBlSUiAMQl3O96o8","projectName":"Andrew  Mthethwa <develomentorg11@gmail.com>"}}
{"__type":"$$EventMessageConfirm","confirm":"52780df9-4ceb-4724-93fd-7a98398e64b3","ts":"2026-09-28T14:35:37.190+02:00","source":{"id":"0","name":"eventBus"}}
{"__type":"$$EventMessageAudit","id":"1d96aa6e-b491-4b10-9aad-9017e35159e9","ts":"2026-09-28T14:35:37.776+02:00","eventName":"n8n.audit.workflow.executed","message":"n8n.audit.workflow.executed","payload":{"workflowId":"l5OL7xp4lTsRVx3O","workflowName":"INQABA-02-PROJECTS-FEED","executionId":"24","projectId":"PBlSUiAMQl3O96o8","projectName":"Andrew  Mthethwa <develomentorg11@gmail.com>","source":"webhook"}}
{"__type":"$$EventMessageConfirm","confirm":"1d96aa6e-b491-4b10-9aad-9017e35159e9","ts":"2026-09-28T14:35:37.777+02:00","source":{"id":"0","name":"eventBus"}}
{"__type":"$$EventMessageWorkflow","id":"67df6a56-7524-472e-965d-9844c612601e","ts":"2026-09-28T14:35:37.777+02:00","eventName":"n8n.workflow.started","message":"n8n.workflow.started","payload":{"executionId":"24","workflowId":"l5OL7xp4lTsRVx3O","isManual":false,"mode":"webhook","workflowName":"INQABA-02-PROJECTS-FEED","projectId":"PBlSUiAMQl3O96o8","projectName":"Andrew  Mthethwa <develomentorg11@gmail.com>"}}
{"__type":"$$EventMessageConfirm","confirm":"67df6a56-7524-472e-965d-9844c612601e","ts":"2026-09-28T14:35:37.778+02:00","source":{"id":"0","name":"eventBus"}}
{"__type":"$$EventMessageNode","id":"4cc249e1-fab9-434a-9644-4bb2c2a044ee","ts":"2026-09-28T14:35:37.778+02:00","eventName":"n8n.node.started","message":"n8n.node.started","payload":{"workflowId":"l5OL7xp4lTsRVx3O","workflowName":"INQABA-02-PROJECTS-FEED","executionId":"24","nodeType":"n8n-nodes-base.webhook","nodeName":"Webhook","nodeId":"4d0344b7-c53b-462c-9a5e-a119dcc037d9"}}
{"__type":"$$EventMessageConfirm","confirm":"4cc249e1-fab9-434a-9644-4bb2c2a044ee","ts":"2026-09-28T14:35:37.778+02:00","source":{"id":"0","name":"eventBus"}}
{"__type":"$$EventMessageNode","id":"0aa95f61-06d6-436a-a5b4-e47344cfb65f","ts":"2026-09-28T14:35:37.779+02:00","eventName":"n8n.node.finished","message":"n8n.node.finished","payload":{"workflowId":"l5OL7xp4lTsRVx3O","workflowName":"INQABA-02-PROJECTS-FEED","executionId":"24","nodeType":"n8n-nodes-base.webhook","nodeName":"Webhook","nodeId":"4d0344b7-c53b-462c-9a5e-a119dcc037d9"}}
{"__type":"$$EventMessageConfirm","confirm":"0aa95f61-06d6-436a-a5b4-e47344cfb65f","ts":"2026-09-28T14:35:37.779+02:00","source":{"id":"0","name":"eventBus"}}
{"__type":"$$EventMessageNode","id":"5970f259-e35c-4e18-b952-8ba2e0ca2f75","ts":"2026-09-28T14:35:37.780+02:00","eventName":"n8n.node.started","message":"n8n.node.started","payload":{"workflowId":"l5OL7xp4lTsRVx3O","workflowName":"INQABA-02-PROJECTS-FEED","executionId":"24","nodeType":"n8n-nodes-base.postgres","nodeName":"Execute a SQL query","nodeId":"5bd250fb-b39c-4d83-8ca9-83d9d26769de"}}
{"__type":"$$EventMessageConfirm","confirm":"5970f259-e35c-4e18-b952-8ba2e0ca2f75","ts":"2026-09-28T14:35:37.780+02:00","source":{"id":"0","name":"eventBus"}}
{"__type":"$$EventMessageNode","id":"320662b1-91e0-43c3-8475-849048452b8c","ts":"2026-09-28T14:35:37.790+02:00","eventName":"n8n.node.finished","message":"n8n.node.finished","payload":{"workflowId":"l5OL7xp4lTsRVx3O","workflowName":"INQABA-02-PROJECTS-FEED","executionId":"24","nodeType":"n8n-nodes-base.postgres","nodeName":"Execute a SQL query","nodeId":"5bd250fb-b39c-4d83-8ca9-83d9d26769de"}}
{"__type":"$$EventMessageConfirm","confirm":"320662b1-91e0-43c3-8475-849048452b8c","ts":"2026-09-28T14:35:37.790+02:00","source":{"id":"0","name":"eventBus"}}
{"__type":"$$EventMessageWorkflow","id":"8a61ec65-e135-4cc1-b630-529bbc1cd5f3","ts":"2026-09-28T14:35:37.791+02:00","eventName":"n8n.workflow.success","message":"n8n.workflow.success","payload":{"executionId":"24","success":true,"isManual":false,"mode":"webhook","workflowId":"l5OL7xp4lTsRVx3O","workflowName":"INQABA-02-PROJECTS-FEED","projectId":"PBlSUiAMQl3O96o8","projectName":"Andrew  Mthethwa <develomentorg11@gmail.com>"}}
{"__type":"$$EventMessageConfirm","confirm":"8a61ec65-e135-4cc1-b630-529bbc1cd5f3","ts":"2026-09-28T14:35:37.791+02:00","source":{"id":"0","name":"eventBus"}}
{"__type":"$$EventMessageAudit","id":"4f24197d-0a2d-4ec5-8e03-b4e212a8c21c","ts":"2026-09-28T14:38:41.638+02:00","eventName":"n8n.audit.workflow.updated","message":"n8n.audit.workflow.updated","payload":{"userId":"378bb555-d142-4f98-8092-6db334bc679d","_email":"develomentorg11@gmail.com","_firstName":"Andrew ","_lastName":"Mthethwa","globalRole":"global:owner","workflowId":"ymC5phKqc8FJwDab","workflowName":"INQABA-01-PROJECT-INTAKE"}}
{"__type":"$$EventMessageConfirm","confirm":"4f24197d-0a2d-4ec5-8e03-b4e212a8c21c","ts":"2026-09-28T14:38:41.638+02:00","source":{"id":"0","name":"eventBus"}}
{"__type":"$$EventMessageAudit","id":"527510b6-4a59-406e-9e07-125db2f45974","ts":"2026-09-28T14:38:43.478+02:00","eventName":"n8n.audit.workflow.updated","message":"n8n.audit.workflow.updated","payload":{"userId":"378bb555-d142-4f98-8092-6db334bc679d","_email":"develomentorg11@gmail.com","_firstName":"Andrew ","_lastName":"Mthethwa","globalRole":"global:owner","workflowId":"ymC5phKqc8FJwDab","workflowName":"INQABA-01-PROJECT-INTAKE"}}
{"__type":"$$EventMessageConfirm","confirm":"527510b6-4a59-406e-9e07-125db2f45974","ts":"2026-09-28T14:38:43.478+02:00","source":{"id":"0","name":"eventBus"}}
{"__type":"$$EventMessageAudit","id":"2b9ce6ed-7f12-4b78-8f0a-155ea447ed02","ts":"2026-09-28T14:38:45.944+02:00","eventName":"n8n.audit.workflow.updated","message":"n8n.audit.workflow.updated","payload":{"userId":"378bb555-d142-4f98-8092-6db334bc679d","_email":"develomentorg11@gmail.com","_firstName":"Andrew ","_lastName":"Mthethwa","globalRole":"global:owner","workflowId":"ymC5phKqc8FJwDab","workflowName":"INQABA-01-PROJECT-INTAKE"}}
{"__type":"$$EventMessageConfirm","confirm":"2b9ce6ed-7f12-4b78-8f0a-155ea447ed02","ts":"2026-09-28T14:38:45.945+02:00","source":{"id":"0","name":"eventBus"}}
{"__type":"$$EventMessageAudit","id":"c408c014-d88a-4e8e-927e-b0bf3e6e64bb","ts":"2026-09-28T14:38:49.110+02:00","eventName":"n8n.audit.workflow.updated","message":"n8n.audit.workflow.updated","payload":{"userId":"378bb555-d142-4f98-8092-6db334bc679d","_email":"develomentorg11@gmail.com","_firstName":"Andrew ","_lastName":"Mthethwa","globalRole":"global:owner","workflowId":"ymC5phKqc8FJwDab","workflowName":"INQABA-01-PROJECT-INTAKE"}}
{"__type":"$$EventMessageConfirm","confirm":"c408c014-d88a-4e8e-927e-b0bf3e6e64bb","ts":"2026-09-28T14:38:49.111+02:00","source":{"id":"0","name":"eventBus"}}
{"__type":"$$EventMessageAudit","id":"0279c662-c885-4522-8539-25dfaae2cd1d","ts":"2026-09-28T14:38:52.772+02:00","eventName":"n8n.audit.workflow.activated","message":"n8n.audit.workflow.activated","payload":{"userId":"378bb555-d142-4f98-8092-6db334bc679d","_email":"develomentorg11@gmail.com","_firstName":"Andrew ","_lastName":"Mthethwa","globalRole":"global:owner","workflowId":"ymC5phKqc8FJwDab","workflowName":"INQABA-01-PROJECT-INTAKE","activeVersionId":"584e7dda-bd43-4922-bf99-0f9948047d43"}}
{"__type":"$$EventMessageConfirm","confirm":"0279c662-c885-4522-8539-25dfaae2cd1d","ts":"2026-09-28T14:38:52.772+02:00","source":{"id":"0","name":"eventBus"}}
{"__type":"$$EventMessageAudit","id":"eb0fee72-1a70-49e1-877b-7ba0795d26a8","ts":"2026-09-28T14:39:06.351+02:00","eventName":"n8n.audit.workflow.executed","message":"n8n.audit.workflow.executed","payload":{"workflowId":"l5OL7xp4lTsRVx3O","workflowName":"INQABA-02-PROJECTS-FEED","executionId":"25","projectId":"PBlSUiAMQl3O96o8","projectName":"Andrew  Mthethwa <develomentorg11@gmail.com>","source":"webhook"}}
{"__type":"$$EventMessageConfirm","confirm":"eb0fee72-1a70-49e1-877b-7ba0795d26a8","ts":"2026-09-28T14:39:06.351+02:00","source":{"id":"0","name":"eventBus"}}
{"__type":"$$EventMessageWorkflow","id":"3bb56b87-5965-4640-b11e-7dbcb82f4fc7","ts":"2026-09-28T14:39:06.352+02:00","eventName":"n8n.workflow.started","message":"n8n.workflow.started","payload":{"executionId":"25","workflowId":"l5OL7xp4lTsRVx3O","isManual":false,"mode":"webhook","workflowName":"INQABA-02-PROJECTS-FEED","projectId":"PBlSUiAMQl3O96o8","projectName":"Andrew  Mthethwa <develomentorg11@gmail.com>"}}
{"__type":"$$EventMessageConfirm","confirm":"3bb56b87-5965-4640-b11e-7dbcb82f4fc7","ts":"2026-09-28T14:39:06.352+02:00","source":{"id":"0","name":"eventBus"}}
{"__type":"$$EventMessageNode","id":"8af4c51c-6b9a-48ca-ad1b-6a6475ad7c31","ts":"2026-09-28T14:39:06.352+02:00","eventName":"n8n.node.started","message":"n8n.node.started","payload":{"workflowId":"l5OL7xp4lTsRVx3O","workflowName":"INQABA-02-PROJECTS-FEED","executionId":"25","nodeType":"n8n-nodes-base.webhook","nodeName":"Webhook","nodeId":"4d0344b7-c53b-462c-9a5e-a119dcc037d9"}}
{"__type":"$$EventMessageConfirm","confirm":"8af4c51c-6b9a-48ca-ad1b-6a6475ad7c31","ts":"2026-09-28T14:39:06.352+02:00","source":{"id":"0","name":"eventBus"}}
{"__type":"$$EventMessageNode","id":"ce38b816-fe5a-43ab-8eb6-1e07ef59f41a","ts":"2026-09-28T14:39:06.352+02:00","eventName":"n8n.node.finished","message":"n8n.node.finished","payload":{"workflowId":"l5OL7xp4lTsRVx3O","workflowName":"INQABA-02-PROJECTS-FEED","executionId":"25","nodeType":"n8n-nodes-base.webhook","nodeName":"Webhook","nodeId":"4d0344b7-c53b-462c-9a5e-a119dcc037d9"}}
{"__type":"$$EventMessageConfirm","confirm":"ce38b816-fe5a-43ab-8eb6-1e07ef59f41a","ts":"2026-09-28T14:39:06.352+02:00","source":{"id":"0","name":"eventBus"}}
{"__type":"$$EventMessageNode","id":"3b64906b-73ca-46db-af33-c4528f4bacaa","ts":"2026-09-28T14:39:06.352+02:00","eventName":"n8n.node.started","message":"n8n.node.started","payload":{"workflowId":"l5OL7xp4lTsRVx3O","workflowName":"INQABA-02-PROJECTS-FEED","executionId":"25","nodeType":"n8n-nodes-base.postgres","nodeName":"Execute a SQL query","nodeId":"5bd250fb-b39c-4d83-8ca9-83d9d26769de"}}
{"__type":"$$EventMessageConfirm","confirm":"3b64906b-73ca-46db-af33-c4528f4bacaa","ts":"2026-09-28T14:39:06.353+02:00","source":{"id":"0","name":"eventBus"}}
{"__type":"$$EventMessageNode","id":"e06c41d8-4559-48ab-995a-f68b74f18036","ts":"2026-09-28T14:39:06.382+02:00","eventName":"n8n.node.finished","message":"n8n.node.finished","payload":{"workflowId":"l5OL7xp4lTsRVx3O","workflowName":"INQABA-02-PROJECTS-FEED","executionId":"25","nodeType":"n8n-nodes-base.postgres","nodeName":"Execute a SQL query","nodeId":"5bd250fb-b39c-4d83-8ca9-83d9d26769de"}}
{"__type":"$$EventMessageConfirm","confirm":"e06c41d8-4559-48ab-995a-f68b74f18036","ts":"2026-09-28T14:39:06.382+02:00","source":{"id":"0","name":"eventBus"}}
{"__type":"$$EventMessageWorkflow","id":"8671d62e-385b-4c03-8b6d-a4bc780c756f","ts":"2026-09-28T14:39:06.382+02:00","eventName":"n8n.workflow.success","message":"n8n.workflow.success","payload":{"executionId":"25","success":true,"isManual":false,"mode":"webhook","workflowId":"l5OL7xp4lTsRVx3O","workflowName":"INQABA-02-PROJECTS-FEED","projectId":"PBlSUiAMQl3O96o8","projectName":"Andrew  Mthethwa <develomentorg11@gmail.com>"}}
{"__type":"$$EventMessageConfirm","confirm":"8671d62e-385b-4c03-8b6d-a4bc780c756f","ts":"2026-09-28T14:39:06.382+02:00","source":{"id":"0","name":"eventBus"}}
{"__type":"$$EventMessageAudit","id":"d1b210dd-9665-4a51-a40f-fdcafa1a2302","ts":"2026-09-28T14:40:07.588+02:00","eventName":"n8n.audit.workflow.executed","message":"n8n.audit.workflow.executed","payload":{"workflowId":"l5OL7xp4lTsRVx3O","workflowName":"INQABA-02-PROJECTS-FEED","executionId":"26","projectId":"PBlSUiAMQl3O96o8","projectName":"Andrew  Mthethwa <develomentorg11@gmail.com>","source":"webhook"}}
{"__type":"$$EventMessageConfirm","confirm":"d1b210dd-9665-4a51-a40f-fdcafa1a2302","ts":"2026-09-28T14:40:07.588+02:00","source":{"id":"0","name":"eventBus"}}
{"__type":"$$EventMessageWorkflow","id":"3bd63551-80ec-48a1-9b5b-298bcd8f0d31","ts":"2026-09-28T14:40:07.588+02:00","eventName":"n8n.workflow.started","message":"n8n.workflow.started","payload":{"executionId":"26","workflowId":"l5OL7xp4lTsRVx3O","isManual":false,"mode":"webhook","workflowName":"INQABA-02-PROJECTS-FEED","projectId":"PBlSUiAMQl3O96o8","projectName":"Andrew  Mthethwa <develomentorg11@gmail.com>"}}
{"__type":"$$EventMessageConfirm","confirm":"3bd63551-80ec-48a1-9b5b-298bcd8f0d31","ts":"2026-09-28T14:40:07.588+02:00","source":{"id":"0","name":"eventBus"}}
{"__type":"$$EventMessageNode","id":"dd025e1a-8c4f-472d-b544-4d30d1eeb8a6","ts":"2026-09-28T14:40:07.588+02:00","eventName":"n8n.node.started","message":"n8n.node.started","payload":{"workflowId":"l5OL7xp4lTsRVx3O","workflowName":"INQABA-02-PROJECTS-FEED","executionId":"26","nodeType":"n8n-nodes-base.webhook","nodeName":"Webhook","nodeId":"4d0344b7-c53b-462c-9a5e-a119dcc037d9"}}
{"__type":"$$EventMessageConfirm","confirm":"dd025e1a-8c4f-472d-b544-4d30d1eeb8a6","ts":"2026-09-28T14:40:07.588+02:00","source":{"id":"0","name":"eventBus"}}
{"__type":"$$EventMessageNode","id":"1ce306e5-5185-4bcc-a2a1-46cbe8418494","ts":"2026-09-28T14:40:07.589+02:00","eventName":"n8n.node.finished","message":"n8n.node.finished","payload":{"workflowId":"l5OL7xp4lTsRVx3O","workflowName":"INQABA-02-PROJECTS-FEED","executionId":"26","nodeType":"n8n-nodes-base.webhook","nodeName":"Webhook","nodeId":"4d0344b7-c53b-462c-9a5e-a119dcc037d9"}}
{"__type":"$$EventMessageConfirm","confirm":"1ce306e5-5185-4bcc-a2a1-46cbe8418494","ts":"2026-09-28T14:40:07.589+02:00","source":{"id":"0","name":"eventBus"}}
{"__type":"$$EventMessageNode","id":"efe9a845-9ccb-4fc8-8f92-b5645bcb9935","ts":"2026-09-28T14:40:07.589+02:00","eventName":"n8n.node.started","message":"n8n.node.started","payload":{"workflowId":"l5OL7xp4lTsRVx3O","workflowName":"INQABA-02-PROJECTS-FEED","executionId":"26","nodeType":"n8n-nodes-base.postgres","nodeName":"Execute a SQL query","nodeId":"5bd250fb-b39c-4d83-8ca9-83d9d26769de"}}
{"__type":"$$EventMessageConfirm","confirm":"efe9a845-9ccb-4fc8-8f92-b5645bcb9935","ts":"2026-09-28T14:40:07.589+02:00","source":{"id":"0","name":"eventBus"}}
{"__type":"$$EventMessageNode","id":"8a413ab8-2b70-452f-ade2-c5a22e2116e3","ts":"2026-09-28T14:40:07.612+02:00","eventName":"n8n.node.finished","message":"n8n.node.finished","payload":{"workflowId":"l5OL7xp4lTsRVx3O","workflowName":"INQABA-02-PROJECTS-FEED","executionId":"26","nodeType":"n8n-nodes-base.postgres","nodeName":"Execute a SQL query","nodeId":"5bd250fb-b39c-4d83-8ca9-83d9d26769de"}}
{"__type":"$$EventMessageConfirm","confirm":"8a413ab8-2b70-452f-ade2-c5a22e2116e3","ts":"2026-09-28T14:40:07.612+02:00","source":{"id":"0","name":"eventBus"}}
{"__type":"$$EventMessageWorkflow","id":"a062dd18-4d04-4e2c-a306-8cab84120754","ts":"2026-09-28T14:40:07.612+02:00","eventName":"n8n.workflow.success","message":"n8n.workflow.success","payload":{"executionId":"26","success":true,"isManual":false,"mode":"webhook","workflowId":"l5OL7xp4lTsRVx3O","workflowName":"INQABA-02-PROJECTS-FEED","projectId":"PBlSUiAMQl3O96o8","projectName":"Andrew  Mthethwa <develomentorg11@gmail.com>"}}
{"__type":"$$EventMessageConfirm","confirm":"a062dd18-4d04-4e2c-a306-8cab84120754","ts":"2026-09-28T14:40:07.612+02:00","source":{"id":"0","name":"eventBus"}}
{"__type":"$$EventMessageAudit","id":"a4544a6d-6ddf-42e2-b947-1d86d2bbc8fc","ts":"2026-09-28T14:42:06.552+02:00","eventName":"n8n.audit.workflow.executed","message":"n8n.audit.workflow.executed","payload":{"workflowId":"ymC5phKqc8FJwDab","workflowName":"INQABA-01-PROJECT-INTAKE","executionId":"27","projectId":"PBlSUiAMQl3O96o8","projectName":"Andrew  Mthethwa <develomentorg11@gmail.com>","source":"webhook"}}
{"__type":"$$EventMessageConfirm","confirm":"a4544a6d-6ddf-42e2-b947-1d86d2bbc8fc","ts":"2026-09-28T14:42:06.553+02:00","source":{"id":"0","name":"eventBus"}}
{"__type":"$$EventMessageWorkflow","id":"dc657b35-dc63-460a-a53b-b118674811da","ts":"2026-09-28T14:42:06.553+02:00","eventName":"n8n.workflow.started","message":"n8n.workflow.started","payload":{"executionId":"27","workflowId":"ymC5phKqc8FJwDab","isManual":false,"mode":"webhook","workflowName":"INQABA-01-PROJECT-INTAKE","projectId":"PBlSUiAMQl3O96o8","projectName":"Andrew  Mthethwa <develomentorg11@gmail.com>"}}
{"__type":"$$EventMessageConfirm","confirm":"dc657b35-dc63-460a-a53b-b118674811da","ts":"2026-09-28T14:42:06.553+02:00","source":{"id":"0","name":"eventBus"}}
{"__type":"$$EventMessageNode","id":"5fbe41bf-9432-4902-8400-94303d0873be","ts":"2026-09-28T14:42:06.555+02:00","eventName":"n8n.node.started","message":"n8n.node.started","payload":{"workflowId":"ymC5phKqc8FJwDab","workflowName":"INQABA-01-PROJECT-INTAKE","executionId":"27","nodeType":"n8n-nodes-base.webhook","nodeName":"Webhook","nodeId":"6cb3833f-d243-4df6-98d2-c6756a041de1"}}
{"__type":"$$EventMessageConfirm","confirm":"5fbe41bf-9432-4902-8400-94303d0873be","ts":"2026-09-28T14:42:06.555+02:00","source":{"id":"0","name":"eventBus"}}
{"__type":"$$EventMessageNode","id":"35a26dec-8f61-4114-a2b2-9dfaf94b72cd","ts":"2026-09-28T14:42:06.556+02:00","eventName":"n8n.node.finished","message":"n8n.node.finished","payload":{"workflowId":"ymC5phKqc8FJwDab","workflowName":"INQABA-01-PROJECT-INTAKE","executionId":"27","nodeType":"n8n-nodes-base.webhook","nodeName":"Webhook","nodeId":"6cb3833f-d243-4df6-98d2-c6756a041de1"}}
{"__type":"$$EventMessageConfirm","confirm":"35a26dec-8f61-4114-a2b2-9dfaf94b72cd","ts":"2026-09-28T14:42:06.556+02:00","source":{"id":"0","name":"eventBus"}}
{"__type":"$$EventMessageNode","id":"37f55697-d59e-4c0a-898c-a8e1da57e026","ts":"2026-09-28T14:42:06.556+02:00","eventName":"n8n.node.started","message":"n8n.node.started","payload":{"workflowId":"ymC5phKqc8FJwDab","workflowName":"INQABA-01-PROJECT-INTAKE","executionId":"27","nodeType":"n8n-nodes-base.postgres","nodeName":"Execute a SQL query","nodeId":"ec798e50-c6c8-4969-a380-4c9ca929b1a7"}}
{"__type":"$$EventMessageConfirm","confirm":"37f55697-d59e-4c0a-898c-a8e1da57e026","ts":"2026-09-28T14:42:06.557+02:00","source":{"id":"0","name":"eventBus"}}
{"__type":"$$EventMessageAudit","id":"a857d190-52e5-4dc7-a63c-75cde43a48d5","ts":"2026-09-28T14:42:06.696+02:00","eventName":"n8n.audit.workflow.executed","message":"n8n.audit.workflow.executed","payload":{"workflowId":"l5OL7xp4lTsRVx3O","workflowName":"INQABA-02-PROJECTS-FEED","executionId":"28","projectId":"PBlSUiAMQl3O96o8","projectName":"Andrew  Mthethwa <develomentorg11@gmail.com>","source":"webhook"}}
{"__type":"$$EventMessageConfirm","confirm":"a857d190-52e5-4dc7-a63c-75cde43a48d5","ts":"2026-09-28T14:42:06.696+02:00","source":{"id":"0","name":"eventBus"}}
{"__type":"$$EventMessageNode","id":"e943ef29-9740-4f51-abb9-e0140680e833","ts":"2026-09-28T14:42:06.699+02:00","eventName":"n8n.node.finished","message":"n8n.node.finished","payload":{"workflowId":"ymC5phKqc8FJwDab","workflowName":"INQABA-01-PROJECT-INTAKE","executionId":"27","nodeType":"n8n-nodes-base.postgres","nodeName":"Execute a SQL query","nodeId":"ec798e50-c6c8-4969-a380-4c9ca929b1a7"}}
{"__type":"$$EventMessageConfirm","confirm":"e943ef29-9740-4f51-abb9-e0140680e833","ts":"2026-09-28T14:42:06.699+02:00","source":{"id":"0","name":"eventBus"}}
{"__type":"$$EventMessageWorkflow","id":"38383fde-59a7-4821-8747-2cb214ca6a95","ts":"2026-09-28T14:42:06.699+02:00","eventName":"n8n.workflow.success","message":"n8n.workflow.success","payload":{"executionId":"27","success":true,"isManual":false,"mode":"webhook","workflowId":"ymC5phKqc8FJwDab","workflowName":"INQABA-01-PROJECT-INTAKE","projectId":"PBlSUiAMQl3O96o8","projectName":"Andrew  Mthethwa <develomentorg11@gmail.com>"}}
{"__type":"$$EventMessageConfirm","confirm":"38383fde-59a7-4821-8747-2cb214ca6a95","ts":"2026-09-28T14:42:06.699+02:00","source":{"id":"0","name":"eventBus"}}
{"__type":"$$EventMessageWorkflow","id":"3512d27a-2df7-4ced-bc38-b353e365cd71","ts":"2026-09-28T14:42:06.753+02:00","eventName":"n8n.workflow.started","message":"n8n.workflow.started","payload":{"executionId":"28","workflowId":"l5OL7xp4lTsRVx3O","isManual":false,"mode":"webhook","workflowName":"INQABA-02-PROJECTS-FEED","projectId":"PBlSUiAMQl3O96o8","projectName":"Andrew  Mthethwa <develomentorg11@gmail.com>"}}
{"__type":"$$EventMessageConfirm","confirm":"3512d27a-2df7-4ced-bc38-b353e365cd71","ts":"2026-09-28T14:42:06.753+02:00","source":{"id":"0","name":"eventBus"}}
{"__type":"$$EventMessageNode","id":"47f80bd6-2089-4cd4-a0fa-61a53678a21a","ts":"2026-09-28T14:42:06.754+02:00","eventName":"n8n.node.started","message":"n8n.node.started","payload":{"workflowId":"l5OL7xp4lTsRVx3O","workflowName":"INQABA-02-PROJECTS-FEED","executionId":"28","nodeType":"n8n-nodes-base.webhook","nodeName":"Webhook","nodeId":"4d0344b7-c53b-462c-9a5e-a119dcc037d9"}}
{"__type":"$$EventMessageConfirm","confirm":"47f80bd6-2089-4cd4-a0fa-61a53678a21a","ts":"2026-09-28T14:42:06.754+02:00","source":{"id":"0","name":"eventBus"}}
{"__type":"$$EventMessageNode","id":"b0c56b55-278d-4135-becc-31040a6edd80","ts":"2026-09-28T14:42:06.754+02:00","eventName":"n8n.node.finished","message":"n8n.node.finished","payload":{"workflowId":"l5OL7xp4lTsRVx3O","workflowName":"INQABA-02-PROJECTS-FEED","executionId":"28","nodeType":"n8n-nodes-base.webhook","nodeName":"Webhook","nodeId":"4d0344b7-c53b-462c-9a5e-a119dcc037d9"}}
{"__type":"$$EventMessageConfirm","confirm":"b0c56b55-278d-4135-becc-31040a6edd80","ts":"2026-09-28T14:42:06.754+02:00","source":{"id":"0","name":"eventBus"}}
{"__type":"$$EventMessageNode","id":"51821e5a-a3ee-4e57-82f5-57eb6b806b13","ts":"2026-09-28T14:42:06.754+02:00","eventName":"n8n.node.started","message":"n8n.node.started","payload":{"workflowId":"l5OL7xp4lTsRVx3O","workflowName":"INQABA-02-PROJECTS-FEED","executionId":"28","nodeType":"n8n-nodes-base.postgres","nodeName":"Execute a SQL query","nodeId":"5bd250fb-b39c-4d83-8ca9-83d9d26769de"}}
{"__type":"$$EventMessageConfirm","confirm":"51821e5a-a3ee-4e57-82f5-57eb6b806b13","ts":"2026-09-28T14:42:06.754+02:00","source":{"id":"0","name":"eventBus"}}
{"__type":"$$EventMessageNode","id":"9f2f7611-e3df-41f4-9add-157af1f8060f","ts":"2026-09-28T14:42:06.757+02:00","eventName":"n8n.node.finished","message":"n8n.node.finished","payload":{"workflowId":"l5OL7xp4lTsRVx3O","workflowName":"INQABA-02-PROJECTS-FEED","executionId":"28","nodeType":"n8n-nodes-base.postgres","nodeName":"Execute a SQL query","nodeId":"5bd250fb-b39c-4d83-8ca9-83d9d26769de"}}
{"__type":"$$EventMessageConfirm","confirm":"9f2f7611-e3df-41f4-9add-157af1f8060f","ts":"2026-09-28T14:42:06.757+02:00","source":{"id":"0","name":"eventBus"}}
{"__type":"$$EventMessageWorkflow","id":"669730e4-1233-4a4c-90c4-f0f82a030f3f","ts":"2026-09-28T14:42:06.757+02:00","eventName":"n8n.workflow.success","message":"n8n.workflow.success","payload":{"executionId":"28","success":true,"isManual":false,"mode":"webhook","workflowId":"l5OL7xp4lTsRVx3O","workflowName":"INQABA-02-PROJECTS-FEED","projectId":"PBlSUiAMQl3O96o8","projectName":"Andrew  Mthethwa <develomentorg11@gmail.com>"}}
{"__type":"$$EventMessageConfirm","confirm":"669730e4-1233-4a4c-90c4-f0f82a030f3f","ts":"2026-09-28T14:42:06.757+02:00","source":{"id":"0","name":"eventBus"}}
{"__type":"$$EventMessageAudit","id":"154475a3-5f24-4618-8b96-85513511705d","ts":"2026-09-28T14:42:27.700+02:00","eventName":"n8n.audit.workflow.executed","message":"n8n.audit.workflow.executed","payload":{"workflowId":"l5OL7xp4lTsRVx3O","workflowName":"INQABA-02-PROJECTS-FEED","executionId":"29","projectId":"PBlSUiAMQl3O96o8","projectName":"Andrew  Mthethwa <develomentorg11@gmail.com>","source":"webhook"}}
{"__type":"$$EventMessageConfirm","confirm":"154475a3-5f24-4618-8b96-85513511705d","ts":"2026-09-28T14:42:27.700+02:00","source":{"id":"0","name":"eventBus"}}
{"__type":"$$EventMessageWorkflow","id":"5c7f5755-ca64-415b-954e-51cf89f7aed8","ts":"2026-09-28T14:42:27.701+02:00","eventName":"n8n.workflow.started","message":"n8n.workflow.started","payload":{"executionId":"29","workflowId":"l5OL7xp4lTsRVx3O","isManual":false,"mode":"webhook","workflowName":"INQABA-02-PROJECTS-FEED","projectId":"PBlSUiAMQl3O96o8","projectName":"Andrew  Mthethwa <develomentorg11@gmail.com>"}}
{"__type":"$$EventMessageConfirm","confirm":"5c7f5755-ca64-415b-954e-51cf89f7aed8","ts":"2026-09-28T14:42:27.701+02:00","source":{"id":"0","name":"eventBus"}}
{"__type":"$$EventMessageNode","id":"733053cc-7ea9-4892-94ae-7934493dbed5","ts":"2026-09-28T14:42:27.701+02:00","eventName":"n8n.node.started","message":"n8n.node.started","payload":{"workflowId":"l5OL7xp4lTsRVx3O","workflowName":"INQABA-02-PROJECTS-FEED","executionId":"29","nodeType":"n8n-nodes-base.webhook","nodeName":"Webhook","nodeId":"4d0344b7-c53b-462c-9a5e-a119dcc037d9"}}
{"__type":"$$EventMessageConfirm","confirm":"733053cc-7ea9-4892-94ae-7934493dbed5","ts":"2026-09-28T14:42:27.701+02:00","source":{"id":"0","name":"eventBus"}}
{"__type":"$$EventMessageNode","id":"5c96f432-9bb1-46d7-b38e-de5dd851ddca","ts":"2026-09-28T14:42:27.701+02:00","eventName":"n8n.node.finished","message":"n8n.node.finished","payload":{"workflowId":"l5OL7xp4lTsRVx3O","workflowName":"INQABA-02-PROJECTS-FEED","executionId":"29","nodeType":"n8n-nodes-base.webhook","nodeName":"Webhook","nodeId":"4d0344b7-c53b-462c-9a5e-a119dcc037d9"}}
{"__type":"$$EventMessageConfirm","confirm":"5c96f432-9bb1-46d7-b38e-de5dd851ddca","ts":"2026-09-28T14:42:27.702+02:00","source":{"id":"0","name":"eventBus"}}
{"__type":"$$EventMessageNode","id":"c769afd4-b1ab-4857-b8bb-f1d3d35cbd52","ts":"2026-09-28T14:42:27.702+02:00","eventName":"n8n.node.started","message":"n8n.node.started","payload":{"workflowId":"l5OL7xp4lTsRVx3O","workflowName":"INQABA-02-PROJECTS-FEED","executionId":"29","nodeType":"n8n-nodes-base.postgres","nodeName":"Execute a SQL query","nodeId":"5bd250fb-b39c-4d83-8ca9-83d9d26769de"}}
{"__type":"$$EventMessageConfirm","confirm":"c769afd4-b1ab-4857-b8bb-f1d3d35cbd52","ts":"2026-09-28T14:42:27.702+02:00","source":{"id":"0","name":"eventBus"}}
{"__type":"$$EventMessageNode","id":"b99908c9-4ce2-48d9-8b44-d559f5df20fe","ts":"2026-09-28T14:42:27.765+02:00","eventName":"n8n.node.finished","message":"n8n.node.finished","payload":{"workflowId":"l5OL7xp4lTsRVx3O","workflowName":"INQABA-02-PROJECTS-FEED","executionId":"29","nodeType":"n8n-nodes-base.postgres","nodeName":"Execute a SQL query","nodeId":"5bd250fb-b39c-4d83-8ca9-83d9d26769de"}}
{"__type":"$$EventMessageConfirm","confirm":"b99908c9-4ce2-48d9-8b44-d559f5df20fe","ts":"2026-09-28T14:42:27.765+02:00","source":{"id":"0","name":"eventBus"}}
{"__type":"$$EventMessageWorkflow","id":"a9ba0e10-0cda-4ff6-ad75-7e68a84c5e2e","ts":"2026-09-28T14:42:27.765+02:00","eventName":"n8n.workflow.success","message":"n8n.workflow.success","payload":{"executionId":"29","success":true,"isManual":false,"mode":"webhook","workflowId":"l5OL7xp4lTsRVx3O","workflowName":"INQABA-02-PROJECTS-FEED","projectId":"PBlSUiAMQl3O96o8","projectName":"Andrew  Mthethwa <develomentorg11@gmail.com>"}}
{"__type":"$$EventMessageConfirm","confirm":"a9ba0e10-0cda-4ff6-ad75-7e68a84c5e2e","ts":"2026-09-28T14:42:27.766+02:00","source":{"id":"0","name":"eventBus"}}
{"__type":"$$EventMessageAudit","id":"6931b8d0-3d38-481a-9acd-a794bce7efb8","ts":"2026-09-28T14:44:19.148+02:00","eventName":"n8n.audit.workflow.executed","message":"n8n.audit.workflow.executed","payload":{"workflowId":"l5OL7xp4lTsRVx3O","workflowName":"INQABA-02-PROJECTS-FEED","executionId":"30","projectId":"PBlSUiAMQl3O96o8","projectName":"Andrew  Mthethwa <develomentorg11@gmail.com>","source":"webhook"}}
{"__type":"$$EventMessageConfirm","confirm":"6931b8d0-3d38-481a-9acd-a794bce7efb8","ts":"2026-09-28T14:44:19.148+02:00","source":{"id":"0","name":"eventBus"}}
{"__type":"$$EventMessageWorkflow","id":"51dd33f0-8e13-45a1-b7d5-57bbc4fa7978","ts":"2026-09-28T14:44:19.148+02:00","eventName":"n8n.workflow.started","message":"n8n.workflow.started","payload":{"executionId":"30","workflowId":"l5OL7xp4lTsRVx3O","isManual":false,"mode":"webhook","workflowName":"INQABA-02-PROJECTS-FEED","projectId":"PBlSUiAMQl3O96o8","projectName":"Andrew  Mthethwa <develomentorg11@gmail.com>"}}
{"__type":"$$EventMessageConfirm","confirm":"51dd33f0-8e13-45a1-b7d5-57bbc4fa7978","ts":"2026-09-28T14:44:19.149+02:00","source":{"id":"0","name":"eventBus"}}
{"__type":"$$EventMessageNode","id":"479eb14b-5ec8-4595-b0c8-b74caf69aa06","ts":"2026-09-28T14:44:19.149+02:00","eventName":"n8n.node.started","message":"n8n.node.started","payload":{"workflowId":"l5OL7xp4lTsRVx3O","workflowName":"INQABA-02-PROJECTS-FEED","executionId":"30","nodeType":"n8n-nodes-base.webhook","nodeName":"Webhook","nodeId":"4d0344b7-c53b-462c-9a5e-a119dcc037d9"}}
{"__type":"$$EventMessageConfirm","confirm":"479eb14b-5ec8-4595-b0c8-b74caf69aa06","ts":"2026-09-28T14:44:19.149+02:00","source":{"id":"0","name":"eventBus"}}
{"__type":"$$EventMessageNode","id":"d379f675-6963-4c16-a3f3-5c306f0bb4d0","ts":"2026-09-28T14:44:19.149+02:00","eventName":"n8n.node.finished","message":"n8n.node.finished","payload":{"workflowId":"l5OL7xp4lTsRVx3O","workflowName":"INQABA-02-PROJECTS-FEED","executionId":"30","nodeType":"n8n-nodes-base.webhook","nodeName":"Webhook","nodeId":"4d0344b7-c53b-462c-9a5e-a119dcc037d9"}}
{"__type":"$$EventMessageConfirm","confirm":"d379f675-6963-4c16-a3f3-5c306f0bb4d0","ts":"2026-09-28T14:44:19.150+02:00","source":{"id":"0","name":"eventBus"}}
{"__type":"$$EventMessageNode","id":"3748b260-e094-42d6-8193-5a3788e33910","ts":"2026-09-28T14:44:19.150+02:00","eventName":"n8n.node.started","message":"n8n.node.started","payload":{"workflowId":"l5OL7xp4lTsRVx3O","workflowName":"INQABA-02-PROJECTS-FEED","executionId":"30","nodeType":"n8n-nodes-base.postgres","nodeName":"Execute a SQL query","nodeId":"5bd250fb-b39c-4d83-8ca9-83d9d26769de"}}
{"__type":"$$EventMessageConfirm","confirm":"3748b260-e094-42d6-8193-5a3788e33910","ts":"2026-09-28T14:44:19.150+02:00","source":{"id":"0","name":"eventBus"}}
{"__type":"$$EventMessageNode","id":"4c00a933-4451-4e17-9f83-0fc96a1154d5","ts":"2026-09-28T14:44:19.228+02:00","eventName":"n8n.node.finished","message":"n8n.node.finished","payload":{"workflowId":"l5OL7xp4lTsRVx3O","workflowName":"INQABA-02-PROJECTS-FEED","executionId":"30","nodeType":"n8n-nodes-base.postgres","nodeName":"Execute a SQL query","nodeId":"5bd250fb-b39c-4d83-8ca9-83d9d26769de"}}
{"__type":"$$EventMessageConfirm","confirm":"4c00a933-4451-4e17-9f83-0fc96a1154d5","ts":"2026-09-28T14:44:19.228+02:00","source":{"id":"0","name":"eventBus"}}
{"__type":"$$EventMessageWorkflow","id":"e2d547f7-ad40-4512-9400-97838c7bc57e","ts":"2026-09-28T14:44:19.229+02:00","eventName":"n8n.workflow.success","message":"n8n.workflow.success","payload":{"executionId":"30","success":true,"isManual":false,"mode":"webhook","workflowId":"l5OL7xp4lTsRVx3O","workflowName":"INQABA-02-PROJECTS-FEED","projectId":"PBlSUiAMQl3O96o8","projectName":"Andrew  Mthethwa <develomentorg11@gmail.com>"}}
{"__type":"$$EventMessageConfirm","confirm":"e2d547f7-ad40-4512-9400-97838c7bc57e","ts":"2026-09-28T14:44:19.229+02:00","source":{"id":"0","name":"eventBus"}}
{"__type":"$$EventMessageAudit","id":"b73224dc-7ab7-4262-9859-546a1e227040","ts":"2026-09-28T14:47:42.630+02:00","eventName":"n8n.audit.workflow.updated","message":"n8n.audit.workflow.updated","payload":{"userId":"378bb555-d142-4f98-8092-6db334bc679d","_email":"develomentorg11@gmail.com","_firstName":"Andrew ","_lastName":"Mthethwa","globalRole":"global:owner","workflowId":"l5OL7xp4lTsRVx3O","workflowName":"INQABA-02-PROJECTS-FEED"}}
{"__type":"$$EventMessageConfirm","confirm":"b73224dc-7ab7-4262-9859-546a1e227040","ts":"2026-09-28T14:47:42.631+02:00","source":{"id":"0","name":"eventBus"}}
{"__type":"$$EventMessageAudit","id":"673caa52-be71-44f6-9333-42df3b5aaff1","ts":"2026-09-28T14:47:57.472+02:00","eventName":"n8n.audit.workflow.deactivated","message":"n8n.audit.workflow.deactivated","payload":{"userId":"378bb555-d142-4f98-8092-6db334bc679d","_email":"develomentorg11@gmail.com","_firstName":"Andrew ","_lastName":"Mthethwa","globalRole":"global:owner","workflowId":"l5OL7xp4lTsRVx3O","workflowName":"INQABA-02-PROJECTS-FEED","deactivatedVersionId":"ef6391b9-b271-47f3-899a-734a864d4fd3"}}
{"__type":"$$EventMessageConfirm","confirm":"673caa52-be71-44f6-9333-42df3b5aaff1","ts":"2026-09-28T14:47:57.472+02:00","source":{"id":"0","name":"eventBus"}}
{"__type":"$$EventMessageAudit","id":"a073c011-c4cf-411b-8824-c0aebede021b","ts":"2026-09-28T14:47:57.473+02:00","eventName":"n8n.audit.workflow.activated","message":"n8n.audit.workflow.activated","payload":{"userId":"378bb555-d142-4f98-8092-6db334bc679d","_email":"develomentorg11@gmail.com","_firstName":"Andrew ","_lastName":"Mthethwa","globalRole":"global:owner","workflowId":"l5OL7xp4lTsRVx3O","workflowName":"INQABA-02-PROJECTS-FEED","activeVersionId":"a26d38f1-3081-4d72-8ad8-062be812e251"}}
{"__type":"$$EventMessageConfirm","confirm":"a073c011-c4cf-411b-8824-c0aebede021b","ts":"2026-09-28T14:47:57.473+02:00","source":{"id":"0","name":"eventBus"}}
{"__type":"$$EventMessageAudit","id":"b8de2aa9-09ed-4017-8b70-f0d9c323258b","ts":"2026-09-28T14:48:57.928+02:00","eventName":"n8n.audit.workflow.executed","message":"n8n.audit.workflow.executed","payload":{"workflowId":"l5OL7xp4lTsRVx3O","workflowName":"INQABA-02-PROJECTS-FEED","executionId":"31","projectId":"PBlSUiAMQl3O96o8","projectName":"Andrew  Mthethwa <develomentorg11@gmail.com>","source":"webhook"}}
{"__type":"$$EventMessageConfirm","confirm":"b8de2aa9-09ed-4017-8b70-f0d9c323258b","ts":"2026-09-28T14:48:57.929+02:00","source":{"id":"0","name":"eventBus"}}
{"__type":"$$EventMessageWorkflow","id":"63db37d3-9ff6-4a10-b2a6-5a4c9f263382","ts":"2026-09-28T14:48:57.929+02:00","eventName":"n8n.workflow.started","message":"n8n.workflow.started","payload":{"executionId":"31","workflowId":"l5OL7xp4lTsRVx3O","isManual":false,"mode":"webhook","workflowName":"INQABA-02-PROJECTS-FEED","projectId":"PBlSUiAMQl3O96o8","projectName":"Andrew  Mthethwa <develomentorg11@gmail.com>"}}
{"__type":"$$EventMessageConfirm","confirm":"63db37d3-9ff6-4a10-b2a6-5a4c9f263382","ts":"2026-09-28T14:48:57.929+02:00","source":{"id":"0","name":"eventBus"}}
{"__type":"$$EventMessageNode","id":"7ca0294c-4f14-4feb-9472-ea61dabf78b1","ts":"2026-09-28T14:48:57.930+02:00","eventName":"n8n.node.started","message":"n8n.node.started","payload":{"workflowId":"l5OL7xp4lTsRVx3O","workflowName":"INQABA-02-PROJECTS-FEED","executionId":"31","nodeType":"n8n-nodes-base.webhook","nodeName":"Webhook","nodeId":"4d0344b7-c53b-462c-9a5e-a119dcc037d9"}}
{"__type":"$$EventMessageConfirm","confirm":"7ca0294c-4f14-4feb-9472-ea61dabf78b1","ts":"2026-09-28T14:48:57.930+02:00","source":{"id":"0","name":"eventBus"}}
{"__type":"$$EventMessageNode","id":"2fb934bd-66b5-4937-b280-d8482dc593c5","ts":"2026-09-28T14:48:57.931+02:00","eventName":"n8n.node.finished","message":"n8n.node.finished","payload":{"workflowId":"l5OL7xp4lTsRVx3O","workflowName":"INQABA-02-PROJECTS-FEED","executionId":"31","nodeType":"n8n-nodes-base.webhook","nodeName":"Webhook","nodeId":"4d0344b7-c53b-462c-9a5e-a119dcc037d9"}}
{"__type":"$$EventMessageConfirm","confirm":"2fb934bd-66b5-4937-b280-d8482dc593c5","ts":"2026-09-28T14:48:57.931+02:00","source":{"id":"0","name":"eventBus"}}
{"__type":"$$EventMessageNode","id":"cb9537eb-3755-48a5-820a-c14d98ba5107","ts":"2026-09-28T14:48:57.931+02:00","eventName":"n8n.node.started","message":"n8n.node.started","payload":{"workflowId":"l5OL7xp4lTsRVx3O","workflowName":"INQABA-02-PROJECTS-FEED","executionId":"31","nodeType":"n8n-nodes-base.postgres","nodeName":"Execute a SQL query","nodeId":"5bd250fb-b39c-4d83-8ca9-83d9d26769de"}}
{"__type":"$$EventMessageConfirm","confirm":"cb9537eb-3755-48a5-820a-c14d98ba5107","ts":"2026-09-28T14:48:57.931+02:00","source":{"id":"0","name":"eventBus"}}
{"__type":"$$EventMessageNode","id":"6847ef70-dd58-4776-a5e4-72a9a116a959","ts":"2026-09-28T14:48:58.021+02:00","eventName":"n8n.node.finished","message":"n8n.node.finished","payload":{"workflowId":"l5OL7xp4lTsRVx3O","workflowName":"INQABA-02-PROJECTS-FEED","executionId":"31","nodeType":"n8n-nodes-base.postgres","nodeName":"Execute a SQL query","nodeId":"5bd250fb-b39c-4d83-8ca9-83d9d26769de"}}
{"__type":"$$EventMessageConfirm","confirm":"6847ef70-dd58-4776-a5e4-72a9a116a959","ts":"2026-09-28T14:48:58.021+02:00","source":{"id":"0","name":"eventBus"}}
{"__type":"$$EventMessageWorkflow","id":"938d87d5-9303-4dc7-8ae5-83fa47217867","ts":"2026-09-28T14:48:58.022+02:00","eventName":"n8n.workflow.success","message":"n8n.workflow.success","payload":{"executionId":"31","success":true,"isManual":false,"mode":"webhook","workflowId":"l5OL7xp4lTsRVx3O","workflowName":"INQABA-02-PROJECTS-FEED","projectId":"PBlSUiAMQl3O96o8","projectName":"Andrew  Mthethwa <develomentorg11@gmail.com>"}}
{"__type":"$$EventMessageConfirm","confirm":"938d87d5-9303-4dc7-8ae5-83fa47217867","ts":"2026-09-28T14:48:58.022+02:00","source":{"id":"0","name":"eventBus"}}
{"__type":"$$EventMessageAudit","id":"fd1d2b13-e918-4386-82d4-99054d11ed3e","ts":"2026-09-28T14:49:05.362+02:00","eventName":"n8n.audit.workflow.executed","message":"n8n.audit.workflow.executed","payload":{"workflowId":"l5OL7xp4lTsRVx3O","workflowName":"INQABA-02-PROJECTS-FEED","executionId":"32","projectId":"PBlSUiAMQl3O96o8","projectName":"Andrew  Mthethwa <develomentorg11@gmail.com>","source":"webhook"}}
{"__type":"$$EventMessageConfirm","confirm":"fd1d2b13-e918-4386-82d4-99054d11ed3e","ts":"2026-09-28T14:49:05.362+02:00","source":{"id":"0","name":"eventBus"}}
{"__type":"$$EventMessageWorkflow","id":"9807e00f-aad7-4a0b-ac04-b66933cb5ff7","ts":"2026-09-28T14:49:05.363+02:00","eventName":"n8n.workflow.started","message":"n8n.workflow.started","payload":{"executionId":"32","workflowId":"l5OL7xp4lTsRVx3O","isManual":false,"mode":"webhook","workflowName":"INQABA-02-PROJECTS-FEED","projectId":"PBlSUiAMQl3O96o8","projectName":"Andrew  Mthethwa <develomentorg11@gmail.com>"}}
{"__type":"$$EventMessageConfirm","confirm":"9807e00f-aad7-4a0b-ac04-b66933cb5ff7","ts":"2026-09-28T14:49:05.363+02:00","source":{"id":"0","name":"eventBus"}}
{"__type":"$$EventMessageNode","id":"a5049a41-66ec-496c-8b4e-c270a2023a46","ts":"2026-09-28T14:49:05.363+02:00","eventName":"n8n.node.started","message":"n8n.node.started","payload":{"workflowId":"l5OL7xp4lTsRVx3O","workflowName":"INQABA-02-PROJECTS-FEED","executionId":"32","nodeType":"n8n-nodes-base.webhook","nodeName":"Webhook","nodeId":"4d0344b7-c53b-462c-9a5e-a119dcc037d9"}}
{"__type":"$$EventMessageConfirm","confirm":"a5049a41-66ec-496c-8b4e-c270a2023a46","ts":"2026-09-28T14:49:05.363+02:00","source":{"id":"0","name":"eventBus"}}
{"__type":"$$EventMessageNode","id":"c490aba9-a01d-4f75-9907-d14e78f942e0","ts":"2026-09-28T14:49:05.364+02:00","eventName":"n8n.node.finished","message":"n8n.node.finished","payload":{"workflowId":"l5OL7xp4lTsRVx3O","workflowName":"INQABA-02-PROJECTS-FEED","executionId":"32","nodeType":"n8n-nodes-base.webhook","nodeName":"Webhook","nodeId":"4d0344b7-c53b-462c-9a5e-a119dcc037d9"}}
{"__type":"$$EventMessageConfirm","confirm":"c490aba9-a01d-4f75-9907-d14e78f942e0","ts":"2026-09-28T14:49:05.364+02:00","source":{"id":"0","name":"eventBus"}}
{"__type":"$$EventMessageNode","id":"a404193e-46e2-42fb-abc7-31500678fc23","ts":"2026-09-28T14:49:05.364+02:00","eventName":"n8n.node.started","message":"n8n.node.started","payload":{"workflowId":"l5OL7xp4lTsRVx3O","workflowName":"INQABA-02-PROJECTS-FEED","executionId":"32","nodeType":"n8n-nodes-base.postgres","nodeName":"Execute a SQL query","nodeId":"5bd250fb-b39c-4d83-8ca9-83d9d26769de"}}
{"__type":"$$EventMessageConfirm","confirm":"a404193e-46e2-42fb-abc7-31500678fc23","ts":"2026-09-28T14:49:05.364+02:00","source":{"id":"0","name":"eventBus"}}
{"__type":"$$EventMessageNode","id":"1809b2dd-0c2b-4ccc-a362-e94bc3fd6471","ts":"2026-09-28T14:49:05.377+02:00","eventName":"n8n.node.finished","message":"n8n.node.finished","payload":{"workflowId":"l5OL7xp4lTsRVx3O","workflowName":"INQABA-02-PROJECTS-FEED","executionId":"32","nodeType":"n8n-nodes-base.postgres","nodeName":"Execute a SQL query","nodeId":"5bd250fb-b39c-4d83-8ca9-83d9d26769de"}}
{"__type":"$$EventMessageConfirm","confirm":"1809b2dd-0c2b-4ccc-a362-e94bc3fd6471","ts":"2026-09-28T14:49:05.378+02:00","source":{"id":"0","name":"eventBus"}}
{"__type":"$$EventMessageWorkflow","id":"06b014fb-eb03-430e-83d4-9be36210505a","ts":"2026-09-28T14:49:05.378+02:00","eventName":"n8n.workflow.success","message":"n8n.workflow.success","payload":{"executionId":"32","success":true,"isManual":false,"mode":"webhook","workflowId":"l5OL7xp4lTsRVx3O","workflowName":"INQABA-02-PROJECTS-FEED","projectId":"PBlSUiAMQl3O96o8","projectName":"Andrew  Mthethwa <develomentorg11@gmail.com>"}}
{"__type":"$$EventMessageConfirm","confirm":"06b014fb-eb03-430e-83d4-9be36210505a","ts":"2026-09-28T14:49:05.378+02:00","source":{"id":"0","name":"eventBus"}}
{"__type":"$$EventMessageAudit","id":"ffcbfdef-fbf1-44e0-952e-67a19ce3f173","ts":"2026-09-28T14:52:54.636+02:00","eventName":"n8n.audit.workflow.executed","message":"n8n.audit.workflow.executed","payload":{"workflowId":"l5OL7xp4lTsRVx3O","workflowName":"INQABA-02-PROJECTS-FEED","executionId":"33","projectId":"PBlSUiAMQl3O96o8","projectName":"Andrew  Mthethwa <develomentorg11@gmail.com>","source":"webhook"}}
{"__type":"$$EventMessageConfirm","confirm":"ffcbfdef-fbf1-44e0-952e-67a19ce3f173","ts":"2026-09-28T14:52:54.636+02:00","source":{"id":"0","name":"eventBus"}}
{"__type":"$$EventMessageWorkflow","id":"4b315976-f5da-4831-b949-bad7197f15de","ts":"2026-09-28T14:52:54.733+02:00","eventName":"n8n.workflow.started","message":"n8n.workflow.started","payload":{"executionId":"33","workflowId":"l5OL7xp4lTsRVx3O","isManual":false,"mode":"manual","workflowName":"INQABA-02-PROJECTS-FEED","projectId":"PBlSUiAMQl3O96o8","projectName":"Andrew  Mthethwa <develomentorg11@gmail.com>"}}
{"__type":"$$EventMessageConfirm","confirm":"4b315976-f5da-4831-b949-bad7197f15de","ts":"2026-09-28T14:52:54.733+02:00","source":{"id":"0","name":"eventBus"}}
{"__type":"$$EventMessageNode","id":"28d25f70-e75e-42fa-b9c8-52bd50479d83","ts":"2026-09-28T14:52:54.741+02:00","eventName":"n8n.node.started","message":"n8n.node.started","payload":{"workflowId":"l5OL7xp4lTsRVx3O","workflowName":"INQABA-02-PROJECTS-FEED","executionId":"33","nodeType":"n8n-nodes-base.webhook","nodeName":"Webhook","nodeId":"4d0344b7-c53b-462c-9a5e-a119dcc037d9"}}
{"__type":"$$EventMessageConfirm","confirm":"28d25f70-e75e-42fa-b9c8-52bd50479d83","ts":"2026-09-28T14:52:54.741+02:00","source":{"id":"0","name":"eventBus"}}
{"__type":"$$EventMessageNode","id":"afa9a520-8a12-4a0b-9b61-bed6bc7fd8bd","ts":"2026-09-28T14:52:54.742+02:00","eventName":"n8n.node.finished","message":"n8n.node.finished","payload":{"workflowId":"l5OL7xp4lTsRVx3O","workflowName":"INQABA-02-PROJECTS-FEED","executionId":"33","nodeType":"n8n-nodes-base.webhook","nodeName":"Webhook","nodeId":"4d0344b7-c53b-462c-9a5e-a119dcc037d9"}}
{"__type":"$$EventMessageConfirm","confirm":"afa9a520-8a12-4a0b-9b61-bed6bc7fd8bd","ts":"2026-09-28T14:52:54.742+02:00","source":{"id":"0","name":"eventBus"}}
{"__type":"$$EventMessageNode","id":"b1c24d15-7efb-47e7-adcc-da5785b84d55","ts":"2026-09-28T14:52:54.742+02:00","eventName":"n8n.node.started","message":"n8n.node.started","payload":{"workflowId":"l5OL7xp4lTsRVx3O","workflowName":"INQABA-02-PROJECTS-FEED","executionId":"33","nodeType":"n8n-nodes-base.postgres","nodeName":"Execute a SQL query","nodeId":"5bd250fb-b39c-4d83-8ca9-83d9d26769de"}}
{"__type":"$$EventMessageConfirm","confirm":"b1c24d15-7efb-47e7-adcc-da5785b84d55","ts":"2026-09-28T14:52:54.742+02:00","source":{"id":"0","name":"eventBus"}}
{"__type":"$$EventMessageNode","id":"83f9fe40-5836-472b-8378-3b61065d6f0d","ts":"2026-09-28T14:52:54.766+02:00","eventName":"n8n.node.finished","message":"n8n.node.finished","payload":{"workflowId":"l5OL7xp4lTsRVx3O","workflowName":"INQABA-02-PROJECTS-FEED","executionId":"33","nodeType":"n8n-nodes-base.postgres","nodeName":"Execute a SQL query","nodeId":"5bd250fb-b39c-4d83-8ca9-83d9d26769de"}}
{"__type":"$$EventMessageConfirm","confirm":"83f9fe40-5836-472b-8378-3b61065d6f0d","ts":"2026-09-28T14:52:54.766+02:00","source":{"id":"0","name":"eventBus"}}
{"__type":"$$EventMessageWorkflow","id":"8069ba03-85c9-4e7e-bc2e-b07fd9de3e81","ts":"2026-09-28T14:52:54.769+02:00","eventName":"n8n.workflow.success","message":"n8n.workflow.success","payload":{"userId":"378bb555-d142-4f98-8092-6db334bc679d","executionId":"33","success":true,"isManual":true,"mode":"manual","workflowId":"l5OL7xp4lTsRVx3O","workflowName":"INQABA-02-PROJECTS-FEED","projectId":"PBlSUiAMQl3O96o8","projectName":"Andrew  Mthethwa <develomentorg11@gmail.com>"}}
{"__type":"$$EventMessageConfirm","confirm":"8069ba03-85c9-4e7e-bc2e-b07fd9de3e81","ts":"2026-09-28T14:52:54.769+02:00","source":{"id":"0","name":"eventBus"}}
{"__type":"$$EventMessageAudit","id":"af728aa1-81e7-4ba6-9c9e-490513344ff9","ts":"2026-09-28T14:53:29.632+02:00","eventName":"n8n.audit.workflow.executed","message":"n8n.audit.workflow.executed","payload":{"workflowId":"l5OL7xp4lTsRVx3O","workflowName":"INQABA-02-PROJECTS-FEED","executionId":"34","projectId":"PBlSUiAMQl3O96o8","projectName":"Andrew  Mthethwa <develomentorg11@gmail.com>","source":"webhook"}}
{"__type":"$$EventMessageConfirm","confirm":"af728aa1-81e7-4ba6-9c9e-490513344ff9","ts":"2026-09-28T14:53:29.632+02:00","source":{"id":"0","name":"eventBus"}}
{"__type":"$$EventMessageWorkflow","id":"bcec979c-3c6a-4820-9698-5ce69979bff5","ts":"2026-09-28T14:53:29.632+02:00","eventName":"n8n.workflow.started","message":"n8n.workflow.started","payload":{"executionId":"34","workflowId":"l5OL7xp4lTsRVx3O","isManual":false,"mode":"webhook","workflowName":"INQABA-02-PROJECTS-FEED","projectId":"PBlSUiAMQl3O96o8","projectName":"Andrew  Mthethwa <develomentorg11@gmail.com>"}}
{"__type":"$$EventMessageConfirm","confirm":"bcec979c-3c6a-4820-9698-5ce69979bff5","ts":"2026-09-28T14:53:29.632+02:00","source":{"id":"0","name":"eventBus"}}
{"__type":"$$EventMessageNode","id":"fc151257-d43a-4c8a-b45f-206a4d5526ab","ts":"2026-09-28T14:53:29.633+02:00","eventName":"n8n.node.started","message":"n8n.node.started","payload":{"workflowId":"l5OL7xp4lTsRVx3O","workflowName":"INQABA-02-PROJECTS-FEED","executionId":"34","nodeType":"n8n-nodes-base.webhook","nodeName":"Webhook","nodeId":"4d0344b7-c53b-462c-9a5e-a119dcc037d9"}}
{"__type":"$$EventMessageConfirm","confirm":"fc151257-d43a-4c8a-b45f-206a4d5526ab","ts":"2026-09-28T14:53:29.633+02:00","source":{"id":"0","name":"eventBus"}}
{"__type":"$$EventMessageNode","id":"e893fe3e-8f4d-4867-b006-d7f1950f481d","ts":"2026-09-28T14:53:29.634+02:00","eventName":"n8n.node.finished","message":"n8n.node.finished","payload":{"workflowId":"l5OL7xp4lTsRVx3O","workflowName":"INQABA-02-PROJECTS-FEED","executionId":"34","nodeType":"n8n-nodes-base.webhook","nodeName":"Webhook","nodeId":"4d0344b7-c53b-462c-9a5e-a119dcc037d9"}}
{"__type":"$$EventMessageConfirm","confirm":"e893fe3e-8f4d-4867-b006-d7f1950f481d","ts":"2026-09-28T14:53:29.634+02:00","source":{"id":"0","name":"eventBus"}}
{"__type":"$$EventMessageNode","id":"98285202-b7dc-4ffa-b402-92fa7b4700b3","ts":"2026-09-28T14:53:29.634+02:00","eventName":"n8n.node.started","message":"n8n.node.started","payload":{"workflowId":"l5OL7xp4lTsRVx3O","workflowName":"INQABA-02-PROJECTS-FEED","executionId":"34","nodeType":"n8n-nodes-base.postgres","nodeName":"Execute a SQL query","nodeId":"5bd250fb-b39c-4d83-8ca9-83d9d26769de"}}
{"__type":"$$EventMessageConfirm","confirm":"98285202-b7dc-4ffa-b402-92fa7b4700b3","ts":"2026-09-28T14:53:29.635+02:00","source":{"id":"0","name":"eventBus"}}
{"__type":"$$EventMessageNode","id":"b4d0ec09-7660-4830-81e0-f7371f12c840","ts":"2026-09-28T14:53:29.728+02:00","eventName":"n8n.node.finished","message":"n8n.node.finished","payload":{"workflowId":"l5OL7xp4lTsRVx3O","workflowName":"INQABA-02-PROJECTS-FEED","executionId":"34","nodeType":"n8n-nodes-base.postgres","nodeName":"Execute a SQL query","nodeId":"5bd250fb-b39c-4d83-8ca9-83d9d26769de"}}
{"__type":"$$EventMessageConfirm","confirm":"b4d0ec09-7660-4830-81e0-f7371f12c840","ts":"2026-09-28T14:53:29.728+02:00","source":{"id":"0","name":"eventBus"}}
{"__type":"$$EventMessageWorkflow","id":"cfbad79a-fed2-4700-beea-72075c7d3a60","ts":"2026-09-28T14:53:29.728+02:00","eventName":"n8n.workflow.success","message":"n8n.workflow.success","payload":{"executionId":"34","success":true,"isManual":false,"mode":"webhook","workflowId":"l5OL7xp4lTsRVx3O","workflowName":"INQABA-02-PROJECTS-FEED","projectId":"PBlSUiAMQl3O96o8","projectName":"Andrew  Mthethwa <develomentorg11@gmail.com>"}}
{"__type":"$$EventMessageConfirm","confirm":"cfbad79a-fed2-4700-beea-72075c7d3a60","ts":"2026-09-28T14:53:29.729+02:00","source":{"id":"0","name":"eventBus"}}
{"__type":"$$EventMessageAudit","id":"b33e01dd-0a06-42dc-8932-971af2ea24d1","ts":"2026-09-28T14:55:37.223+02:00","eventName":"n8n.audit.workflow.executed","message":"n8n.audit.workflow.executed","payload":{"workflowId":"l5OL7xp4lTsRVx3O","workflowName":"INQABA-02-PROJECTS-FEED","executionId":"35","projectId":"PBlSUiAMQl3O96o8","projectName":"Andrew  Mthethwa <develomentorg11@gmail.com>","source":"webhook"}}
{"__type":"$$EventMessageConfirm","confirm":"b33e01dd-0a06-42dc-8932-971af2ea24d1","ts":"2026-09-28T14:55:37.223+02:00","source":{"id":"0","name":"eventBus"}}
{"__type":"$$EventMessageWorkflow","id":"390fccd4-eb1f-4381-aff6-95a6bd13caa7","ts":"2026-09-28T14:55:37.224+02:00","eventName":"n8n.workflow.started","message":"n8n.workflow.started","payload":{"executionId":"35","workflowId":"l5OL7xp4lTsRVx3O","isManual":false,"mode":"webhook","workflowName":"INQABA-02-PROJECTS-FEED","projectId":"PBlSUiAMQl3O96o8","projectName":"Andrew  Mthethwa <develomentorg11@gmail.com>"}}
{"__type":"$$EventMessageConfirm","confirm":"390fccd4-eb1f-4381-aff6-95a6bd13caa7","ts":"2026-09-28T14:55:37.224+02:00","source":{"id":"0","name":"eventBus"}}
{"__type":"$$EventMessageNode","id":"c5b76c73-016f-4889-9db1-dd89b6e40681","ts":"2026-09-28T14:55:37.224+02:00","eventName":"n8n.node.started","message":"n8n.node.started","payload":{"workflowId":"l5OL7xp4lTsRVx3O","workflowName":"INQABA-02-PROJECTS-FEED","executionId":"35","nodeType":"n8n-nodes-base.webhook","nodeName":"Webhook","nodeId":"4d0344b7-c53b-462c-9a5e-a119dcc037d9"}}
{"__type":"$$EventMessageConfirm","confirm":"c5b76c73-016f-4889-9db1-dd89b6e40681","ts":"2026-09-28T14:55:37.224+02:00","source":{"id":"0","name":"eventBus"}}
{"__type":"$$EventMessageNode","id":"433d77be-1456-4380-8d2e-f02653831139","ts":"2026-09-28T14:55:37.225+02:00","eventName":"n8n.node.finished","message":"n8n.node.finished","payload":{"workflowId":"l5OL7xp4lTsRVx3O","workflowName":"INQABA-02-PROJECTS-FEED","executionId":"35","nodeType":"n8n-nodes-base.webhook","nodeName":"Webhook","nodeId":"4d0344b7-c53b-462c-9a5e-a119dcc037d9"}}
{"__type":"$$EventMessageConfirm","confirm":"433d77be-1456-4380-8d2e-f02653831139","ts":"2026-09-28T14:55:37.225+02:00","source":{"id":"0","name":"eventBus"}}
{"__type":"$$EventMessageNode","id":"456c9e94-be97-4add-b38b-e3a86575f0a7","ts":"2026-09-28T14:55:37.225+02:00","eventName":"n8n.node.started","message":"n8n.node.started","payload":{"workflowId":"l5OL7xp4lTsRVx3O","workflowName":"INQABA-02-PROJECTS-FEED","executionId":"35","nodeType":"n8n-nodes-base.postgres","nodeName":"Execute a SQL query","nodeId":"5bd250fb-b39c-4d83-8ca9-83d9d26769de"}}
{"__type":"$$EventMessageConfirm","confirm":"456c9e94-be97-4add-b38b-e3a86575f0a7","ts":"2026-09-28T14:55:37.226+02:00","source":{"id":"0","name":"eventBus"}}
{"__type":"$$EventMessageNode","id":"23a71f82-0dc2-40f2-ad42-061af59eb6a8","ts":"2026-09-28T14:55:37.304+02:00","eventName":"n8n.node.finished","message":"n8n.node.finished","payload":{"workflowId":"l5OL7xp4lTsRVx3O","workflowName":"INQABA-02-PROJECTS-FEED","executionId":"35","nodeType":"n8n-nodes-base.postgres","nodeName":"Execute a SQL query","nodeId":"5bd250fb-b39c-4d83-8ca9-83d9d26769de"}}
{"__type":"$$EventMessageConfirm","confirm":"23a71f82-0dc2-40f2-ad42-061af59eb6a8","ts":"2026-09-28T14:55:37.305+02:00","source":{"id":"0","name":"eventBus"}}
{"__type":"$$EventMessageWorkflow","id":"c22c1b68-ef61-40e3-9165-7e4c9e4868a0","ts":"2026-09-28T14:55:37.306+02:00","eventName":"n8n.workflow.success","message":"n8n.workflow.success","payload":{"executionId":"35","success":true,"isManual":false,"mode":"webhook","workflowId":"l5OL7xp4lTsRVx3O","workflowName":"INQABA-02-PROJECTS-FEED","projectId":"PBlSUiAMQl3O96o8","projectName":"Andrew  Mthethwa <develomentorg11@gmail.com>"}}
{"__type":"$$EventMessageConfirm","confirm":"c22c1b68-ef61-40e3-9165-7e4c9e4868a0","ts":"2026-09-28T14:55:37.306+02:00","source":{"id":"0","name":"eventBus"}}
{"__type":"$$EventMessageAudit","id":"11ab6388-f95a-49c3-8696-7a0566ed87ec","ts":"2026-09-28T14:55:46.995+02:00","eventName":"n8n.audit.workflow.executed","message":"n8n.audit.workflow.executed","payload":{"workflowId":"l5OL7xp4lTsRVx3O","workflowName":"INQABA-02-PROJECTS-FEED","executionId":"36","projectId":"PBlSUiAMQl3O96o8","projectName":"Andrew  Mthethwa <develomentorg11@gmail.com>","source":"webhook"}}
{"__type":"$$EventMessageConfirm","confirm":"11ab6388-f95a-49c3-8696-7a0566ed87ec","ts":"2026-09-28T14:55:46.995+02:00","source":{"id":"0","name":"eventBus"}}
{"__type":"$$EventMessageWorkflow","id":"1715d528-7200-4bac-b9c5-78d423a926a7","ts":"2026-09-28T14:55:46.996+02:00","eventName":"n8n.workflow.started","message":"n8n.workflow.started","payload":{"executionId":"36","workflowId":"l5OL7xp4lTsRVx3O","isManual":false,"mode":"webhook","workflowName":"INQABA-02-PROJECTS-FEED","projectId":"PBlSUiAMQl3O96o8","projectName":"Andrew  Mthethwa <develomentorg11@gmail.com>"}}
{"__type":"$$EventMessageConfirm","confirm":"1715d528-7200-4bac-b9c5-78d423a926a7","ts":"2026-09-28T14:55:46.996+02:00","source":{"id":"0","name":"eventBus"}}
{"__type":"$$EventMessageNode","id":"3ffc6309-2ed1-4c5d-a06b-e203bdcc6fac","ts":"2026-09-28T14:55:46.996+02:00","eventName":"n8n.node.started","message":"n8n.node.started","payload":{"workflowId":"l5OL7xp4lTsRVx3O","workflowName":"INQABA-02-PROJECTS-FEED","executionId":"36","nodeType":"n8n-nodes-base.webhook","nodeName":"Webhook","nodeId":"4d0344b7-c53b-462c-9a5e-a119dcc037d9"}}
{"__type":"$$EventMessageConfirm","confirm":"3ffc6309-2ed1-4c5d-a06b-e203bdcc6fac","ts":"2026-09-28T14:55:46.996+02:00","source":{"id":"0","name":"eventBus"}}
{"__type":"$$EventMessageNode","id":"2cb54998-3e42-478d-975d-9df8ee09ca38","ts":"2026-09-28T14:55:46.997+02:00","eventName":"n8n.node.finished","message":"n8n.node.finished","payload":{"workflowId":"l5OL7xp4lTsRVx3O","workflowName":"INQABA-02-PROJECTS-FEED","executionId":"36","nodeType":"n8n-nodes-base.webhook","nodeName":"Webhook","nodeId":"4d0344b7-c53b-462c-9a5e-a119dcc037d9"}}
{"__type":"$$EventMessageConfirm","confirm":"2cb54998-3e42-478d-975d-9df8ee09ca38","ts":"2026-09-28T14:55:46.997+02:00","source":{"id":"0","name":"eventBus"}}
{"__type":"$$EventMessageNode","id":"f4338647-cfa4-4306-a167-476817af503d","ts":"2026-09-28T14:55:46.997+02:00","eventName":"n8n.node.started","message":"n8n.node.started","payload":{"workflowId":"l5OL7xp4lTsRVx3O","workflowName":"INQABA-02-PROJECTS-FEED","executionId":"36","nodeType":"n8n-nodes-base.postgres","nodeName":"Execute a SQL query","nodeId":"5bd250fb-b39c-4d83-8ca9-83d9d26769de"}}
{"__type":"$$EventMessageConfirm","confirm":"f4338647-cfa4-4306-a167-476817af503d","ts":"2026-09-28T14:55:46.997+02:00","source":{"id":"0","name":"eventBus"}}
{"__type":"$$EventMessageNode","id":"0916b0af-6715-40a4-926e-c8db9286c581","ts":"2026-09-28T14:55:47.011+02:00","eventName":"n8n.node.finished","message":"n8n.node.finished","payload":{"workflowId":"l5OL7xp4lTsRVx3O","workflowName":"INQABA-02-PROJECTS-FEED","executionId":"36","nodeType":"n8n-nodes-base.postgres","nodeName":"Execute a SQL query","nodeId":"5bd250fb-b39c-4d83-8ca9-83d9d26769de"}}
{"__type":"$$EventMessageConfirm","confirm":"0916b0af-6715-40a4-926e-c8db9286c581","ts":"2026-09-28T14:55:47.012+02:00","source":{"id":"0","name":"eventBus"}}
{"__type":"$$EventMessageWorkflow","id":"401c3bf6-929d-4241-9e9a-6e8dca559cd4","ts":"2026-09-28T14:55:47.012+02:00","eventName":"n8n.workflow.success","message":"n8n.workflow.success","payload":{"executionId":"36","success":true,"isManual":false,"mode":"webhook","workflowId":"l5OL7xp4lTsRVx3O","workflowName":"INQABA-02-PROJECTS-FEED","projectId":"PBlSUiAMQl3O96o8","projectName":"Andrew  Mthethwa <develomentorg11@gmail.com>"}}
{"__type":"$$EventMessageConfirm","confirm":"401c3bf6-929d-4241-9e9a-6e8dca559cd4","ts":"2026-09-28T14:55:47.012+02:00","source":{"id":"0","name":"eventBus"}}
{"__type":"$$EventMessageAudit","id":"730c7ea8-b762-4c9b-932c-7bf0ec1e34ee","ts":"2026-09-28T14:56:14.490+02:00","eventName":"n8n.audit.workflow.executed","message":"n8n.audit.workflow.executed","payload":{"workflowId":"l5OL7xp4lTsRVx3O","workflowName":"INQABA-02-PROJECTS-FEED","executionId":"37","projectId":"PBlSUiAMQl3O96o8","projectName":"Andrew  Mthethwa <develomentorg11@gmail.com>","source":"webhook"}}
{"__type":"$$EventMessageConfirm","confirm":"730c7ea8-b762-4c9b-932c-7bf0ec1e34ee","ts":"2026-09-28T14:56:14.490+02:00","source":{"id":"0","name":"eventBus"}}
{"__type":"$$EventMessageWorkflow","id":"849dccb2-2812-4377-aa47-61d2130a30fc","ts":"2026-09-28T14:56:14.490+02:00","eventName":"n8n.workflow.started","message":"n8n.workflow.started","payload":{"executionId":"37","workflowId":"l5OL7xp4lTsRVx3O","isManual":false,"mode":"webhook","workflowName":"INQABA-02-PROJECTS-FEED","projectId":"PBlSUiAMQl3O96o8","projectName":"Andrew  Mthethwa <develomentorg11@gmail.com>"}}
{"__type":"$$EventMessageConfirm","confirm":"849dccb2-2812-4377-aa47-61d2130a30fc","ts":"2026-09-28T14:56:14.491+02:00","source":{"id":"0","name":"eventBus"}}
{"__type":"$$EventMessageNode","id":"99bb0705-9c87-4305-a223-7441b22f29fd","ts":"2026-09-28T14:56:14.491+02:00","eventName":"n8n.node.started","message":"n8n.node.started","payload":{"workflowId":"l5OL7xp4lTsRVx3O","workflowName":"INQABA-02-PROJECTS-FEED","executionId":"37","nodeType":"n8n-nodes-base.webhook","nodeName":"Webhook","nodeId":"4d0344b7-c53b-462c-9a5e-a119dcc037d9"}}
{"__type":"$$EventMessageConfirm","confirm":"99bb0705-9c87-4305-a223-7441b22f29fd","ts":"2026-09-28T14:56:14.491+02:00","source":{"id":"0","name":"eventBus"}}
{"__type":"$$EventMessageNode","id":"78a4ddb8-092d-4388-89e4-5188c7a72bc7","ts":"2026-09-28T14:56:14.492+02:00","eventName":"n8n.node.finished","message":"n8n.node.finished","payload":{"workflowId":"l5OL7xp4lTsRVx3O","workflowName":"INQABA-02-PROJECTS-FEED","executionId":"37","nodeType":"n8n-nodes-base.webhook","nodeName":"Webhook","nodeId":"4d0344b7-c53b-462c-9a5e-a119dcc037d9"}}
{"__type":"$$EventMessageConfirm","confirm":"78a4ddb8-092d-4388-89e4-5188c7a72bc7","ts":"2026-09-28T14:56:14.492+02:00","source":{"id":"0","name":"eventBus"}}
{"__type":"$$EventMessageNode","id":"98b9ab17-8ca4-4185-9360-184bfb63a12d","ts":"2026-09-28T14:56:14.492+02:00","eventName":"n8n.node.started","message":"n8n.node.started","payload":{"workflowId":"l5OL7xp4lTsRVx3O","workflowName":"INQABA-02-PROJECTS-FEED","executionId":"37","nodeType":"n8n-nodes-base.postgres","nodeName":"Execute a SQL query","nodeId":"5bd250fb-b39c-4d83-8ca9-83d9d26769de"}}
{"__type":"$$EventMessageConfirm","confirm":"98b9ab17-8ca4-4185-9360-184bfb63a12d","ts":"2026-09-28T14:56:14.492+02:00","source":{"id":"0","name":"eventBus"}}
{"__type":"$$EventMessageNode","id":"58d2a72e-13a3-4186-baa7-62660e38e9d7","ts":"2026-09-28T14:56:14.569+02:00","eventName":"n8n.node.finished","message":"n8n.node.finished","payload":{"workflowId":"l5OL7xp4lTsRVx3O","workflowName":"INQABA-02-PROJECTS-FEED","executionId":"37","nodeType":"n8n-nodes-base.postgres","nodeName":"Execute a SQL query","nodeId":"5bd250fb-b39c-4d83-8ca9-83d9d26769de"}}
{"__type":"$$EventMessageConfirm","confirm":"58d2a72e-13a3-4186-baa7-62660e38e9d7","ts":"2026-09-28T14:56:14.569+02:00","source":{"id":"0","name":"eventBus"}}
{"__type":"$$EventMessageWorkflow","id":"359e3e82-b7fd-457c-8d24-e48b3a8e10c2","ts":"2026-09-28T14:56:14.569+02:00","eventName":"n8n.workflow.success","message":"n8n.workflow.success","payload":{"executionId":"37","success":true,"isManual":false,"mode":"webhook","workflowId":"l5OL7xp4lTsRVx3O","workflowName":"INQABA-02-PROJECTS-FEED","projectId":"PBlSUiAMQl3O96o8","projectName":"Andrew  Mthethwa <develomentorg11@gmail.com>"}}
{"__type":"$$EventMessageConfirm","confirm":"359e3e82-b7fd-457c-8d24-e48b3a8e10c2","ts":"2026-09-28T14:56:14.569+02:00","source":{"id":"0","name":"eventBus"}}
{"__type":"$$EventMessageAudit","id":"95ce8d01-ecdf-4f6e-9bc5-4d4f1a1effff","ts":"2026-09-28T14:56:15.488+02:00","eventName":"n8n.audit.workflow.executed","message":"n8n.audit.workflow.executed","payload":{"workflowId":"l5OL7xp4lTsRVx3O","workflowName":"INQABA-02-PROJECTS-FEED","executionId":"38","projectId":"PBlSUiAMQl3O96o8","projectName":"Andrew  Mthethwa <develomentorg11@gmail.com>","source":"webhook"}}
{"__type":"$$EventMessageConfirm","confirm":"95ce8d01-ecdf-4f6e-9bc5-4d4f1a1effff","ts":"2026-09-28T14:56:15.488+02:00","source":{"id":"0","name":"eventBus"}}
{"__type":"$$EventMessageWorkflow","id":"b1fa32db-0940-467c-83b8-55917f1dcbce","ts":"2026-09-28T14:56:15.488+02:00","eventName":"n8n.workflow.started","message":"n8n.workflow.started","payload":{"executionId":"38","workflowId":"l5OL7xp4lTsRVx3O","isManual":false,"mode":"webhook","workflowName":"INQABA-02-PROJECTS-FEED","projectId":"PBlSUiAMQl3O96o8","projectName":"Andrew  Mthethwa <develomentorg11@gmail.com>"}}
{"__type":"$$EventMessageConfirm","confirm":"b1fa32db-0940-467c-83b8-55917f1dcbce","ts":"2026-09-28T14:56:15.488+02:00","source":{"id":"0","name":"eventBus"}}
{"__type":"$$EventMessageNode","id":"5e21a591-f736-48f5-8058-dc6585b72276","ts":"2026-09-28T14:56:15.489+02:00","eventName":"n8n.node.started","message":"n8n.node.started","payload":{"workflowId":"l5OL7xp4lTsRVx3O","workflowName":"INQABA-02-PROJECTS-FEED","executionId":"38","nodeType":"n8n-nodes-base.webhook","nodeName":"Webhook","nodeId":"4d0344b7-c53b-462c-9a5e-a119dcc037d9"}}
{"__type":"$$EventMessageConfirm","confirm":"5e21a591-f736-48f5-8058-dc6585b72276","ts":"2026-09-28T14:56:15.489+02:00","source":{"id":"0","name":"eventBus"}}
{"__type":"$$EventMessageNode","id":"00f21627-23c5-48fa-aadc-97b095084c60","ts":"2026-09-28T14:56:15.489+02:00","eventName":"n8n.node.finished","message":"n8n.node.finished","payload":{"workflowId":"l5OL7xp4lTsRVx3O","workflowName":"INQABA-02-PROJECTS-FEED","executionId":"38","nodeType":"n8n-nodes-base.webhook","nodeName":"Webhook","nodeId":"4d0344b7-c53b-462c-9a5e-a119dcc037d9"}}
{"__type":"$$EventMessageConfirm","confirm":"00f21627-23c5-48fa-aadc-97b095084c60","ts":"2026-09-28T14:56:15.489+02:00","source":{"id":"0","name":"eventBus"}}
{"__type":"$$EventMessageNode","id":"4fc33870-b06c-49ed-9fce-ea0ecb8d88cf","ts":"2026-09-28T14:56:15.490+02:00","eventName":"n8n.node.started","message":"n8n.node.started","payload":{"workflowId":"l5OL7xp4lTsRVx3O","workflowName":"INQABA-02-PROJECTS-FEED","executionId":"38","nodeType":"n8n-nodes-base.postgres","nodeName":"Execute a SQL query","nodeId":"5bd250fb-b39c-4d83-8ca9-83d9d26769de"}}
{"__type":"$$EventMessageConfirm","confirm":"4fc33870-b06c-49ed-9fce-ea0ecb8d88cf","ts":"2026-09-28T14:56:15.490+02:00","source":{"id":"0","name":"eventBus"}}
{"__type":"$$EventMessageNode","id":"9a15b702-a46b-4b01-8ee2-6351c7424c6f","ts":"2026-09-28T14:56:15.501+02:00","eventName":"n8n.node.finished","message":"n8n.node.finished","payload":{"workflowId":"l5OL7xp4lTsRVx3O","workflowName":"INQABA-02-PROJECTS-FEED","executionId":"38","nodeType":"n8n-nodes-base.postgres","nodeName":"Execute a SQL query","nodeId":"5bd250fb-b39c-4d83-8ca9-83d9d26769de"}}
{"__type":"$$EventMessageConfirm","confirm":"9a15b702-a46b-4b01-8ee2-6351c7424c6f","ts":"2026-09-28T14:56:15.501+02:00","source":{"id":"0","name":"eventBus"}}
{"__type":"$$EventMessageWorkflow","id":"0d3190e6-12b0-402b-8aa0-35c1be16e9e8","ts":"2026-09-28T14:56:15.502+02:00","eventName":"n8n.workflow.success","message":"n8n.workflow.success","payload":{"executionId":"38","success":true,"isManual":false,"mode":"webhook","workflowId":"l5OL7xp4lTsRVx3O","workflowName":"INQABA-02-PROJECTS-FEED","projectId":"PBlSUiAMQl3O96o8","projectName":"Andrew  Mthethwa <develomentorg11@gmail.com>"}}
{"__type":"$$EventMessageConfirm","confirm":"0d3190e6-12b0-402b-8aa0-35c1be16e9e8","ts":"2026-09-28T14:56:15.502+02:00","source":{"id":"0","name":"eventBus"}}
{"__type":"$$EventMessageAudit","id":"317e40c2-2a98-4116-9f99-8535790c98f8","ts":"2026-09-28T14:56:51.149+02:00","eventName":"n8n.audit.workflow.executed","message":"n8n.audit.workflow.executed","payload":{"workflowId":"l5OL7xp4lTsRVx3O","workflowName":"INQABA-02-PROJECTS-FEED","executionId":"39","projectId":"PBlSUiAMQl3O96o8","projectName":"Andrew  Mthethwa <develomentorg11@gmail.com>","source":"webhook"}}
{"__type":"$$EventMessageConfirm","confirm":"317e40c2-2a98-4116-9f99-8535790c98f8","ts":"2026-09-28T14:56:51.149+02:00","source":{"id":"0","name":"eventBus"}}
{"__type":"$$EventMessageWorkflow","id":"33da77f8-6897-4460-9f79-9fb7485b9fe5","ts":"2026-09-28T14:56:51.149+02:00","eventName":"n8n.workflow.started","message":"n8n.workflow.started","payload":{"executionId":"39","workflowId":"l5OL7xp4lTsRVx3O","isManual":false,"mode":"webhook","workflowName":"INQABA-02-PROJECTS-FEED","projectId":"PBlSUiAMQl3O96o8","projectName":"Andrew  Mthethwa <develomentorg11@gmail.com>"}}
{"__type":"$$EventMessageConfirm","confirm":"33da77f8-6897-4460-9f79-9fb7485b9fe5","ts":"2026-09-28T14:56:51.149+02:00","source":{"id":"0","name":"eventBus"}}
{"__type":"$$EventMessageNode","id":"9f716b6a-8703-40a8-bc96-1358877026fe","ts":"2026-09-28T14:56:51.150+02:00","eventName":"n8n.node.started","message":"n8n.node.started","payload":{"workflowId":"l5OL7xp4lTsRVx3O","workflowName":"INQABA-02-PROJECTS-FEED","executionId":"39","nodeType":"n8n-nodes-base.webhook","nodeName":"Webhook","nodeId":"4d0344b7-c53b-462c-9a5e-a119dcc037d9"}}
{"__type":"$$EventMessageConfirm","confirm":"9f716b6a-8703-40a8-bc96-1358877026fe","ts":"2026-09-28T14:56:51.150+02:00","source":{"id":"0","name":"eventBus"}}
{"__type":"$$EventMessageNode","id":"efd15c38-c22a-403e-8fce-ef24ff72cf39","ts":"2026-09-28T14:56:51.150+02:00","eventName":"n8n.node.finished","message":"n8n.node.finished","payload":{"workflowId":"l5OL7xp4lTsRVx3O","workflowName":"INQABA-02-PROJECTS-FEED","executionId":"39","nodeType":"n8n-nodes-base.webhook","nodeName":"Webhook","nodeId":"4d0344b7-c53b-462c-9a5e-a119dcc037d9"}}
{"__type":"$$EventMessageConfirm","confirm":"efd15c38-c22a-403e-8fce-ef24ff72cf39","ts":"2026-09-28T14:56:51.150+02:00","source":{"id":"0","name":"eventBus"}}
{"__type":"$$EventMessageNode","id":"c1ce3cce-d15d-4e7b-809c-2d6f4dcb8d28","ts":"2026-09-28T14:56:51.150+02:00","eventName":"n8n.node.started","message":"n8n.node.started","payload":{"workflowId":"l5OL7xp4lTsRVx3O","workflowName":"INQABA-02-PROJECTS-FEED","executionId":"39","nodeType":"n8n-nodes-base.postgres","nodeName":"Execute a SQL query","nodeId":"5bd250fb-b39c-4d83-8ca9-83d9d26769de"}}
{"__type":"$$EventMessageConfirm","confirm":"c1ce3cce-d15d-4e7b-809c-2d6f4dcb8d28","ts":"2026-09-28T14:56:51.151+02:00","source":{"id":"0","name":"eventBus"}}
{"__type":"$$EventMessageNode","id":"c00f1baa-6a12-49f7-a735-bbf0aeef6657","ts":"2026-09-28T14:56:51.227+02:00","eventName":"n8n.node.finished","message":"n8n.node.finished","payload":{"workflowId":"l5OL7xp4lTsRVx3O","workflowName":"INQABA-02-PROJECTS-FEED","executionId":"39","nodeType":"n8n-nodes-base.postgres","nodeName":"Execute a SQL query","nodeId":"5bd250fb-b39c-4d83-8ca9-83d9d26769de"}}
{"__type":"$$EventMessageConfirm","confirm":"c00f1baa-6a12-49f7-a735-bbf0aeef6657","ts":"2026-09-28T14:56:51.227+02:00","source":{"id":"0","name":"eventBus"}}
{"__type":"$$EventMessageWorkflow","id":"3bcb0c3e-6529-4296-b13f-9a6f1c23cde0","ts":"2026-09-28T14:56:51.228+02:00","eventName":"n8n.workflow.success","message":"n8n.workflow.success","payload":{"executionId":"39","success":true,"isManual":false,"mode":"webhook","workflowId":"l5OL7xp4lTsRVx3O","workflowName":"INQABA-02-PROJECTS-FEED","projectId":"PBlSUiAMQl3O96o8","projectName":"Andrew  Mthethwa <develomentorg11@gmail.com>"}}
{"__type":"$$EventMessageConfirm","confirm":"3bcb0c3e-6529-4296-b13f-9a6f1c23cde0","ts":"2026-09-28T14:56:51.228+02:00","source":{"id":"0","name":"eventBus"}}
{"__type":"$$EventMessageAudit","id":"5a6a6c4d-95c7-4772-bbc9-8334e4ec2e80","ts":"2026-09-28T14:57:00.309+02:00","eventName":"n8n.audit.workflow.executed","message":"n8n.audit.workflow.executed","payload":{"workflowId":"l5OL7xp4lTsRVx3O","workflowName":"INQABA-02-PROJECTS-FEED","executionId":"40","projectId":"PBlSUiAMQl3O96o8","projectName":"Andrew  Mthethwa <develomentorg11@gmail.com>","source":"webhook"}}
{"__type":"$$EventMessageConfirm","confirm":"5a6a6c4d-95c7-4772-bbc9-8334e4ec2e80","ts":"2026-09-28T14:57:00.310+02:00","source":{"id":"0","name":"eventBus"}}
{"__type":"$$EventMessageWorkflow","id":"5a8e5b7c-7c20-4e36-8e5a-317913570e49","ts":"2026-09-28T14:57:00.310+02:00","eventName":"n8n.workflow.started","message":"n8n.workflow.started","payload":{"executionId":"40","workflowId":"l5OL7xp4lTsRVx3O","isManual":false,"mode":"webhook","workflowName":"INQABA-02-PROJECTS-FEED","projectId":"PBlSUiAMQl3O96o8","projectName":"Andrew  Mthethwa <develomentorg11@gmail.com>"}}
{"__type":"$$EventMessageConfirm","confirm":"5a8e5b7c-7c20-4e36-8e5a-317913570e49","ts":"2026-09-28T14:57:00.310+02:00","source":{"id":"0","name":"eventBus"}}
{"__type":"$$EventMessageNode","id":"7a30cd1c-6453-43dc-8d45-2e4bfbde8d53","ts":"2026-09-28T14:57:00.310+02:00","eventName":"n8n.node.started","message":"n8n.node.started","payload":{"workflowId":"l5OL7xp4lTsRVx3O","workflowName":"INQABA-02-PROJECTS-FEED","executionId":"40","nodeType":"n8n-nodes-base.webhook","nodeName":"Webhook","nodeId":"4d0344b7-c53b-462c-9a5e-a119dcc037d9"}}
{"__type":"$$EventMessageConfirm","confirm":"7a30cd1c-6453-43dc-8d45-2e4bfbde8d53","ts":"2026-09-28T14:57:00.311+02:00","source":{"id":"0","name":"eventBus"}}
{"__type":"$$EventMessageNode","id":"36f9d8ac-6941-4e82-9419-491204446a6e","ts":"2026-09-28T14:57:00.311+02:00","eventName":"n8n.node.finished","message":"n8n.node.finished","payload":{"workflowId":"l5OL7xp4lTsRVx3O","workflowName":"INQABA-02-PROJECTS-FEED","executionId":"40","nodeType":"n8n-nodes-base.webhook","nodeName":"Webhook","nodeId":"4d0344b7-c53b-462c-9a5e-a119dcc037d9"}}
{"__type":"$$EventMessageConfirm","confirm":"36f9d8ac-6941-4e82-9419-491204446a6e","ts":"2026-09-28T14:57:00.311+02:00","source":{"id":"0","name":"eventBus"}}
{"__type":"$$EventMessageNode","id":"a6f63e59-7201-4c16-a9b7-86ff3ca3650c","ts":"2026-09-28T14:57:00.311+02:00","eventName":"n8n.node.started","message":"n8n.node.started","payload":{"workflowId":"l5OL7xp4lTsRVx3O","workflowName":"INQABA-02-PROJECTS-FEED","executionId":"40","nodeType":"n8n-nodes-base.postgres","nodeName":"Execute a SQL query","nodeId":"5bd250fb-b39c-4d83-8ca9-83d9d26769de"}}
{"__type":"$$EventMessageConfirm","confirm":"a6f63e59-7201-4c16-a9b7-86ff3ca3650c","ts":"2026-09-28T14:57:00.311+02:00","source":{"id":"0","name":"eventBus"}}
{"__type":"$$EventMessageNode","id":"70a8813d-3577-474e-81bb-c354b5befc37","ts":"2026-09-28T14:57:00.323+02:00","eventName":"n8n.node.finished","message":"n8n.node.finished","payload":{"workflowId":"l5OL7xp4lTsRVx3O","workflowName":"INQABA-02-PROJECTS-FEED","executionId":"40","nodeType":"n8n-nodes-base.postgres","nodeName":"Execute a SQL query","nodeId":"5bd250fb-b39c-4d83-8ca9-83d9d26769de"}}
{"__type":"$$EventMessageConfirm","confirm":"70a8813d-3577-474e-81bb-c354b5befc37","ts":"2026-09-28T14:57:00.323+02:00","source":{"id":"0","name":"eventBus"}}
{"__type":"$$EventMessageWorkflow","id":"a1c695b5-dbbc-4049-a2e4-9786c9842342","ts":"2026-09-28T14:57:00.324+02:00","eventName":"n8n.workflow.success","message":"n8n.workflow.success","payload":{"executionId":"40","success":true,"isManual":false,"mode":"webhook","workflowId":"l5OL7xp4lTsRVx3O","workflowName":"INQABA-02-PROJECTS-FEED","projectId":"PBlSUiAMQl3O96o8","projectName":"Andrew  Mthethwa <develomentorg11@gmail.com>"}}
{"__type":"$$EventMessageConfirm","confirm":"a1c695b5-dbbc-4049-a2e4-9786c9842342","ts":"2026-09-28T14:57:00.324+02:00","source":{"id":"0","name":"eventBus"}}
{"__type":"$$EventMessageAudit","id":"4f1d3e27-911c-4066-ac55-883e3220456b","ts":"2026-09-28T15:02:06.640+02:00","eventName":"n8n.audit.workflow.executed","message":"n8n.audit.workflow.executed","payload":{"workflowId":"l5OL7xp4lTsRVx3O","workflowName":"INQABA-02-PROJECTS-FEED","executionId":"41","projectId":"PBlSUiAMQl3O96o8","projectName":"Andrew  Mthethwa <develomentorg11@gmail.com>","source":"webhook"}}
{"__type":"$$EventMessageConfirm","confirm":"4f1d3e27-911c-4066-ac55-883e3220456b","ts":"2026-09-28T15:02:06.641+02:00","source":{"id":"0","name":"eventBus"}}
{"__type":"$$EventMessageWorkflow","id":"c8b07c54-8e2a-47c0-9201-cb8a9b8b0444","ts":"2026-09-28T15:02:06.641+02:00","eventName":"n8n.workflow.started","message":"n8n.workflow.started","payload":{"executionId":"41","workflowId":"l5OL7xp4lTsRVx3O","isManual":false,"mode":"webhook","workflowName":"INQABA-02-PROJECTS-FEED","projectId":"PBlSUiAMQl3O96o8","projectName":"Andrew  Mthethwa <develomentorg11@gmail.com>"}}
{"__type":"$$EventMessageConfirm","confirm":"c8b07c54-8e2a-47c0-9201-cb8a9b8b0444","ts":"2026-09-28T15:02:06.641+02:00","source":{"id":"0","name":"eventBus"}}
{"__type":"$$EventMessageNode","id":"8040880f-4ca8-4323-94ea-308295a9b6dd","ts":"2026-09-28T15:02:06.641+02:00","eventName":"n8n.node.started","message":"n8n.node.started","payload":{"workflowId":"l5OL7xp4lTsRVx3O","workflowName":"INQABA-02-PROJECTS-FEED","executionId":"41","nodeType":"n8n-nodes-base.webhook","nodeName":"Webhook","nodeId":"4d0344b7-c53b-462c-9a5e-a119dcc037d9"}}
{"__type":"$$EventMessageConfirm","confirm":"8040880f-4ca8-4323-94ea-308295a9b6dd","ts":"2026-09-28T15:02:06.641+02:00","source":{"id":"0","name":"eventBus"}}
{"__type":"$$EventMessageNode","id":"59b9aa55-be10-4cf3-a476-1cbfa3c3f070","ts":"2026-09-28T15:02:06.641+02:00","eventName":"n8n.node.finished","message":"n8n.node.finished","payload":{"workflowId":"l5OL7xp4lTsRVx3O","workflowName":"INQABA-02-PROJECTS-FEED","executionId":"41","nodeType":"n8n-nodes-base.webhook","nodeName":"Webhook","nodeId":"4d0344b7-c53b-462c-9a5e-a119dcc037d9"}}
{"__type":"$$EventMessageConfirm","confirm":"59b9aa55-be10-4cf3-a476-1cbfa3c3f070","ts":"2026-09-28T15:02:06.641+02:00","source":{"id":"0","name":"eventBus"}}
{"__type":"$$EventMessageNode","id":"8a976d37-0d63-498f-a971-b787a58918df","ts":"2026-09-28T15:02:06.641+02:00","eventName":"n8n.node.started","message":"n8n.node.started","payload":{"workflowId":"l5OL7xp4lTsRVx3O","workflowName":"INQABA-02-PROJECTS-FEED","executionId":"41","nodeType":"n8n-nodes-base.postgres","nodeName":"Execute a SQL query","nodeId":"5bd250fb-b39c-4d83-8ca9-83d9d26769de"}}
{"__type":"$$EventMessageConfirm","confirm":"8a976d37-0d63-498f-a971-b787a58918df","ts":"2026-09-28T15:02:06.641+02:00","source":{"id":"0","name":"eventBus"}}
{"__type":"$$EventMessageNode","id":"d89fe514-630b-4379-abda-408086e20c94","ts":"2026-09-28T15:02:06.671+02:00","eventName":"n8n.node.finished","message":"n8n.node.finished","payload":{"workflowId":"l5OL7xp4lTsRVx3O","workflowName":"INQABA-02-PROJECTS-FEED","executionId":"41","nodeType":"n8n-nodes-base.postgres","nodeName":"Execute a SQL query","nodeId":"5bd250fb-b39c-4d83-8ca9-83d9d26769de"}}
{"__type":"$$EventMessageConfirm","confirm":"d89fe514-630b-4379-abda-408086e20c94","ts":"2026-09-28T15:02:06.671+02:00","source":{"id":"0","name":"eventBus"}}
{"__type":"$$EventMessageWorkflow","id":"73c60b70-058d-491b-aa89-4b372e626219","ts":"2026-09-28T15:02:06.671+02:00","eventName":"n8n.workflow.success","message":"n8n.workflow.success","payload":{"executionId":"41","success":true,"isManual":false,"mode":"webhook","workflowId":"l5OL7xp4lTsRVx3O","workflowName":"INQABA-02-PROJECTS-FEED","projectId":"PBlSUiAMQl3O96o8","projectName":"Andrew  Mthethwa <develomentorg11@gmail.com>"}}
{"__type":"$$EventMessageConfirm","confirm":"73c60b70-058d-491b-aa89-4b372e626219","ts":"2026-09-28T15:02:06.671+02:00","source":{"id":"0","name":"eventBus"}}
{"__type":"$$EventMessageAudit","id":"30f565ab-c0ef-46f5-bed4-a223a8836ced","ts":"2026-09-28T15:02:35.993+02:00","eventName":"n8n.audit.workflow.deactivated","message":"n8n.audit.workflow.deactivated","payload":{"userId":"378bb555-d142-4f98-8092-6db334bc679d","_email":"develomentorg11@gmail.com","_firstName":"Andrew ","_lastName":"Mthethwa","globalRole":"global:owner","workflowId":"l5OL7xp4lTsRVx3O","workflowName":"INQABA-02-PROJECTS-FEED","deactivatedVersionId":"a26d38f1-3081-4d72-8ad8-062be812e251"}}
{"__type":"$$EventMessageConfirm","confirm":"30f565ab-c0ef-46f5-bed4-a223a8836ced","ts":"2026-09-28T15:02:35.993+02:00","source":{"id":"0","name":"eventBus"}}
{"__type":"$$EventMessageAudit","id":"48447ff0-47c1-4bce-b1d7-49077127a567","ts":"2026-09-28T15:02:35.994+02:00","eventName":"n8n.audit.workflow.activated","message":"n8n.audit.workflow.activated","payload":{"userId":"378bb555-d142-4f98-8092-6db334bc679d","_email":"develomentorg11@gmail.com","_firstName":"Andrew ","_lastName":"Mthethwa","globalRole":"global:owner","workflowId":"l5OL7xp4lTsRVx3O","workflowName":"INQABA-02-PROJECTS-FEED","activeVersionId":"ef6391b9-b271-47f3-899a-734a864d4fd3"}}
{"__type":"$$EventMessageConfirm","confirm":"48447ff0-47c1-4bce-b1d7-49077127a567","ts":"2026-09-28T15:02:35.994+02:00","source":{"id":"0","name":"eventBus"}}
{"__type":"$$EventMessageAudit","id":"4aa77997-8580-4f4a-abc5-4c65f7b7eeb3","ts":"2026-09-28T15:02:58.613+02:00","eventName":"n8n.audit.workflow.deactivated","message":"n8n.audit.workflow.deactivated","payload":{"userId":"378bb555-d142-4f98-8092-6db334bc679d","_email":"develomentorg11@gmail.com","_firstName":"Andrew ","_lastName":"Mthethwa","globalRole":"global:owner","workflowId":"l5OL7xp4lTsRVx3O","workflowName":"INQABA-02-PROJECTS-FEED","deactivatedVersionId":"ef6391b9-b271-47f3-899a-734a864d4fd3"}}
{"__type":"$$EventMessageConfirm","confirm":"4aa77997-8580-4f4a-abc5-4c65f7b7eeb3","ts":"2026-09-28T15:02:58.613+02:00","source":{"id":"0","name":"eventBus"}}
{"__type":"$$EventMessageAudit","id":"b979e981-9d1b-4a1f-ae7c-4a0fbaf394c1","ts":"2026-09-28T15:02:58.614+02:00","eventName":"n8n.audit.workflow.activated","message":"n8n.audit.workflow.activated","payload":{"userId":"378bb555-d142-4f98-8092-6db334bc679d","_email":"develomentorg11@gmail.com","_firstName":"Andrew ","_lastName":"Mthethwa","globalRole":"global:owner","workflowId":"l5OL7xp4lTsRVx3O","workflowName":"INQABA-02-PROJECTS-FEED","activeVersionId":"a26d38f1-3081-4d72-8ad8-062be812e251"}}
{"__type":"$$EventMessageConfirm","confirm":"b979e981-9d1b-4a1f-ae7c-4a0fbaf394c1","ts":"2026-09-28T15:02:58.614+02:00","source":{"id":"0","name":"eventBus"}}
{"__type":"$$EventMessageAudit","id":"ad2dee4e-dc48-48c8-af38-bb8aed905e3b","ts":"2026-09-28T15:03:12.093+02:00","eventName":"n8n.audit.workflow.executed","message":"n8n.audit.workflow.executed","payload":{"workflowId":"l5OL7xp4lTsRVx3O","workflowName":"INQABA-02-PROJECTS-FEED","executionId":"42","projectId":"PBlSUiAMQl3O96o8","projectName":"Andrew  Mthethwa <develomentorg11@gmail.com>","source":"webhook"}}
{"__type":"$$EventMessageConfirm","confirm":"ad2dee4e-dc48-48c8-af38-bb8aed905e3b","ts":"2026-09-28T15:03:12.094+02:00","source":{"id":"0","name":"eventBus"}}
{"__type":"$$EventMessageWorkflow","id":"a825fdf3-4d2d-4cc3-ae45-7ffbc894c489","ts":"2026-09-28T15:03:12.094+02:00","eventName":"n8n.workflow.started","message":"n8n.workflow.started","payload":{"executionId":"42","workflowId":"l5OL7xp4lTsRVx3O","isManual":false,"mode":"webhook","workflowName":"INQABA-02-PROJECTS-FEED","projectId":"PBlSUiAMQl3O96o8","projectName":"Andrew  Mthethwa <develomentorg11@gmail.com>"}}
{"__type":"$$EventMessageConfirm","confirm":"a825fdf3-4d2d-4cc3-ae45-7ffbc894c489","ts":"2026-09-28T15:03:12.094+02:00","source":{"id":"0","name":"eventBus"}}
{"__type":"$$EventMessageNode","id":"39035ff3-c838-41d3-b506-9c0f03b70130","ts":"2026-09-28T15:03:12.095+02:00","eventName":"n8n.node.started","message":"n8n.node.started","payload":{"workflowId":"l5OL7xp4lTsRVx3O","workflowName":"INQABA-02-PROJECTS-FEED","executionId":"42","nodeType":"n8n-nodes-base.webhook","nodeName":"Webhook","nodeId":"4d0344b7-c53b-462c-9a5e-a119dcc037d9"}}
{"__type":"$$EventMessageConfirm","confirm":"39035ff3-c838-41d3-b506-9c0f03b70130","ts":"2026-09-28T15:03:12.095+02:00","source":{"id":"0","name":"eventBus"}}
{"__type":"$$EventMessageNode","id":"6421714c-3870-4bd5-a462-83fea0d8b588","ts":"2026-09-28T15:03:12.095+02:00","eventName":"n8n.node.finished","message":"n8n.node.finished","payload":{"workflowId":"l5OL7xp4lTsRVx3O","workflowName":"INQABA-02-PROJECTS-FEED","executionId":"42","nodeType":"n8n-nodes-base.webhook","nodeName":"Webhook","nodeId":"4d0344b7-c53b-462c-9a5e-a119dcc037d9"}}
{"__type":"$$EventMessageConfirm","confirm":"6421714c-3870-4bd5-a462-83fea0d8b588","ts":"2026-09-28T15:03:12.096+02:00","source":{"id":"0","name":"eventBus"}}
{"__type":"$$EventMessageNode","id":"3cd102aa-ffbf-4252-b1c9-a9ddeba64da5","ts":"2026-09-28T15:03:12.096+02:00","eventName":"n8n.node.started","message":"n8n.node.started","payload":{"workflowId":"l5OL7xp4lTsRVx3O","workflowName":"INQABA-02-PROJECTS-FEED","executionId":"42","nodeType":"n8n-nodes-base.postgres","nodeName":"Execute a SQL query","nodeId":"5bd250fb-b39c-4d83-8ca9-83d9d26769de"}}
{"__type":"$$EventMessageConfirm","confirm":"3cd102aa-ffbf-4252-b1c9-a9ddeba64da5","ts":"2026-09-28T15:03:12.096+02:00","source":{"id":"0","name":"eventBus"}}
{"__type":"$$EventMessageNode","id":"999e0dc5-56b0-42bb-9fdc-cbbdd8eee9ca","ts":"2026-09-28T15:03:12.182+02:00","eventName":"n8n.node.finished","message":"n8n.node.finished","payload":{"workflowId":"l5OL7xp4lTsRVx3O","workflowName":"INQABA-02-PROJECTS-FEED","executionId":"42","nodeType":"n8n-nodes-base.postgres","nodeName":"Execute a SQL query","nodeId":"5bd250fb-b39c-4d83-8ca9-83d9d26769de"}}
{"__type":"$$EventMessageConfirm","confirm":"999e0dc5-56b0-42bb-9fdc-cbbdd8eee9ca","ts":"2026-09-28T15:03:12.182+02:00","source":{"id":"0","name":"eventBus"}}
{"__type":"$$EventMessageWorkflow","id":"66c067f2-60b6-4d7e-89d8-284217bf8742","ts":"2026-09-28T15:03:12.183+02:00","eventName":"n8n.workflow.success","message":"n8n.workflow.success","payload":{"executionId":"42","success":true,"isManual":false,"mode":"webhook","workflowId":"l5OL7xp4lTsRVx3O","workflowName":"INQABA-02-PROJECTS-FEED","projectId":"PBlSUiAMQl3O96o8","projectName":"Andrew  Mthethwa <develomentorg11@gmail.com>"}}
{"__type":"$$EventMessageConfirm","confirm":"66c067f2-60b6-4d7e-89d8-284217bf8742","ts":"2026-09-28T15:03:12.183+02:00","source":{"id":"0","name":"eventBus"}}
{"__type":"$$EventMessageAudit","id":"16bda385-c37f-4426-9c7f-744079675737","ts":"2026-09-28T15:05:19.093+02:00","eventName":"n8n.audit.workflow.updated","message":"n8n.audit.workflow.updated","payload":{"userId":"378bb555-d142-4f98-8092-6db334bc679d","_email":"develomentorg11@gmail.com","_firstName":"Andrew ","_lastName":"Mthethwa","globalRole":"global:owner","workflowId":"l5OL7xp4lTsRVx3O","workflowName":"INQABA-02-PROJECTS-FEED"}}
{"__type":"$$EventMessageConfirm","confirm":"16bda385-c37f-4426-9c7f-744079675737","ts":"2026-09-28T15:05:19.093+02:00","source":{"id":"0","name":"eventBus"}}
{"__type":"$$EventMessageAudit","id":"03ae45c7-ceab-463f-94a3-70db7fd40f46","ts":"2026-09-28T15:06:02.457+02:00","eventName":"n8n.audit.workflow.executed","message":"n8n.audit.workflow.executed","payload":{"workflowId":"l5OL7xp4lTsRVx3O","workflowName":"INQABA-02-PROJECTS-FEED","executionId":"43","projectId":"PBlSUiAMQl3O96o8","projectName":"Andrew  Mthethwa <develomentorg11@gmail.com>","source":"webhook"}}
{"__type":"$$EventMessageConfirm","confirm":"03ae45c7-ceab-463f-94a3-70db7fd40f46","ts":"2026-09-28T15:06:02.458+02:00","source":{"id":"0","name":"eventBus"}}
{"__type":"$$EventMessageWorkflow","id":"26e48196-6be5-48be-bd4a-042840d22265","ts":"2026-09-28T15:06:02.458+02:00","eventName":"n8n.workflow.started","message":"n8n.workflow.started","payload":{"executionId":"43","workflowId":"l5OL7xp4lTsRVx3O","isManual":false,"mode":"webhook","workflowName":"INQABA-02-PROJECTS-FEED","projectId":"PBlSUiAMQl3O96o8","projectName":"Andrew  Mthethwa <develomentorg11@gmail.com>"}}
{"__type":"$$EventMessageConfirm","confirm":"26e48196-6be5-48be-bd4a-042840d22265","ts":"2026-09-28T15:06:02.458+02:00","source":{"id":"0","name":"eventBus"}}
{"__type":"$$EventMessageNode","id":"47deb2e8-e00a-49e2-ba90-1b623402b274","ts":"2026-09-28T15:06:02.458+02:00","eventName":"n8n.node.started","message":"n8n.node.started","payload":{"workflowId":"l5OL7xp4lTsRVx3O","workflowName":"INQABA-02-PROJECTS-FEED","executionId":"43","nodeType":"n8n-nodes-base.webhook","nodeName":"Webhook","nodeId":"4d0344b7-c53b-462c-9a5e-a119dcc037d9"}}
{"__type":"$$EventMessageConfirm","confirm":"47deb2e8-e00a-49e2-ba90-1b623402b274","ts":"2026-09-28T15:06:02.459+02:00","source":{"id":"0","name":"eventBus"}}
{"__type":"$$EventMessageNode","id":"8be1092c-d9f2-4d3f-9d42-e83d5abcb327","ts":"2026-09-28T15:06:02.459+02:00","eventName":"n8n.node.finished","message":"n8n.node.finished","payload":{"workflowId":"l5OL7xp4lTsRVx3O","workflowName":"INQABA-02-PROJECTS-FEED","executionId":"43","nodeType":"n8n-nodes-base.webhook","nodeName":"Webhook","nodeId":"4d0344b7-c53b-462c-9a5e-a119dcc037d9"}}
{"__type":"$$EventMessageConfirm","confirm":"8be1092c-d9f2-4d3f-9d42-e83d5abcb327","ts":"2026-09-28T15:06:02.460+02:00","source":{"id":"0","name":"eventBus"}}
{"__type":"$$EventMessageNode","id":"4b351ad6-349e-4aa2-9cb5-a5fd32ba64b1","ts":"2026-09-28T15:06:02.460+02:00","eventName":"n8n.node.started","message":"n8n.node.started","payload":{"workflowId":"l5OL7xp4lTsRVx3O","workflowName":"INQABA-02-PROJECTS-FEED","executionId":"43","nodeType":"n8n-nodes-base.postgres","nodeName":"Execute a SQL query","nodeId":"5bd250fb-b39c-4d83-8ca9-83d9d26769de"}}
{"__type":"$$EventMessageConfirm","confirm":"4b351ad6-349e-4aa2-9cb5-a5fd32ba64b1","ts":"2026-09-28T15:06:02.460+02:00","source":{"id":"0","name":"eventBus"}}
{"__type":"$$EventMessageNode","id":"36d90db3-c362-41bb-8f63-df97ad16a4e1","ts":"2026-09-28T15:06:02.541+02:00","eventName":"n8n.node.finished","message":"n8n.node.finished","payload":{"workflowId":"l5OL7xp4lTsRVx3O","workflowName":"INQABA-02-PROJECTS-FEED","executionId":"43","nodeType":"n8n-nodes-base.postgres","nodeName":"Execute a SQL query","nodeId":"5bd250fb-b39c-4d83-8ca9-83d9d26769de"}}
{"__type":"$$EventMessageConfirm","confirm":"36d90db3-c362-41bb-8f63-df97ad16a4e1","ts":"2026-09-28T15:06:02.541+02:00","source":{"id":"0","name":"eventBus"}}
{"__type":"$$EventMessageWorkflow","id":"4b45fe77-8d1a-486c-8ab7-b47611acf676","ts":"2026-09-28T15:06:02.541+02:00","eventName":"n8n.workflow.success","message":"n8n.workflow.success","payload":{"executionId":"43","success":true,"isManual":false,"mode":"webhook","workflowId":"l5OL7xp4lTsRVx3O","workflowName":"INQABA-02-PROJECTS-FEED","projectId":"PBlSUiAMQl3O96o8","projectName":"Andrew  Mthethwa <develomentorg11@gmail.com>"}}
{"__type":"$$EventMessageConfirm","confirm":"4b45fe77-8d1a-486c-8ab7-b47611acf676","ts":"2026-09-28T15:06:02.541+02:00","source":{"id":"0","name":"eventBus"}}
{"__type":"$$EventMessageAudit","id":"6e455d59-5371-4e30-8c8e-2ae910b09f8f","ts":"2026-09-28T15:49:42.784+02:00","eventName":"n8n.audit.workflow.executed","message":"n8n.audit.workflow.executed","payload":{"workflowId":"l5OL7xp4lTsRVx3O","workflowName":"INQABA-02-PROJECTS-FEED","executionId":"44","projectId":"PBlSUiAMQl3O96o8","projectName":"Andrew  Mthethwa <develomentorg11@gmail.com>","source":"webhook"}}
{"__type":"$$EventMessageConfirm","confirm":"6e455d59-5371-4e30-8c8e-2ae910b09f8f","ts":"2026-09-28T15:49:42.785+02:00","source":{"id":"0","name":"eventBus"}}
{"__type":"$$EventMessageWorkflow","id":"52a0ca3b-297a-458d-ae7d-59ff48546a20","ts":"2026-09-28T15:49:42.785+02:00","eventName":"n8n.workflow.started","message":"n8n.workflow.started","payload":{"executionId":"44","workflowId":"l5OL7xp4lTsRVx3O","isManual":false,"mode":"webhook","workflowName":"INQABA-02-PROJECTS-FEED","projectId":"PBlSUiAMQl3O96o8","projectName":"Andrew  Mthethwa <develomentorg11@gmail.com>"}}
{"__type":"$$EventMessageConfirm","confirm":"52a0ca3b-297a-458d-ae7d-59ff48546a20","ts":"2026-09-28T15:49:42.785+02:00","source":{"id":"0","name":"eventBus"}}
{"__type":"$$EventMessageNode","id":"d778b015-3cc3-42c2-aba1-742be3366bfe","ts":"2026-09-28T15:49:42.785+02:00","eventName":"n8n.node.started","message":"n8n.node.started","payload":{"workflowId":"l5OL7xp4lTsRVx3O","workflowName":"INQABA-02-PROJECTS-FEED","executionId":"44","nodeType":"n8n-nodes-base.webhook","nodeName":"Webhook","nodeId":"4d0344b7-c53b-462c-9a5e-a119dcc037d9"}}
{"__type":"$$EventMessageConfirm","confirm":"d778b015-3cc3-42c2-aba1-742be3366bfe","ts":"2026-09-28T15:49:42.786+02:00","source":{"id":"0","name":"eventBus"}}
{"__type":"$$EventMessageNode","id":"b1c460de-38cc-4804-b3c1-4530cc03d43a","ts":"2026-09-28T15:49:42.786+02:00","eventName":"n8n.node.finished","message":"n8n.node.finished","payload":{"workflowId":"l5OL7xp4lTsRVx3O","workflowName":"INQABA-02-PROJECTS-FEED","executionId":"44","nodeType":"n8n-nodes-base.webhook","nodeName":"Webhook","nodeId":"4d0344b7-c53b-462c-9a5e-a119dcc037d9"}}
{"__type":"$$EventMessageConfirm","confirm":"b1c460de-38cc-4804-b3c1-4530cc03d43a","ts":"2026-09-28T15:49:42.786+02:00","source":{"id":"0","name":"eventBus"}}
{"__type":"$$EventMessageNode","id":"9251226d-540c-4a7f-9820-b201e59641fa","ts":"2026-09-28T15:49:42.787+02:00","eventName":"n8n.node.started","message":"n8n.node.started","payload":{"workflowId":"l5OL7xp4lTsRVx3O","workflowName":"INQABA-02-PROJECTS-FEED","executionId":"44","nodeType":"n8n-nodes-base.postgres","nodeName":"Execute a SQL query","nodeId":"5bd250fb-b39c-4d83-8ca9-83d9d26769de"}}
{"__type":"$$EventMessageConfirm","confirm":"9251226d-540c-4a7f-9820-b201e59641fa","ts":"2026-09-28T15:49:42.787+02:00","source":{"id":"0","name":"eventBus"}}
{"__type":"$$EventMessageNode","id":"fe27692e-050c-47a2-b5c6-e63a212061f3","ts":"2026-09-28T15:49:42.874+02:00","eventName":"n8n.node.finished","message":"n8n.node.finished","payload":{"workflowId":"l5OL7xp4lTsRVx3O","workflowName":"INQABA-02-PROJECTS-FEED","executionId":"44","nodeType":"n8n-nodes-base.postgres","nodeName":"Execute a SQL query","nodeId":"5bd250fb-b39c-4d83-8ca9-83d9d26769de"}}
{"__type":"$$EventMessageConfirm","confirm":"fe27692e-050c-47a2-b5c6-e63a212061f3","ts":"2026-09-28T15:49:42.875+02:00","source":{"id":"0","name":"eventBus"}}
{"__type":"$$EventMessageWorkflow","id":"b10e94f8-90b0-49a6-af10-0e0529c89ff8","ts":"2026-09-28T15:49:42.875+02:00","eventName":"n8n.workflow.success","message":"n8n.workflow.success","payload":{"executionId":"44","success":true,"isManual":false,"mode":"webhook","workflowId":"l5OL7xp4lTsRVx3O","workflowName":"INQABA-02-PROJECTS-FEED","projectId":"PBlSUiAMQl3O96o8","projectName":"Andrew  Mthethwa <develomentorg11@gmail.com>"}}
{"__type":"$$EventMessageConfirm","confirm":"b10e94f8-90b0-49a6-af10-0e0529c89ff8","ts":"2026-09-28T15:49:42.875+02:00","source":{"id":"0","name":"eventBus"}}
{"__type":"$$EventMessageAudit","id":"e5a7412e-c495-4c3d-98bd-ac325f95782b","ts":"2026-09-28T15:49:44.500+02:00","eventName":"n8n.audit.workflow.executed","message":"n8n.audit.workflow.executed","payload":{"workflowId":"l5OL7xp4lTsRVx3O","workflowName":"INQABA-02-PROJECTS-FEED","executionId":"45","projectId":"PBlSUiAMQl3O96o8","projectName":"Andrew  Mthethwa <develomentorg11@gmail.com>","source":"webhook"}}
{"__type":"$$EventMessageConfirm","confirm":"e5a7412e-c495-4c3d-98bd-ac325f95782b","ts":"2026-09-28T15:49:44.500+02:00","source":{"id":"0","name":"eventBus"}}
{"__type":"$$EventMessageWorkflow","id":"d8b7c346-5690-431a-82c3-bc7b5ec9579c","ts":"2026-09-28T15:49:44.501+02:00","eventName":"n8n.workflow.started","message":"n8n.workflow.started","payload":{"executionId":"45","workflowId":"l5OL7xp4lTsRVx3O","isManual":false,"mode":"webhook","workflowName":"INQABA-02-PROJECTS-FEED","projectId":"PBlSUiAMQl3O96o8","projectName":"Andrew  Mthethwa <develomentorg11@gmail.com>"}}
{"__type":"$$EventMessageConfirm","confirm":"d8b7c346-5690-431a-82c3-bc7b5ec9579c","ts":"2026-09-28T15:49:44.501+02:00","source":{"id":"0","name":"eventBus"}}
{"__type":"$$EventMessageNode","id":"3c3639a9-3057-423d-91f8-c2c4fbfb8b60","ts":"2026-09-28T15:49:44.501+02:00","eventName":"n8n.node.started","message":"n8n.node.started","payload":{"workflowId":"l5OL7xp4lTsRVx3O","workflowName":"INQABA-02-PROJECTS-FEED","executionId":"45","nodeType":"n8n-nodes-base.webhook","nodeName":"Webhook","nodeId":"4d0344b7-c53b-462c-9a5e-a119dcc037d9"}}
{"__type":"$$EventMessageConfirm","confirm":"3c3639a9-3057-423d-91f8-c2c4fbfb8b60","ts":"2026-09-28T15:49:44.501+02:00","source":{"id":"0","name":"eventBus"}}
{"__type":"$$EventMessageNode","id":"02e1fba5-6d44-4250-86e8-78b10eb36194","ts":"2026-09-28T15:49:44.502+02:00","eventName":"n8n.node.finished","message":"n8n.node.finished","payload":{"workflowId":"l5OL7xp4lTsRVx3O","workflowName":"INQABA-02-PROJECTS-FEED","executionId":"45","nodeType":"n8n-nodes-base.webhook","nodeName":"Webhook","nodeId":"4d0344b7-c53b-462c-9a5e-a119dcc037d9"}}
{"__type":"$$EventMessageConfirm","confirm":"02e1fba5-6d44-4250-86e8-78b10eb36194","ts":"2026-09-28T15:49:44.502+02:00","source":{"id":"0","name":"eventBus"}}
{"__type":"$$EventMessageNode","id":"0d037691-4648-41ed-bb83-21c0eb639ba8","ts":"2026-09-28T15:49:44.502+02:00","eventName":"n8n.node.started","message":"n8n.node.started","payload":{"workflowId":"l5OL7xp4lTsRVx3O","workflowName":"INQABA-02-PROJECTS-FEED","executionId":"45","nodeType":"n8n-nodes-base.postgres","nodeName":"Execute a SQL query","nodeId":"5bd250fb-b39c-4d83-8ca9-83d9d26769de"}}
{"__type":"$$EventMessageConfirm","confirm":"0d037691-4648-41ed-bb83-21c0eb639ba8","ts":"2026-09-28T15:49:44.502+02:00","source":{"id":"0","name":"eventBus"}}
{"__type":"$$EventMessageNode","id":"71618e36-9c4c-409c-934f-6da4aad7929e","ts":"2026-09-28T15:49:44.514+02:00","eventName":"n8n.node.finished","message":"n8n.node.finished","payload":{"workflowId":"l5OL7xp4lTsRVx3O","workflowName":"INQABA-02-PROJECTS-FEED","executionId":"45","nodeType":"n8n-nodes-base.postgres","nodeName":"Execute a SQL query","nodeId":"5bd250fb-b39c-4d83-8ca9-83d9d26769de"}}
{"__type":"$$EventMessageConfirm","confirm":"71618e36-9c4c-409c-934f-6da4aad7929e","ts":"2026-09-28T15:49:44.514+02:00","source":{"id":"0","name":"eventBus"}}
{"__type":"$$EventMessageWorkflow","id":"2e8b8cd2-7cb4-44f7-9745-e41d26dd0b37","ts":"2026-09-28T15:49:44.515+02:00","eventName":"n8n.workflow.success","message":"n8n.workflow.success","payload":{"executionId":"45","success":true,"isManual":false,"mode":"webhook","workflowId":"l5OL7xp4lTsRVx3O","workflowName":"INQABA-02-PROJECTS-FEED","projectId":"PBlSUiAMQl3O96o8","projectName":"Andrew  Mthethwa <develomentorg11@gmail.com>"}}
{"__type":"$$EventMessageConfirm","confirm":"2e8b8cd2-7cb4-44f7-9745-e41d26dd0b37","ts":"2026-09-28T15:49:44.515+02:00","source":{"id":"0","name":"eventBus"}}
{"__type":"$$EventMessageAudit","id":"0d7c8713-b2c4-4739-9eac-51bdfd8b03f0","ts":"2026-09-28T18:37:09.693+02:00","eventName":"n8n.audit.workflow.executed","message":"n8n.audit.workflow.executed","payload":{"workflowId":"l5OL7xp4lTsRVx3O","workflowName":"INQABA-02-PROJECTS-FEED","executionId":"46","projectId":"PBlSUiAMQl3O96o8","projectName":"Andrew  Mthethwa <develomentorg11@gmail.com>","source":"webhook"}}
{"__type":"$$EventMessageConfirm","confirm":"0d7c8713-b2c4-4739-9eac-51bdfd8b03f0","ts":"2026-09-28T18:37:09.694+02:00","source":{"id":"0","name":"eventBus"}}
{"__type":"$$EventMessageWorkflow","id":"e64d041e-4470-44b0-a108-ac62b3dcb41d","ts":"2026-09-28T18:37:09.694+02:00","eventName":"n8n.workflow.started","message":"n8n.workflow.started","payload":{"executionId":"46","workflowId":"l5OL7xp4lTsRVx3O","isManual":false,"mode":"webhook","workflowName":"INQABA-02-PROJECTS-FEED","projectId":"PBlSUiAMQl3O96o8","projectName":"Andrew  Mthethwa <develomentorg11@gmail.com>"}}
{"__type":"$$EventMessageConfirm","confirm":"e64d041e-4470-44b0-a108-ac62b3dcb41d","ts":"2026-09-28T18:37:09.694+02:00","source":{"id":"0","name":"eventBus"}}
{"__type":"$$EventMessageNode","id":"aa87a5f2-9f28-4cae-9f14-132509a9257a","ts":"2026-09-28T18:37:09.695+02:00","eventName":"n8n.node.started","message":"n8n.node.started","payload":{"workflowId":"l5OL7xp4lTsRVx3O","workflowName":"INQABA-02-PROJECTS-FEED","executionId":"46","nodeType":"n8n-nodes-base.webhook","nodeName":"Webhook","nodeId":"4d0344b7-c53b-462c-9a5e-a119dcc037d9"}}
{"__type":"$$EventMessageConfirm","confirm":"aa87a5f2-9f28-4cae-9f14-132509a9257a","ts":"2026-09-28T18:37:09.695+02:00","source":{"id":"0","name":"eventBus"}}
{"__type":"$$EventMessageNode","id":"5e9c72f9-2450-4a6c-b8f1-bbd3b1c8f024","ts":"2026-09-28T18:37:09.696+02:00","eventName":"n8n.node.finished","message":"n8n.node.finished","payload":{"workflowId":"l5OL7xp4lTsRVx3O","workflowName":"INQABA-02-PROJECTS-FEED","executionId":"46","nodeType":"n8n-nodes-base.webhook","nodeName":"Webhook","nodeId":"4d0344b7-c53b-462c-9a5e-a119dcc037d9"}}
{"__type":"$$EventMessageConfirm","confirm":"5e9c72f9-2450-4a6c-b8f1-bbd3b1c8f024","ts":"2026-09-28T18:37:09.696+02:00","source":{"id":"0","name":"eventBus"}}
{"__type":"$$EventMessageNode","id":"7ce80324-0925-40c5-8c25-585d5ca6d924","ts":"2026-09-28T18:37:09.697+02:00","eventName":"n8n.node.started","message":"n8n.node.started","payload":{"workflowId":"l5OL7xp4lTsRVx3O","workflowName":"INQABA-02-PROJECTS-FEED","executionId":"46","nodeType":"n8n-nodes-base.postgres","nodeName":"Execute a SQL query","nodeId":"5bd250fb-b39c-4d83-8ca9-83d9d26769de"}}
{"__type":"$$EventMessageConfirm","confirm":"7ce80324-0925-40c5-8c25-585d5ca6d924","ts":"2026-09-28T18:37:09.697+02:00","source":{"id":"0","name":"eventBus"}}
{"__type":"$$EventMessageNode","id":"c2300b6a-2d10-44aa-b312-986d8acec88b","ts":"2026-09-28T18:37:09.735+02:00","eventName":"n8n.node.finished","message":"n8n.node.finished","payload":{"workflowId":"l5OL7xp4lTsRVx3O","workflowName":"INQABA-02-PROJECTS-FEED","executionId":"46","nodeType":"n8n-nodes-base.postgres","nodeName":"Execute a SQL query","nodeId":"5bd250fb-b39c-4d83-8ca9-83d9d26769de"}}
{"__type":"$$EventMessageConfirm","confirm":"c2300b6a-2d10-44aa-b312-986d8acec88b","ts":"2026-09-28T18:37:09.735+02:00","source":{"id":"0","name":"eventBus"}}
{"__type":"$$EventMessageWorkflow","id":"ead471b6-a674-4729-9a4f-66ef2e6b924a","ts":"2026-09-28T18:37:09.735+02:00","eventName":"n8n.workflow.success","message":"n8n.workflow.success","payload":{"executionId":"46","success":true,"isManual":false,"mode":"webhook","workflowId":"l5OL7xp4lTsRVx3O","workflowName":"INQABA-02-PROJECTS-FEED","projectId":"PBlSUiAMQl3O96o8","projectName":"Andrew  Mthethwa <develomentorg11@gmail.com>"}}
{"__type":"$$EventMessageConfirm","confirm":"ead471b6-a674-4729-9a4f-66ef2e6b924a","ts":"2026-09-28T18:37:09.735+02:00","source":{"id":"0","name":"eventBus"}}
{"__type":"$$EventMessageAudit","id":"ca4e2dc9-8342-4879-b1fa-6ae593955435","ts":"2026-09-28T18:37:31.633+02:00","eventName":"n8n.audit.workflow.executed","message":"n8n.audit.workflow.executed","payload":{"workflowId":"l5OL7xp4lTsRVx3O","workflowName":"INQABA-02-PROJECTS-FEED","executionId":"47","projectId":"PBlSUiAMQl3O96o8","projectName":"Andrew  Mthethwa <develomentorg11@gmail.com>","source":"webhook"}}
{"__type":"$$EventMessageConfirm","confirm":"ca4e2dc9-8342-4879-b1fa-6ae593955435","ts":"2026-09-28T18:37:31.634+02:00","source":{"id":"0","name":"eventBus"}}
{"__type":"$$EventMessageWorkflow","id":"1aef2d3e-6a6f-4ec5-a3b0-b4bf3d26800b","ts":"2026-09-28T18:37:31.634+02:00","eventName":"n8n.workflow.started","message":"n8n.workflow.started","payload":{"executionId":"47","workflowId":"l5OL7xp4lTsRVx3O","isManual":false,"mode":"webhook","workflowName":"INQABA-02-PROJECTS-FEED","projectId":"PBlSUiAMQl3O96o8","projectName":"Andrew  Mthethwa <develomentorg11@gmail.com>"}}
{"__type":"$$EventMessageConfirm","confirm":"1aef2d3e-6a6f-4ec5-a3b0-b4bf3d26800b","ts":"2026-09-28T18:37:31.634+02:00","source":{"id":"0","name":"eventBus"}}
{"__type":"$$EventMessageNode","id":"13716306-37f6-49e1-adbd-04428d9eb4a4","ts":"2026-09-28T18:37:31.634+02:00","eventName":"n8n.node.started","message":"n8n.node.started","payload":{"workflowId":"l5OL7xp4lTsRVx3O","workflowName":"INQABA-02-PROJECTS-FEED","executionId":"47","nodeType":"n8n-nodes-base.webhook","nodeName":"Webhook","nodeId":"4d0344b7-c53b-462c-9a5e-a119dcc037d9"}}
{"__type":"$$EventMessageConfirm","confirm":"13716306-37f6-49e1-adbd-04428d9eb4a4","ts":"2026-09-28T18:37:31.634+02:00","source":{"id":"0","name":"eventBus"}}
{"__type":"$$EventMessageNode","id":"409b833a-60f0-422d-805b-787e32dd7ddb","ts":"2026-09-28T18:37:31.635+02:00","eventName":"n8n.node.finished","message":"n8n.node.finished","payload":{"workflowId":"l5OL7xp4lTsRVx3O","workflowName":"INQABA-02-PROJECTS-FEED","executionId":"47","nodeType":"n8n-nodes-base.webhook","nodeName":"Webhook","nodeId":"4d0344b7-c53b-462c-9a5e-a119dcc037d9"}}
{"__type":"$$EventMessageConfirm","confirm":"409b833a-60f0-422d-805b-787e32dd7ddb","ts":"2026-09-28T18:37:31.635+02:00","source":{"id":"0","name":"eventBus"}}
{"__type":"$$EventMessageNode","id":"10c21c23-1e2e-44b8-9360-df04aef3c6ee","ts":"2026-09-28T18:37:31.635+02:00","eventName":"n8n.node.started","message":"n8n.node.started","payload":{"workflowId":"l5OL7xp4lTsRVx3O","workflowName":"INQABA-02-PROJECTS-FEED","executionId":"47","nodeType":"n8n-nodes-base.postgres","nodeName":"Execute a SQL query","nodeId":"5bd250fb-b39c-4d83-8ca9-83d9d26769de"}}
{"__type":"$$EventMessageConfirm","confirm":"10c21c23-1e2e-44b8-9360-df04aef3c6ee","ts":"2026-09-28T18:37:31.635+02:00","source":{"id":"0","name":"eventBus"}}
{"__type":"$$EventMessageNode","id":"a1f8bc7f-9c3b-4422-a65c-0b99bbd04c17","ts":"2026-09-28T18:37:31.662+02:00","eventName":"n8n.node.finished","message":"n8n.node.finished","payload":{"workflowId":"l5OL7xp4lTsRVx3O","workflowName":"INQABA-02-PROJECTS-FEED","executionId":"47","nodeType":"n8n-nodes-base.postgres","nodeName":"Execute a SQL query","nodeId":"5bd250fb-b39c-4d83-8ca9-83d9d26769de"}}
{"__type":"$$EventMessageConfirm","confirm":"a1f8bc7f-9c3b-4422-a65c-0b99bbd04c17","ts":"2026-09-28T18:37:31.662+02:00","source":{"id":"0","name":"eventBus"}}
{"__type":"$$EventMessageWorkflow","id":"dfb2ec20-769f-45b9-a240-917c4eacd3bb","ts":"2026-09-28T18:37:31.662+02:00","eventName":"n8n.workflow.success","message":"n8n.workflow.success","payload":{"executionId":"47","success":true,"isManual":false,"mode":"webhook","workflowId":"l5OL7xp4lTsRVx3O","workflowName":"INQABA-02-PROJECTS-FEED","projectId":"PBlSUiAMQl3O96o8","projectName":"Andrew  Mthethwa <develomentorg11@gmail.com>"}}
{"__type":"$$EventMessageConfirm","confirm":"dfb2ec20-769f-45b9-a240-917c4eacd3bb","ts":"2026-09-28T18:37:31.662+02:00","source":{"id":"0","name":"eventBus"}}
{"__type":"$$EventMessageAudit","id":"e8cfc9c7-9b3e-4512-825d-3da4999a177e","ts":"2026-09-28T18:37:34.574+02:00","eventName":"n8n.audit.workflow.executed","message":"n8n.audit.workflow.executed","payload":{"workflowId":"l5OL7xp4lTsRVx3O","workflowName":"INQABA-02-PROJECTS-FEED","executionId":"48","projectId":"PBlSUiAMQl3O96o8","projectName":"Andrew  Mthethwa <develomentorg11@gmail.com>","source":"webhook"}}
{"__type":"$$EventMessageConfirm","confirm":"e8cfc9c7-9b3e-4512-825d-3da4999a177e","ts":"2026-09-28T18:37:34.574+02:00","source":{"id":"0","name":"eventBus"}}
{"__type":"$$EventMessageWorkflow","id":"6bae6455-2065-4d5c-934d-835af0b85c8e","ts":"2026-09-28T18:37:34.574+02:00","eventName":"n8n.workflow.started","message":"n8n.workflow.started","payload":{"executionId":"48","workflowId":"l5OL7xp4lTsRVx3O","isManual":false,"mode":"webhook","workflowName":"INQABA-02-PROJECTS-FEED","projectId":"PBlSUiAMQl3O96o8","projectName":"Andrew  Mthethwa <develomentorg11@gmail.com>"}}
{"__type":"$$EventMessageConfirm","confirm":"6bae6455-2065-4d5c-934d-835af0b85c8e","ts":"2026-09-28T18:37:34.574+02:00","source":{"id":"0","name":"eventBus"}}
{"__type":"$$EventMessageNode","id":"b927d93b-f257-48ec-b26e-8506e6b912ca","ts":"2026-09-28T18:37:34.574+02:00","eventName":"n8n.node.started","message":"n8n.node.started","payload":{"workflowId":"l5OL7xp4lTsRVx3O","workflowName":"INQABA-02-PROJECTS-FEED","executionId":"48","nodeType":"n8n-nodes-base.webhook","nodeName":"Webhook","nodeId":"4d0344b7-c53b-462c-9a5e-a119dcc037d9"}}
{"__type":"$$EventMessageConfirm","confirm":"b927d93b-f257-48ec-b26e-8506e6b912ca","ts":"2026-09-28T18:37:34.574+02:00","source":{"id":"0","name":"eventBus"}}
{"__type":"$$EventMessageNode","id":"3af8424d-3538-4642-a075-f589aa061465","ts":"2026-09-28T18:37:34.574+02:00","eventName":"n8n.node.finished","message":"n8n.node.finished","payload":{"workflowId":"l5OL7xp4lTsRVx3O","workflowName":"INQABA-02-PROJECTS-FEED","executionId":"48","nodeType":"n8n-nodes-base.webhook","nodeName":"Webhook","nodeId":"4d0344b7-c53b-462c-9a5e-a119dcc037d9"}}
{"__type":"$$EventMessageConfirm","confirm":"3af8424d-3538-4642-a075-f589aa061465","ts":"2026-09-28T18:37:34.574+02:00","source":{"id":"0","name":"eventBus"}}
{"__type":"$$EventMessageNode","id":"99753d91-45ce-4ab7-80b3-10a866ac79fc","ts":"2026-09-28T18:37:34.574+02:00","eventName":"n8n.node.started","message":"n8n.node.started","payload":{"workflowId":"l5OL7xp4lTsRVx3O","workflowName":"INQABA-02-PROJECTS-FEED","executionId":"48","nodeType":"n8n-nodes-base.postgres","nodeName":"Execute a SQL query","nodeId":"5bd250fb-b39c-4d83-8ca9-83d9d26769de"}}
{"__type":"$$EventMessageConfirm","confirm":"99753d91-45ce-4ab7-80b3-10a866ac79fc","ts":"2026-09-28T18:37:34.574+02:00","source":{"id":"0","name":"eventBus"}}
{"__type":"$$EventMessageNode","id":"d0a1a969-d9b1-40e0-9bf0-c1ffd6373450","ts":"2026-09-28T18:37:34.578+02:00","eventName":"n8n.node.finished","message":"n8n.node.finished","payload":{"workflowId":"l5OL7xp4lTsRVx3O","workflowName":"INQABA-02-PROJECTS-FEED","executionId":"48","nodeType":"n8n-nodes-base.postgres","nodeName":"Execute a SQL query","nodeId":"5bd250fb-b39c-4d83-8ca9-83d9d26769de"}}
{"__type":"$$EventMessageConfirm","confirm":"d0a1a969-d9b1-40e0-9bf0-c1ffd6373450","ts":"2026-09-28T18:37:34.578+02:00","source":{"id":"0","name":"eventBus"}}
{"__type":"$$EventMessageWorkflow","id":"df748ffb-a335-48fe-8b1a-8af7b7c83d0c","ts":"2026-09-28T18:37:34.578+02:00","eventName":"n8n.workflow.success","message":"n8n.workflow.success","payload":{"executionId":"48","success":true,"isManual":false,"mode":"webhook","workflowId":"l5OL7xp4lTsRVx3O","workflowName":"INQABA-02-PROJECTS-FEED","projectId":"PBlSUiAMQl3O96o8","projectName":"Andrew  Mthethwa <develomentorg11@gmail.com>"}}
{"__type":"$$EventMessageConfirm","confirm":"df748ffb-a335-48fe-8b1a-8af7b7c83d0c","ts":"2026-09-28T18:37:34.578+02:00","source":{"id":"0","name":"eventBus"}}
{"__type":"$$EventMessageAudit","id":"981d0d84-1182-41fd-b59a-0dc7c8f14d5d","ts":"2026-09-28T18:37:35.216+02:00","eventName":"n8n.audit.workflow.executed","message":"n8n.audit.workflow.executed","payload":{"workflowId":"l5OL7xp4lTsRVx3O","workflowName":"INQABA-02-PROJECTS-FEED","executionId":"49","projectId":"PBlSUiAMQl3O96o8","projectName":"Andrew  Mthethwa <develomentorg11@gmail.com>","source":"webhook"}}
{"__type":"$$EventMessageConfirm","confirm":"981d0d84-1182-41fd-b59a-0dc7c8f14d5d","ts":"2026-09-28T18:37:35.217+02:00","source":{"id":"0","name":"eventBus"}}
{"__type":"$$EventMessageWorkflow","id":"831f0517-5595-4745-93e6-c25c0c482fb9","ts":"2026-09-28T18:37:35.217+02:00","eventName":"n8n.workflow.started","message":"n8n.workflow.started","payload":{"executionId":"49","workflowId":"l5OL7xp4lTsRVx3O","isManual":false,"mode":"webhook","workflowName":"INQABA-02-PROJECTS-FEED","projectId":"PBlSUiAMQl3O96o8","projectName":"Andrew  Mthethwa <develomentorg11@gmail.com>"}}
{"__type":"$$EventMessageConfirm","confirm":"831f0517-5595-4745-93e6-c25c0c482fb9","ts":"2026-09-28T18:37:35.217+02:00","source":{"id":"0","name":"eventBus"}}
{"__type":"$$EventMessageNode","id":"1e60cf11-6532-47bc-af96-7ea3ef9c1097","ts":"2026-09-28T18:37:35.217+02:00","eventName":"n8n.node.started","message":"n8n.node.started","payload":{"workflowId":"l5OL7xp4lTsRVx3O","workflowName":"INQABA-02-PROJECTS-FEED","executionId":"49","nodeType":"n8n-nodes-base.webhook","nodeName":"Webhook","nodeId":"4d0344b7-c53b-462c-9a5e-a119dcc037d9"}}
{"__type":"$$EventMessageConfirm","confirm":"1e60cf11-6532-47bc-af96-7ea3ef9c1097","ts":"2026-09-28T18:37:35.217+02:00","source":{"id":"0","name":"eventBus"}}
{"__type":"$$EventMessageNode","id":"68f4a536-e7e9-48f3-bdb7-a0f49cffe0bb","ts":"2026-09-28T18:37:35.217+02:00","eventName":"n8n.node.finished","message":"n8n.node.finished","payload":{"workflowId":"l5OL7xp4lTsRVx3O","workflowName":"INQABA-02-PROJECTS-FEED","executionId":"49","nodeType":"n8n-nodes-base.webhook","nodeName":"Webhook","nodeId":"4d0344b7-c53b-462c-9a5e-a119dcc037d9"}}
{"__type":"$$EventMessageConfirm","confirm":"68f4a536-e7e9-48f3-bdb7-a0f49cffe0bb","ts":"2026-09-28T18:37:35.217+02:00","source":{"id":"0","name":"eventBus"}}
{"__type":"$$EventMessageNode","id":"edfa9e98-3a7b-4195-bc92-605dfce95bbd","ts":"2026-09-28T18:37:35.217+02:00","eventName":"n8n.node.started","message":"n8n.node.started","payload":{"workflowId":"l5OL7xp4lTsRVx3O","workflowName":"INQABA-02-PROJECTS-FEED","executionId":"49","nodeType":"n8n-nodes-base.postgres","nodeName":"Execute a SQL query","nodeId":"5bd250fb-b39c-4d83-8ca9-83d9d26769de"}}
{"__type":"$$EventMessageConfirm","confirm":"edfa9e98-3a7b-4195-bc92-605dfce95bbd","ts":"2026-09-28T18:37:35.217+02:00","source":{"id":"0","name":"eventBus"}}
{"__type":"$$EventMessageNode","id":"d0027a32-ee12-4e87-b749-fb1d52327411","ts":"2026-09-28T18:37:35.220+02:00","eventName":"n8n.node.finished","message":"n8n.node.finished","payload":{"workflowId":"l5OL7xp4lTsRVx3O","workflowName":"INQABA-02-PROJECTS-FEED","executionId":"49","nodeType":"n8n-nodes-base.postgres","nodeName":"Execute a SQL query","nodeId":"5bd250fb-b39c-4d83-8ca9-83d9d26769de"}}
{"__type":"$$EventMessageConfirm","confirm":"d0027a32-ee12-4e87-b749-fb1d52327411","ts":"2026-09-28T18:37:35.220+02:00","source":{"id":"0","name":"eventBus"}}
{"__type":"$$EventMessageWorkflow","id":"733539c3-253b-4548-83ef-5966a23e23d1","ts":"2026-09-28T18:37:35.220+02:00","eventName":"n8n.workflow.success","message":"n8n.workflow.success","payload":{"executionId":"49","success":true,"isManual":false,"mode":"webhook","workflowId":"l5OL7xp4lTsRVx3O","workflowName":"INQABA-02-PROJECTS-FEED","projectId":"PBlSUiAMQl3O96o8","projectName":"Andrew  Mthethwa <develomentorg11@gmail.com>"}}
{"__type":"$$EventMessageConfirm","confirm":"733539c3-253b-4548-83ef-5966a23e23d1","ts":"2026-09-28T18:37:35.220+02:00","source":{"id":"0","name":"eventBus"}}
{"__type":"$$EventMessageAudit","id":"7cf36fdc-c278-4577-961d-0745b8194588","ts":"2026-09-28T18:38:41.351+02:00","eventName":"n8n.audit.workflow.executed","message":"n8n.audit.workflow.executed","payload":{"workflowId":"l5OL7xp4lTsRVx3O","workflowName":"INQABA-02-PROJECTS-FEED","executionId":"50","projectId":"PBlSUiAMQl3O96o8","projectName":"Andrew  Mthethwa <develomentorg11@gmail.com>","source":"webhook"}}
{"__type":"$$EventMessageConfirm","confirm":"7cf36fdc-c278-4577-961d-0745b8194588","ts":"2026-09-28T18:38:41.351+02:00","source":{"id":"0","name":"eventBus"}}
{"__type":"$$EventMessageWorkflow","id":"a1ee31a0-6ad8-4ad7-af9f-db749657d227","ts":"2026-09-28T18:38:41.352+02:00","eventName":"n8n.workflow.started","message":"n8n.workflow.started","payload":{"executionId":"50","workflowId":"l5OL7xp4lTsRVx3O","isManual":false,"mode":"webhook","workflowName":"INQABA-02-PROJECTS-FEED","projectId":"PBlSUiAMQl3O96o8","projectName":"Andrew  Mthethwa <develomentorg11@gmail.com>"}}
{"__type":"$$EventMessageConfirm","confirm":"a1ee31a0-6ad8-4ad7-af9f-db749657d227","ts":"2026-09-28T18:38:41.352+02:00","source":{"id":"0","name":"eventBus"}}
{"__type":"$$EventMessageNode","id":"97c11265-0c2d-4404-aed1-39705090fa68","ts":"2026-09-28T18:38:41.352+02:00","eventName":"n8n.node.started","message":"n8n.node.started","payload":{"workflowId":"l5OL7xp4lTsRVx3O","workflowName":"INQABA-02-PROJECTS-FEED","executionId":"50","nodeType":"n8n-nodes-base.webhook","nodeName":"Webhook","nodeId":"4d0344b7-c53b-462c-9a5e-a119dcc037d9"}}
{"__type":"$$EventMessageConfirm","confirm":"97c11265-0c2d-4404-aed1-39705090fa68","ts":"2026-09-28T18:38:41.352+02:00","source":{"id":"0","name":"eventBus"}}
{"__type":"$$EventMessageNode","id":"e92856e3-4dd1-4ca5-8759-c3eb7f6ea6f8","ts":"2026-09-28T18:38:41.352+02:00","eventName":"n8n.node.finished","message":"n8n.node.finished","payload":{"workflowId":"l5OL7xp4lTsRVx3O","workflowName":"INQABA-02-PROJECTS-FEED","executionId":"50","nodeType":"n8n-nodes-base.webhook","nodeName":"Webhook","nodeId":"4d0344b7-c53b-462c-9a5e-a119dcc037d9"}}
{"__type":"$$EventMessageConfirm","confirm":"e92856e3-4dd1-4ca5-8759-c3eb7f6ea6f8","ts":"2026-09-28T18:38:41.352+02:00","source":{"id":"0","name":"eventBus"}}
{"__type":"$$EventMessageNode","id":"6648b4be-875c-4030-94a8-066573e7b06b","ts":"2026-09-28T18:38:41.352+02:00","eventName":"n8n.node.started","message":"n8n.node.started","payload":{"workflowId":"l5OL7xp4lTsRVx3O","workflowName":"INQABA-02-PROJECTS-FEED","executionId":"50","nodeType":"n8n-nodes-base.postgres","nodeName":"Execute a SQL query","nodeId":"5bd250fb-b39c-4d83-8ca9-83d9d26769de"}}
{"__type":"$$EventMessageConfirm","confirm":"6648b4be-875c-4030-94a8-066573e7b06b","ts":"2026-09-28T18:38:41.352+02:00","source":{"id":"0","name":"eventBus"}}
{"__type":"$$EventMessageNode","id":"b9aad1a3-70e5-4f59-be8d-6aeceeb6f71b","ts":"2026-09-28T18:38:41.374+02:00","eventName":"n8n.node.finished","message":"n8n.node.finished","payload":{"workflowId":"l5OL7xp4lTsRVx3O","workflowName":"INQABA-02-PROJECTS-FEED","executionId":"50","nodeType":"n8n-nodes-base.postgres","nodeName":"Execute a SQL query","nodeId":"5bd250fb-b39c-4d83-8ca9-83d9d26769de"}}
{"__type":"$$EventMessageConfirm","confirm":"b9aad1a3-70e5-4f59-be8d-6aeceeb6f71b","ts":"2026-09-28T18:38:41.374+02:00","source":{"id":"0","name":"eventBus"}}
{"__type":"$$EventMessageWorkflow","id":"82a73e02-4953-46bc-8b5a-e961fd9923f0","ts":"2026-09-28T18:38:41.374+02:00","eventName":"n8n.workflow.success","message":"n8n.workflow.success","payload":{"executionId":"50","success":true,"isManual":false,"mode":"webhook","workflowId":"l5OL7xp4lTsRVx3O","workflowName":"INQABA-02-PROJECTS-FEED","projectId":"PBlSUiAMQl3O96o8","projectName":"Andrew  Mthethwa <develomentorg11@gmail.com>"}}
{"__type":"$$EventMessageConfirm","confirm":"82a73e02-4953-46bc-8b5a-e961fd9923f0","ts":"2026-09-28T18:38:41.374+02:00","source":{"id":"0","name":"eventBus"}}
{"__type":"$$EventMessageAudit","id":"311a9aec-5e3f-4602-bc56-4057cbab79d3","ts":"2026-09-28T18:40:07.417+02:00","eventName":"n8n.audit.workflow.executed","message":"n8n.audit.workflow.executed","payload":{"workflowId":"l5OL7xp4lTsRVx3O","workflowName":"INQABA-02-PROJECTS-FEED","executionId":"51","projectId":"PBlSUiAMQl3O96o8","projectName":"Andrew  Mthethwa <develomentorg11@gmail.com>","source":"webhook"}}
{"__type":"$$EventMessageConfirm","confirm":"311a9aec-5e3f-4602-bc56-4057cbab79d3","ts":"2026-09-28T18:40:07.417+02:00","source":{"id":"0","name":"eventBus"}}
{"__type":"$$EventMessageWorkflow","id":"42c7393c-9be7-4c23-a44d-0c23550e5d02","ts":"2026-09-28T18:40:07.417+02:00","eventName":"n8n.workflow.started","message":"n8n.workflow.started","payload":{"executionId":"51","workflowId":"l5OL7xp4lTsRVx3O","isManual":false,"mode":"webhook","workflowName":"INQABA-02-PROJECTS-FEED","projectId":"PBlSUiAMQl3O96o8","projectName":"Andrew  Mthethwa <develomentorg11@gmail.com>"}}
{"__type":"$$EventMessageConfirm","confirm":"42c7393c-9be7-4c23-a44d-0c23550e5d02","ts":"2026-09-28T18:40:07.417+02:00","source":{"id":"0","name":"eventBus"}}
{"__type":"$$EventMessageNode","id":"33a0f536-b0d0-433a-b348-14f5f48e9ab2","ts":"2026-09-28T18:40:07.418+02:00","eventName":"n8n.node.started","message":"n8n.node.started","payload":{"workflowId":"l5OL7xp4lTsRVx3O","workflowName":"INQABA-02-PROJECTS-FEED","executionId":"51","nodeType":"n8n-nodes-base.webhook","nodeName":"Webhook","nodeId":"4d0344b7-c53b-462c-9a5e-a119dcc037d9"}}
{"__type":"$$EventMessageConfirm","confirm":"33a0f536-b0d0-433a-b348-14f5f48e9ab2","ts":"2026-09-28T18:40:07.418+02:00","source":{"id":"0","name":"eventBus"}}
{"__type":"$$EventMessageNode","id":"bfd4d459-bead-4e55-8804-0c439ad42fd6","ts":"2026-09-28T18:40:07.418+02:00","eventName":"n8n.node.finished","message":"n8n.node.finished","payload":{"workflowId":"l5OL7xp4lTsRVx3O","workflowName":"INQABA-02-PROJECTS-FEED","executionId":"51","nodeType":"n8n-nodes-base.webhook","nodeName":"Webhook","nodeId":"4d0344b7-c53b-462c-9a5e-a119dcc037d9"}}
{"__type":"$$EventMessageConfirm","confirm":"bfd4d459-bead-4e55-8804-0c439ad42fd6","ts":"2026-09-28T18:40:07.418+02:00","source":{"id":"0","name":"eventBus"}}
{"__type":"$$EventMessageNode","id":"93631f84-c616-4a88-a879-24aae6d83cc5","ts":"2026-09-28T18:40:07.418+02:00","eventName":"n8n.node.started","message":"n8n.node.started","payload":{"workflowId":"l5OL7xp4lTsRVx3O","workflowName":"INQABA-02-PROJECTS-FEED","executionId":"51","nodeType":"n8n-nodes-base.postgres","nodeName":"Execute a SQL query","nodeId":"5bd250fb-b39c-4d83-8ca9-83d9d26769de"}}
{"__type":"$$EventMessageConfirm","confirm":"93631f84-c616-4a88-a879-24aae6d83cc5","ts":"2026-09-28T18:40:07.418+02:00","source":{"id":"0","name":"eventBus"}}
{"__type":"$$EventMessageNode","id":"4ebde38c-2162-4a8a-91fa-2206a3c07a1a","ts":"2026-09-28T18:40:07.439+02:00","eventName":"n8n.node.finished","message":"n8n.node.finished","payload":{"workflowId":"l5OL7xp4lTsRVx3O","workflowName":"INQABA-02-PROJECTS-FEED","executionId":"51","nodeType":"n8n-nodes-base.postgres","nodeName":"Execute a SQL query","nodeId":"5bd250fb-b39c-4d83-8ca9-83d9d26769de"}}
{"__type":"$$EventMessageConfirm","confirm":"4ebde38c-2162-4a8a-91fa-2206a3c07a1a","ts":"2026-09-28T18:40:07.439+02:00","source":{"id":"0","name":"eventBus"}}
{"__type":"$$EventMessageWorkflow","id":"924e2cd5-226c-49c6-9608-58ef9cbee637","ts":"2026-09-28T18:40:07.440+02:00","eventName":"n8n.workflow.success","message":"n8n.workflow.success","payload":{"executionId":"51","success":true,"isManual":false,"mode":"webhook","workflowId":"l5OL7xp4lTsRVx3O","workflowName":"INQABA-02-PROJECTS-FEED","projectId":"PBlSUiAMQl3O96o8","projectName":"Andrew  Mthethwa <develomentorg11@gmail.com>"}}
{"__type":"$$EventMessageConfirm","confirm":"924e2cd5-226c-49c6-9608-58ef9cbee637","ts":"2026-09-28T18:40:07.440+02:00","source":{"id":"0","name":"eventBus"}}
{"__type":"$$EventMessageAudit","id":"6f8fdd95-0083-49da-b26e-4c5455e24249","ts":"2026-09-28T18:42:21.596+02:00","eventName":"n8n.audit.workflow.updated","message":"n8n.audit.workflow.updated","payload":{"userId":"378bb555-d142-4f98-8092-6db334bc679d","_email":"develomentorg11@gmail.com","_firstName":"Andrew ","_lastName":"Mthethwa","globalRole":"global:owner","workflowId":"l5OL7xp4lTsRVx3O","workflowName":"INQABA-02-PROJECTS-FEED"}}
{"__type":"$$EventMessageConfirm","confirm":"6f8fdd95-0083-49da-b26e-4c5455e24249","ts":"2026-09-28T18:42:21.596+02:00","source":{"id":"0","name":"eventBus"}}
{"__type":"$$EventMessageAudit","id":"13d5420c-8f7c-4a82-974e-a756daedff6c","ts":"2026-09-28T18:42:25.721+02:00","eventName":"n8n.audit.workflow.updated","message":"n8n.audit.workflow.updated","payload":{"userId":"378bb555-d142-4f98-8092-6db334bc679d","_email":"develomentorg11@gmail.com","_firstName":"Andrew ","_lastName":"Mthethwa","globalRole":"global:owner","workflowId":"l5OL7xp4lTsRVx3O","workflowName":"INQABA-02-PROJECTS-FEED"}}
{"__type":"$$EventMessageConfirm","confirm":"13d5420c-8f7c-4a82-974e-a756daedff6c","ts":"2026-09-28T18:42:25.721+02:00","source":{"id":"0","name":"eventBus"}}
{"__type":"$$EventMessageAudit","id":"9cba6045-0f3b-454a-ad1f-a4af282af699","ts":"2026-09-28T18:42:34.098+02:00","eventName":"n8n.audit.workflow.deactivated","message":"n8n.audit.workflow.deactivated","payload":{"userId":"378bb555-d142-4f98-8092-6db334bc679d","_email":"develomentorg11@gmail.com","_firstName":"Andrew ","_lastName":"Mthethwa","globalRole":"global:owner","workflowId":"l5OL7xp4lTsRVx3O","workflowName":"INQABA-02-PROJECTS-FEED","deactivatedVersionId":"a26d38f1-3081-4d72-8ad8-062be812e251"}}
{"__type":"$$EventMessageConfirm","confirm":"9cba6045-0f3b-454a-ad1f-a4af282af699","ts":"2026-09-28T18:42:34.098+02:00","source":{"id":"0","name":"eventBus"}}
{"__type":"$$EventMessageAudit","id":"0c4a6a4b-5bee-4487-8fea-fcd5fdb2c512","ts":"2026-09-28T18:42:34.099+02:00","eventName":"n8n.audit.workflow.activated","message":"n8n.audit.workflow.activated","payload":{"userId":"378bb555-d142-4f98-8092-6db334bc679d","_email":"develomentorg11@gmail.com","_firstName":"Andrew ","_lastName":"Mthethwa","globalRole":"global:owner","workflowId":"l5OL7xp4lTsRVx3O","workflowName":"INQABA-02-PROJECTS-FEED","activeVersionId":"c8260432-7480-4dbb-82bc-21b9ceb23839"}}
{"__type":"$$EventMessageConfirm","confirm":"0c4a6a4b-5bee-4487-8fea-fcd5fdb2c512","ts":"2026-09-28T18:42:34.099+02:00","source":{"id":"0","name":"eventBus"}}
{"__type":"$$EventMessageAudit","id":"d7cfc74f-37d9-4fdf-ba36-7bf35bcba6d6","ts":"2026-09-28T18:42:58.738+02:00","eventName":"n8n.audit.workflow.executed","message":"n8n.audit.workflow.executed","payload":{"workflowId":"l5OL7xp4lTsRVx3O","workflowName":"INQABA-02-PROJECTS-FEED","executionId":"52","projectId":"PBlSUiAMQl3O96o8","projectName":"Andrew  Mthethwa <develomentorg11@gmail.com>","source":"webhook"}}
{"__type":"$$EventMessageConfirm","confirm":"d7cfc74f-37d9-4fdf-ba36-7bf35bcba6d6","ts":"2026-09-28T18:42:58.738+02:00","source":{"id":"0","name":"eventBus"}}
{"__type":"$$EventMessageWorkflow","id":"33bb3309-e4df-4d23-ab6b-f5368f7d7f6a","ts":"2026-09-28T18:42:58.739+02:00","eventName":"n8n.workflow.started","message":"n8n.workflow.started","payload":{"executionId":"52","workflowId":"l5OL7xp4lTsRVx3O","isManual":false,"mode":"webhook","workflowName":"INQABA-02-PROJECTS-FEED","projectId":"PBlSUiAMQl3O96o8","projectName":"Andrew  Mthethwa <develomentorg11@gmail.com>"}}
{"__type":"$$EventMessageConfirm","confirm":"33bb3309-e4df-4d23-ab6b-f5368f7d7f6a","ts":"2026-09-28T18:42:58.739+02:00","source":{"id":"0","name":"eventBus"}}
{"__type":"$$EventMessageNode","id":"d9ec659c-e882-4200-9725-44b9ce460809","ts":"2026-09-28T18:42:58.739+02:00","eventName":"n8n.node.started","message":"n8n.node.started","payload":{"workflowId":"l5OL7xp4lTsRVx3O","workflowName":"INQABA-02-PROJECTS-FEED","executionId":"52","nodeType":"n8n-nodes-base.webhook","nodeName":"Webhook","nodeId":"4d0344b7-c53b-462c-9a5e-a119dcc037d9"}}
{"__type":"$$EventMessageConfirm","confirm":"d9ec659c-e882-4200-9725-44b9ce460809","ts":"2026-09-28T18:42:58.739+02:00","source":{"id":"0","name":"eventBus"}}
{"__type":"$$EventMessageNode","id":"e2a57b31-a901-413f-9c00-094941d14907","ts":"2026-09-28T18:42:58.739+02:00","eventName":"n8n.node.finished","message":"n8n.node.finished","payload":{"workflowId":"l5OL7xp4lTsRVx3O","workflowName":"INQABA-02-PROJECTS-FEED","executionId":"52","nodeType":"n8n-nodes-base.webhook","nodeName":"Webhook","nodeId":"4d0344b7-c53b-462c-9a5e-a119dcc037d9"}}
{"__type":"$$EventMessageConfirm","confirm":"e2a57b31-a901-413f-9c00-094941d14907","ts":"2026-09-28T18:42:58.740+02:00","source":{"id":"0","name":"eventBus"}}
{"__type":"$$EventMessageNode","id":"19f861bf-9ceb-4bc1-91fa-b18d350d3b3f","ts":"2026-09-28T18:42:58.740+02:00","eventName":"n8n.node.started","message":"n8n.node.started","payload":{"workflowId":"l5OL7xp4lTsRVx3O","workflowName":"INQABA-02-PROJECTS-FEED","executionId":"52","nodeType":"n8n-nodes-base.postgres","nodeName":"Execute a SQL query","nodeId":"5bd250fb-b39c-4d83-8ca9-83d9d26769de"}}
{"__type":"$$EventMessageConfirm","confirm":"19f861bf-9ceb-4bc1-91fa-b18d350d3b3f","ts":"2026-09-28T18:42:58.740+02:00","source":{"id":"0","name":"eventBus"}}
{"__type":"$$EventMessageNode","id":"03d07168-e670-4bb4-91ed-20ae685e9fb9","ts":"2026-09-28T18:42:58.775+02:00","eventName":"n8n.node.finished","message":"n8n.node.finished","payload":{"workflowId":"l5OL7xp4lTsRVx3O","workflowName":"INQABA-02-PROJECTS-FEED","executionId":"52","nodeType":"n8n-nodes-base.postgres","nodeName":"Execute a SQL query","nodeId":"5bd250fb-b39c-4d83-8ca9-83d9d26769de"}}
{"__type":"$$EventMessageConfirm","confirm":"03d07168-e670-4bb4-91ed-20ae685e9fb9","ts":"2026-09-28T18:42:58.775+02:00","source":{"id":"0","name":"eventBus"}}
{"__type":"$$EventMessageWorkflow","id":"267b3f32-a43c-4081-90dc-45dbc0983f6b","ts":"2026-09-28T18:42:58.775+02:00","eventName":"n8n.workflow.success","message":"n8n.workflow.success","payload":{"executionId":"52","success":true,"isManual":false,"mode":"webhook","workflowId":"l5OL7xp4lTsRVx3O","workflowName":"INQABA-02-PROJECTS-FEED","projectId":"PBlSUiAMQl3O96o8","projectName":"Andrew  Mthethwa <develomentorg11@gmail.com>"}}
{"__type":"$$EventMessageConfirm","confirm":"267b3f32-a43c-4081-90dc-45dbc0983f6b","ts":"2026-09-28T18:42:58.775+02:00","source":{"id":"0","name":"eventBus"}}
{"__type":"$$EventMessageAudit","id":"35a1974b-b4ed-4262-9f74-c62bbbc91adc","ts":"2026-09-28T18:43:29.130+02:00","eventName":"n8n.audit.workflow.executed","message":"n8n.audit.workflow.executed","payload":{"workflowId":"l5OL7xp4lTsRVx3O","workflowName":"INQABA-02-PROJECTS-FEED","executionId":"53","projectId":"PBlSUiAMQl3O96o8","projectName":"Andrew  Mthethwa <develomentorg11@gmail.com>","source":"webhook"}}
{"__type":"$$EventMessageConfirm","confirm":"35a1974b-b4ed-4262-9f74-c62bbbc91adc","ts":"2026-09-28T18:43:29.130+02:00","source":{"id":"0","name":"eventBus"}}
{"__type":"$$EventMessageWorkflow","id":"d80bc625-70a0-461f-ac76-a123a6a7da98","ts":"2026-09-28T18:43:29.130+02:00","eventName":"n8n.workflow.started","message":"n8n.workflow.started","payload":{"executionId":"53","workflowId":"l5OL7xp4lTsRVx3O","isManual":false,"mode":"webhook","workflowName":"INQABA-02-PROJECTS-FEED","projectId":"PBlSUiAMQl3O96o8","projectName":"Andrew  Mthethwa <develomentorg11@gmail.com>"}}
{"__type":"$$EventMessageConfirm","confirm":"d80bc625-70a0-461f-ac76-a123a6a7da98","ts":"2026-09-28T18:43:29.130+02:00","source":{"id":"0","name":"eventBus"}}
{"__type":"$$EventMessageNode","id":"a44f1741-67d5-417a-b288-f76a1a981893","ts":"2026-09-28T18:43:29.130+02:00","eventName":"n8n.node.started","message":"n8n.node.started","payload":{"workflowId":"l5OL7xp4lTsRVx3O","workflowName":"INQABA-02-PROJECTS-FEED","executionId":"53","nodeType":"n8n-nodes-base.webhook","nodeName":"Webhook","nodeId":"4d0344b7-c53b-462c-9a5e-a119dcc037d9"}}
{"__type":"$$EventMessageConfirm","confirm":"a44f1741-67d5-417a-b288-f76a1a981893","ts":"2026-09-28T18:43:29.130+02:00","source":{"id":"0","name":"eventBus"}}
{"__type":"$$EventMessageNode","id":"da4bbb3c-37e3-40d3-bb26-6d5b0df8e5ee","ts":"2026-09-28T18:43:29.131+02:00","eventName":"n8n.node.finished","message":"n8n.node.finished","payload":{"workflowId":"l5OL7xp4lTsRVx3O","workflowName":"INQABA-02-PROJECTS-FEED","executionId":"53","nodeType":"n8n-nodes-base.webhook","nodeName":"Webhook","nodeId":"4d0344b7-c53b-462c-9a5e-a119dcc037d9"}}
{"__type":"$$EventMessageConfirm","confirm":"da4bbb3c-37e3-40d3-bb26-6d5b0df8e5ee","ts":"2026-09-28T18:43:29.131+02:00","source":{"id":"0","name":"eventBus"}}
{"__type":"$$EventMessageNode","id":"423e6e38-f504-4967-b89a-a6d9e83695d1","ts":"2026-09-28T18:43:29.131+02:00","eventName":"n8n.node.started","message":"n8n.node.started","payload":{"workflowId":"l5OL7xp4lTsRVx3O","workflowName":"INQABA-02-PROJECTS-FEED","executionId":"53","nodeType":"n8n-nodes-base.postgres","nodeName":"Execute a SQL query","nodeId":"5bd250fb-b39c-4d83-8ca9-83d9d26769de"}}
{"__type":"$$EventMessageConfirm","confirm":"423e6e38-f504-4967-b89a-a6d9e83695d1","ts":"2026-09-28T18:43:29.131+02:00","source":{"id":"0","name":"eventBus"}}
{"__type":"$$EventMessageNode","id":"165d37f7-7733-483d-9787-91ad19c77024","ts":"2026-09-28T18:43:29.151+02:00","eventName":"n8n.node.finished","message":"n8n.node.finished","payload":{"workflowId":"l5OL7xp4lTsRVx3O","workflowName":"INQABA-02-PROJECTS-FEED","executionId":"53","nodeType":"n8n-nodes-base.postgres","nodeName":"Execute a SQL query","nodeId":"5bd250fb-b39c-4d83-8ca9-83d9d26769de"}}
{"__type":"$$EventMessageConfirm","confirm":"165d37f7-7733-483d-9787-91ad19c77024","ts":"2026-09-28T18:43:29.151+02:00","source":{"id":"0","name":"eventBus"}}
{"__type":"$$EventMessageWorkflow","id":"0f3f1983-3ecd-45fe-8404-cd26ca04d977","ts":"2026-09-28T18:43:29.151+02:00","eventName":"n8n.workflow.success","message":"n8n.workflow.success","payload":{"executionId":"53","success":true,"isManual":false,"mode":"webhook","workflowId":"l5OL7xp4lTsRVx3O","workflowName":"INQABA-02-PROJECTS-FEED","projectId":"PBlSUiAMQl3O96o8","projectName":"Andrew  Mthethwa <develomentorg11@gmail.com>"}}
{"__type":"$$EventMessageConfirm","confirm":"0f3f1983-3ecd-45fe-8404-cd26ca04d977","ts":"2026-09-28T18:43:29.151+02:00","source":{"id":"0","name":"eventBus"}}
{"__type":"$$EventMessageAudit","id":"1790b37f-50d8-4bb9-bb4f-5c3e6329ac95","ts":"2026-09-28T18:43:34.193+02:00","eventName":"n8n.audit.workflow.executed","message":"n8n.audit.workflow.executed","payload":{"workflowId":"l5OL7xp4lTsRVx3O","workflowName":"INQABA-02-PROJECTS-FEED","executionId":"54","projectId":"PBlSUiAMQl3O96o8","projectName":"Andrew  Mthethwa <develomentorg11@gmail.com>","source":"webhook"}}
{"__type":"$$EventMessageConfirm","confirm":"1790b37f-50d8-4bb9-bb4f-5c3e6329ac95","ts":"2026-09-28T18:43:34.193+02:00","source":{"id":"0","name":"eventBus"}}
{"__type":"$$EventMessageWorkflow","id":"f9f151c6-1255-4c1a-a82e-108264deaa9e","ts":"2026-09-28T18:43:34.193+02:00","eventName":"n8n.workflow.started","message":"n8n.workflow.started","payload":{"executionId":"54","workflowId":"l5OL7xp4lTsRVx3O","isManual":false,"mode":"webhook","workflowName":"INQABA-02-PROJECTS-FEED","projectId":"PBlSUiAMQl3O96o8","projectName":"Andrew  Mthethwa <develomentorg11@gmail.com>"}}
{"__type":"$$EventMessageConfirm","confirm":"f9f151c6-1255-4c1a-a82e-108264deaa9e","ts":"2026-09-28T18:43:34.193+02:00","source":{"id":"0","name":"eventBus"}}
{"__type":"$$EventMessageNode","id":"0132d836-364f-4b37-9f69-8d6c686cffdc","ts":"2026-09-28T18:43:34.193+02:00","eventName":"n8n.node.started","message":"n8n.node.started","payload":{"workflowId":"l5OL7xp4lTsRVx3O","workflowName":"INQABA-02-PROJECTS-FEED","executionId":"54","nodeType":"n8n-nodes-base.webhook","nodeName":"Webhook","nodeId":"4d0344b7-c53b-462c-9a5e-a119dcc037d9"}}
{"__type":"$$EventMessageConfirm","confirm":"0132d836-364f-4b37-9f69-8d6c686cffdc","ts":"2026-09-28T18:43:34.193+02:00","source":{"id":"0","name":"eventBus"}}
{"__type":"$$EventMessageNode","id":"b21027de-57ca-4cba-b1e5-3e9ca1fdc774","ts":"2026-09-28T18:43:34.193+02:00","eventName":"n8n.node.finished","message":"n8n.node.finished","payload":{"workflowId":"l5OL7xp4lTsRVx3O","workflowName":"INQABA-02-PROJECTS-FEED","executionId":"54","nodeType":"n8n-nodes-base.webhook","nodeName":"Webhook","nodeId":"4d0344b7-c53b-462c-9a5e-a119dcc037d9"}}
{"__type":"$$EventMessageConfirm","confirm":"b21027de-57ca-4cba-b1e5-3e9ca1fdc774","ts":"2026-09-28T18:43:34.194+02:00","source":{"id":"0","name":"eventBus"}}
{"__type":"$$EventMessageNode","id":"8dd42caa-e016-40cd-9b8e-c1e80803b86a","ts":"2026-09-28T18:43:34.194+02:00","eventName":"n8n.node.started","message":"n8n.node.started","payload":{"workflowId":"l5OL7xp4lTsRVx3O","workflowName":"INQABA-02-PROJECTS-FEED","executionId":"54","nodeType":"n8n-nodes-base.postgres","nodeName":"Execute a SQL query","nodeId":"5bd250fb-b39c-4d83-8ca9-83d9d26769de"}}
{"__type":"$$EventMessageConfirm","confirm":"8dd42caa-e016-40cd-9b8e-c1e80803b86a","ts":"2026-09-28T18:43:34.194+02:00","source":{"id":"0","name":"eventBus"}}
{"__type":"$$EventMessageNode","id":"11072d93-242b-4ba7-a1b1-6df61c390a34","ts":"2026-09-28T18:43:34.196+02:00","eventName":"n8n.node.finished","message":"n8n.node.finished","payload":{"workflowId":"l5OL7xp4lTsRVx3O","workflowName":"INQABA-02-PROJECTS-FEED","executionId":"54","nodeType":"n8n-nodes-base.postgres","nodeName":"Execute a SQL query","nodeId":"5bd250fb-b39c-4d83-8ca9-83d9d26769de"}}
{"__type":"$$EventMessageConfirm","confirm":"11072d93-242b-4ba7-a1b1-6df61c390a34","ts":"2026-09-28T18:43:34.196+02:00","source":{"id":"0","name":"eventBus"}}
{"__type":"$$EventMessageWorkflow","id":"bf080e9d-1885-415a-8fdb-7354d825e264","ts":"2026-09-28T18:43:34.197+02:00","eventName":"n8n.workflow.success","message":"n8n.workflow.success","payload":{"executionId":"54","success":true,"isManual":false,"mode":"webhook","workflowId":"l5OL7xp4lTsRVx3O","workflowName":"INQABA-02-PROJECTS-FEED","projectId":"PBlSUiAMQl3O96o8","projectName":"Andrew  Mthethwa <develomentorg11@gmail.com>"}}
{"__type":"$$EventMessageConfirm","confirm":"bf080e9d-1885-415a-8fdb-7354d825e264","ts":"2026-09-28T18:43:34.197+02:00","source":{"id":"0","name":"eventBus"}}
{"__type":"$$EventMessageAudit","id":"e8ed8ed4-5537-447a-8f83-27c322ba4dd7","ts":"2026-09-28T18:43:35.546+02:00","eventName":"n8n.audit.workflow.executed","message":"n8n.audit.workflow.executed","payload":{"workflowId":"l5OL7xp4lTsRVx3O","workflowName":"INQABA-02-PROJECTS-FEED","executionId":"55","projectId":"PBlSUiAMQl3O96o8","projectName":"Andrew  Mthethwa <develomentorg11@gmail.com>","source":"webhook"}}
{"__type":"$$EventMessageConfirm","confirm":"e8ed8ed4-5537-447a-8f83-27c322ba4dd7","ts":"2026-09-28T18:43:35.546+02:00","source":{"id":"0","name":"eventBus"}}
{"__type":"$$EventMessageWorkflow","id":"8ed1ecf1-5cb1-45ca-a2c6-562fa634d21e","ts":"2026-09-28T18:43:35.546+02:00","eventName":"n8n.workflow.started","message":"n8n.workflow.started","payload":{"executionId":"55","workflowId":"l5OL7xp4lTsRVx3O","isManual":false,"mode":"webhook","workflowName":"INQABA-02-PROJECTS-FEED","projectId":"PBlSUiAMQl3O96o8","projectName":"Andrew  Mthethwa <develomentorg11@gmail.com>"}}
{"__type":"$$EventMessageConfirm","confirm":"8ed1ecf1-5cb1-45ca-a2c6-562fa634d21e","ts":"2026-09-28T18:43:35.546+02:00","source":{"id":"0","name":"eventBus"}}
{"__type":"$$EventMessageNode","id":"d9207824-e286-4a5c-a027-1a264356d530","ts":"2026-09-28T18:43:35.546+02:00","eventName":"n8n.node.started","message":"n8n.node.started","payload":{"workflowId":"l5OL7xp4lTsRVx3O","workflowName":"INQABA-02-PROJECTS-FEED","executionId":"55","nodeType":"n8n-nodes-base.webhook","nodeName":"Webhook","nodeId":"4d0344b7-c53b-462c-9a5e-a119dcc037d9"}}
{"__type":"$$EventMessageConfirm","confirm":"d9207824-e286-4a5c-a027-1a264356d530","ts":"2026-09-28T18:43:35.546+02:00","source":{"id":"0","name":"eventBus"}}
{"__type":"$$EventMessageNode","id":"3efa15b1-40bb-445b-9434-fc759bb7e6f9","ts":"2026-09-28T18:43:35.546+02:00","eventName":"n8n.node.finished","message":"n8n.node.finished","payload":{"workflowId":"l5OL7xp4lTsRVx3O","workflowName":"INQABA-02-PROJECTS-FEED","executionId":"55","nodeType":"n8n-nodes-base.webhook","nodeName":"Webhook","nodeId":"4d0344b7-c53b-462c-9a5e-a119dcc037d9"}}
{"__type":"$$EventMessageConfirm","confirm":"3efa15b1-40bb-445b-9434-fc759bb7e6f9","ts":"2026-09-28T18:43:35.546+02:00","source":{"id":"0","name":"eventBus"}}
{"__type":"$$EventMessageNode","id":"4fd420ff-f9f1-47f1-b6ef-092a0f2f212c","ts":"2026-09-28T18:43:35.546+02:00","eventName":"n8n.node.started","message":"n8n.node.started","payload":{"workflowId":"l5OL7xp4lTsRVx3O","workflowName":"INQABA-02-PROJECTS-FEED","executionId":"55","nodeType":"n8n-nodes-base.postgres","nodeName":"Execute a SQL query","nodeId":"5bd250fb-b39c-4d83-8ca9-83d9d26769de"}}
{"__type":"$$EventMessageConfirm","confirm":"4fd420ff-f9f1-47f1-b6ef-092a0f2f212c","ts":"2026-09-28T18:43:35.546+02:00","source":{"id":"0","name":"eventBus"}}
{"__type":"$$EventMessageNode","id":"db83ff6e-a0d2-4637-a6d9-342530a7c3a1","ts":"2026-09-28T18:43:35.549+02:00","eventName":"n8n.node.finished","message":"n8n.node.finished","payload":{"workflowId":"l5OL7xp4lTsRVx3O","workflowName":"INQABA-02-PROJECTS-FEED","executionId":"55","nodeType":"n8n-nodes-base.postgres","nodeName":"Execute a SQL query","nodeId":"5bd250fb-b39c-4d83-8ca9-83d9d26769de"}}
{"__type":"$$EventMessageConfirm","confirm":"db83ff6e-a0d2-4637-a6d9-342530a7c3a1","ts":"2026-09-28T18:43:35.550+02:00","source":{"id":"0","name":"eventBus"}}
{"__type":"$$EventMessageWorkflow","id":"8fc1d203-36dc-4e48-9897-c526bc2fbd06","ts":"2026-09-28T18:43:35.550+02:00","eventName":"n8n.workflow.success","message":"n8n.workflow.success","payload":{"executionId":"55","success":true,"isManual":false,"mode":"webhook","workflowId":"l5OL7xp4lTsRVx3O","workflowName":"INQABA-02-PROJECTS-FEED","projectId":"PBlSUiAMQl3O96o8","projectName":"Andrew  Mthethwa <develomentorg11@gmail.com>"}}
{"__type":"$$EventMessageConfirm","confirm":"8fc1d203-36dc-4e48-9897-c526bc2fbd06","ts":"2026-09-28T18:43:35.550+02:00","source":{"id":"0","name":"eventBus"}}
{"__type":"$$EventMessageAudit","id":"dda7e4c2-9bff-477c-bb15-f6220f052516","ts":"2026-09-28T18:44:35.954+02:00","eventName":"n8n.audit.workflow.executed","message":"n8n.audit.workflow.executed","payload":{"workflowId":"l5OL7xp4lTsRVx3O","workflowName":"INQABA-02-PROJECTS-FEED","executionId":"56","projectId":"PBlSUiAMQl3O96o8","projectName":"Andrew  Mthethwa <develomentorg11@gmail.com>","source":"webhook"}}
{"__type":"$$EventMessageConfirm","confirm":"dda7e4c2-9bff-477c-bb15-f6220f052516","ts":"2026-09-28T18:44:35.954+02:00","source":{"id":"0","name":"eventBus"}}
{"__type":"$$EventMessageWorkflow","id":"e3739cf4-adaf-483e-a814-326b4fd346af","ts":"2026-09-28T18:44:35.955+02:00","eventName":"n8n.workflow.started","message":"n8n.workflow.started","payload":{"executionId":"56","workflowId":"l5OL7xp4lTsRVx3O","isManual":false,"mode":"webhook","workflowName":"INQABA-02-PROJECTS-FEED","projectId":"PBlSUiAMQl3O96o8","projectName":"Andrew  Mthethwa <develomentorg11@gmail.com>"}}
{"__type":"$$EventMessageConfirm","confirm":"e3739cf4-adaf-483e-a814-326b4fd346af","ts":"2026-09-28T18:44:35.955+02:00","source":{"id":"0","name":"eventBus"}}
{"__type":"$$EventMessageNode","id":"c885b514-1e6a-4fe2-b9ba-e9621ae7ceb1","ts":"2026-09-28T18:44:35.955+02:00","eventName":"n8n.node.started","message":"n8n.node.started","payload":{"workflowId":"l5OL7xp4lTsRVx3O","workflowName":"INQABA-02-PROJECTS-FEED","executionId":"56","nodeType":"n8n-nodes-base.webhook","nodeName":"Webhook","nodeId":"4d0344b7-c53b-462c-9a5e-a119dcc037d9"}}
{"__type":"$$EventMessageConfirm","confirm":"c885b514-1e6a-4fe2-b9ba-e9621ae7ceb1","ts":"2026-09-28T18:44:35.955+02:00","source":{"id":"0","name":"eventBus"}}
{"__type":"$$EventMessageNode","id":"8c33c6b7-378c-433d-8632-6ed6feaaf405","ts":"2026-09-28T18:44:35.955+02:00","eventName":"n8n.node.finished","message":"n8n.node.finished","payload":{"workflowId":"l5OL7xp4lTsRVx3O","workflowName":"INQABA-02-PROJECTS-FEED","executionId":"56","nodeType":"n8n-nodes-base.webhook","nodeName":"Webhook","nodeId":"4d0344b7-c53b-462c-9a5e-a119dcc037d9"}}
{"__type":"$$EventMessageConfirm","confirm":"8c33c6b7-378c-433d-8632-6ed6feaaf405","ts":"2026-09-28T18:44:35.955+02:00","source":{"id":"0","name":"eventBus"}}
{"__type":"$$EventMessageNode","id":"bff14dc7-b0e4-4cca-bcfd-e7cb72e65fd1","ts":"2026-09-28T18:44:35.955+02:00","eventName":"n8n.node.started","message":"n8n.node.started","payload":{"workflowId":"l5OL7xp4lTsRVx3O","workflowName":"INQABA-02-PROJECTS-FEED","executionId":"56","nodeType":"n8n-nodes-base.postgres","nodeName":"Execute a SQL query","nodeId":"5bd250fb-b39c-4d83-8ca9-83d9d26769de"}}
{"__type":"$$EventMessageConfirm","confirm":"bff14dc7-b0e4-4cca-bcfd-e7cb72e65fd1","ts":"2026-09-28T18:44:35.955+02:00","source":{"id":"0","name":"eventBus"}}
{"__type":"$$EventMessageNode","id":"00776914-03a4-4a9d-85a6-84424924482d","ts":"2026-09-28T18:44:35.976+02:00","eventName":"n8n.node.finished","message":"n8n.node.finished","payload":{"workflowId":"l5OL7xp4lTsRVx3O","workflowName":"INQABA-02-PROJECTS-FEED","executionId":"56","nodeType":"n8n-nodes-base.postgres","nodeName":"Execute a SQL query","nodeId":"5bd250fb-b39c-4d83-8ca9-83d9d26769de"}}
{"__type":"$$EventMessageConfirm","confirm":"00776914-03a4-4a9d-85a6-84424924482d","ts":"2026-09-28T18:44:35.976+02:00","source":{"id":"0","name":"eventBus"}}
{"__type":"$$EventMessageWorkflow","id":"c580ba72-cf28-485b-a2e2-f5884174a846","ts":"2026-09-28T18:44:35.976+02:00","eventName":"n8n.workflow.success","message":"n8n.workflow.success","payload":{"executionId":"56","success":true,"isManual":false,"mode":"webhook","workflowId":"l5OL7xp4lTsRVx3O","workflowName":"INQABA-02-PROJECTS-FEED","projectId":"PBlSUiAMQl3O96o8","projectName":"Andrew  Mthethwa <develomentorg11@gmail.com>"}}
{"__type":"$$EventMessageConfirm","confirm":"c580ba72-cf28-485b-a2e2-f5884174a846","ts":"2026-09-28T18:44:35.976+02:00","source":{"id":"0","name":"eventBus"}}
{"__type":"$$EventMessageAudit","id":"8bb27d5a-cb95-4b95-8f2c-3bf5a3bebd81","ts":"2026-09-28T18:44:38.486+02:00","eventName":"n8n.audit.workflow.executed","message":"n8n.audit.workflow.executed","payload":{"workflowId":"l5OL7xp4lTsRVx3O","workflowName":"INQABA-02-PROJECTS-FEED","executionId":"57","projectId":"PBlSUiAMQl3O96o8","projectName":"Andrew  Mthethwa <develomentorg11@gmail.com>","source":"webhook"}}
{"__type":"$$EventMessageConfirm","confirm":"8bb27d5a-cb95-4b95-8f2c-3bf5a3bebd81","ts":"2026-09-28T18:44:38.486+02:00","source":{"id":"0","name":"eventBus"}}
{"__type":"$$EventMessageWorkflow","id":"bb94099f-e932-435d-b511-419e0fdade77","ts":"2026-09-28T18:44:38.486+02:00","eventName":"n8n.workflow.started","message":"n8n.workflow.started","payload":{"executionId":"57","workflowId":"l5OL7xp4lTsRVx3O","isManual":false,"mode":"webhook","workflowName":"INQABA-02-PROJECTS-FEED","projectId":"PBlSUiAMQl3O96o8","projectName":"Andrew  Mthethwa <develomentorg11@gmail.com>"}}
{"__type":"$$EventMessageConfirm","confirm":"bb94099f-e932-435d-b511-419e0fdade77","ts":"2026-09-28T18:44:38.486+02:00","source":{"id":"0","name":"eventBus"}}
{"__type":"$$EventMessageNode","id":"714994fc-1772-4294-966f-6a7681b2ca03","ts":"2026-09-28T18:44:38.487+02:00","eventName":"n8n.node.started","message":"n8n.node.started","payload":{"workflowId":"l5OL7xp4lTsRVx3O","workflowName":"INQABA-02-PROJECTS-FEED","executionId":"57","nodeType":"n8n-nodes-base.webhook","nodeName":"Webhook","nodeId":"4d0344b7-c53b-462c-9a5e-a119dcc037d9"}}
{"__type":"$$EventMessageConfirm","confirm":"714994fc-1772-4294-966f-6a7681b2ca03","ts":"2026-09-28T18:44:38.487+02:00","source":{"id":"0","name":"eventBus"}}
{"__type":"$$EventMessageNode","id":"8ff56521-00be-4b44-8bf9-b5e4553f1858","ts":"2026-09-28T18:44:38.487+02:00","eventName":"n8n.node.finished","message":"n8n.node.finished","payload":{"workflowId":"l5OL7xp4lTsRVx3O","workflowName":"INQABA-02-PROJECTS-FEED","executionId":"57","nodeType":"n8n-nodes-base.webhook","nodeName":"Webhook","nodeId":"4d0344b7-c53b-462c-9a5e-a119dcc037d9"}}
{"__type":"$$EventMessageConfirm","confirm":"8ff56521-00be-4b44-8bf9-b5e4553f1858","ts":"2026-09-28T18:44:38.487+02:00","source":{"id":"0","name":"eventBus"}}
{"__type":"$$EventMessageNode","id":"07f5045a-e9e8-4f97-a89c-a7d0db0828f7","ts":"2026-09-28T18:44:38.487+02:00","eventName":"n8n.node.started","message":"n8n.node.started","payload":{"workflowId":"l5OL7xp4lTsRVx3O","workflowName":"INQABA-02-PROJECTS-FEED","executionId":"57","nodeType":"n8n-nodes-base.postgres","nodeName":"Execute a SQL query","nodeId":"5bd250fb-b39c-4d83-8ca9-83d9d26769de"}}
{"__type":"$$EventMessageConfirm","confirm":"07f5045a-e9e8-4f97-a89c-a7d0db0828f7","ts":"2026-09-28T18:44:38.487+02:00","source":{"id":"0","name":"eventBus"}}
{"__type":"$$EventMessageNode","id":"102cfd5e-2871-45c5-9fad-3142c8d5d470","ts":"2026-09-28T18:44:38.489+02:00","eventName":"n8n.node.finished","message":"n8n.node.finished","payload":{"workflowId":"l5OL7xp4lTsRVx3O","workflowName":"INQABA-02-PROJECTS-FEED","executionId":"57","nodeType":"n8n-nodes-base.postgres","nodeName":"Execute a SQL query","nodeId":"5bd250fb-b39c-4d83-8ca9-83d9d26769de"}}
{"__type":"$$EventMessageConfirm","confirm":"102cfd5e-2871-45c5-9fad-3142c8d5d470","ts":"2026-09-28T18:44:38.490+02:00","source":{"id":"0","name":"eventBus"}}
{"__type":"$$EventMessageWorkflow","id":"9d8f607f-a96a-4411-a564-3d8b5dd55663","ts":"2026-09-28T18:44:38.490+02:00","eventName":"n8n.workflow.success","message":"n8n.workflow.success","payload":{"executionId":"57","success":true,"isManual":false,"mode":"webhook","workflowId":"l5OL7xp4lTsRVx3O","workflowName":"INQABA-02-PROJECTS-FEED","projectId":"PBlSUiAMQl3O96o8","projectName":"Andrew  Mthethwa <develomentorg11@gmail.com>"}}
{"__type":"$$EventMessageConfirm","confirm":"9d8f607f-a96a-4411-a564-3d8b5dd55663","ts":"2026-09-28T18:44:38.490+02:00","source":{"id":"0","name":"eventBus"}}
{"__type":"$$EventMessageAudit","id":"2087cfd8-6f79-475f-b046-266c63ccc24e","ts":"2026-09-28T18:44:45.951+02:00","eventName":"n8n.audit.workflow.executed","message":"n8n.audit.workflow.executed","payload":{"workflowId":"l5OL7xp4lTsRVx3O","workflowName":"INQABA-02-PROJECTS-FEED","executionId":"58","projectId":"PBlSUiAMQl3O96o8","projectName":"Andrew  Mthethwa <develomentorg11@gmail.com>","source":"webhook"}}
{"__type":"$$EventMessageConfirm","confirm":"2087cfd8-6f79-475f-b046-266c63ccc24e","ts":"2026-09-28T18:44:45.951+02:00","source":{"id":"0","name":"eventBus"}}
{"__type":"$$EventMessageWorkflow","id":"2fba5b1d-11aa-4a72-b012-a2f0e47a0347","ts":"2026-09-28T18:44:45.951+02:00","eventName":"n8n.workflow.started","message":"n8n.workflow.started","payload":{"executionId":"58","workflowId":"l5OL7xp4lTsRVx3O","isManual":false,"mode":"webhook","workflowName":"INQABA-02-PROJECTS-FEED","projectId":"PBlSUiAMQl3O96o8","projectName":"Andrew  Mthethwa <develomentorg11@gmail.com>"}}
{"__type":"$$EventMessageConfirm","confirm":"2fba5b1d-11aa-4a72-b012-a2f0e47a0347","ts":"2026-09-28T18:44:45.951+02:00","source":{"id":"0","name":"eventBus"}}
{"__type":"$$EventMessageNode","id":"89e8f398-3773-481d-b659-0a04516ce3d3","ts":"2026-09-28T18:44:45.951+02:00","eventName":"n8n.node.started","message":"n8n.node.started","payload":{"workflowId":"l5OL7xp4lTsRVx3O","workflowName":"INQABA-02-PROJECTS-FEED","executionId":"58","nodeType":"n8n-nodes-base.webhook","nodeName":"Webhook","nodeId":"4d0344b7-c53b-462c-9a5e-a119dcc037d9"}}
{"__type":"$$EventMessageConfirm","confirm":"89e8f398-3773-481d-b659-0a04516ce3d3","ts":"2026-09-28T18:44:45.951+02:00","source":{"id":"0","name":"eventBus"}}
{"__type":"$$EventMessageNode","id":"62da47b1-acde-42b9-be71-b81c7c2e9d90","ts":"2026-09-28T18:44:45.951+02:00","eventName":"n8n.node.finished","message":"n8n.node.finished","payload":{"workflowId":"l5OL7xp4lTsRVx3O","workflowName":"INQABA-02-PROJECTS-FEED","executionId":"58","nodeType":"n8n-nodes-base.webhook","nodeName":"Webhook","nodeId":"4d0344b7-c53b-462c-9a5e-a119dcc037d9"}}
{"__type":"$$EventMessageConfirm","confirm":"62da47b1-acde-42b9-be71-b81c7c2e9d90","ts":"2026-09-28T18:44:45.952+02:00","source":{"id":"0","name":"eventBus"}}
{"__type":"$$EventMessageNode","id":"a9389b02-efc0-4e9a-bc4a-37ef71fcbfe7","ts":"2026-09-28T18:44:45.952+02:00","eventName":"n8n.node.started","message":"n8n.node.started","payload":{"workflowId":"l5OL7xp4lTsRVx3O","workflowName":"INQABA-02-PROJECTS-FEED","executionId":"58","nodeType":"n8n-nodes-base.postgres","nodeName":"Execute a SQL query","nodeId":"5bd250fb-b39c-4d83-8ca9-83d9d26769de"}}
{"__type":"$$EventMessageConfirm","confirm":"a9389b02-efc0-4e9a-bc4a-37ef71fcbfe7","ts":"2026-09-28T18:44:45.952+02:00","source":{"id":"0","name":"eventBus"}}
{"__type":"$$EventMessageNode","id":"475f81eb-7c59-4bbf-b436-6fce7e516a08","ts":"2026-09-28T18:44:45.955+02:00","eventName":"n8n.node.finished","message":"n8n.node.finished","payload":{"workflowId":"l5OL7xp4lTsRVx3O","workflowName":"INQABA-02-PROJECTS-FEED","executionId":"58","nodeType":"n8n-nodes-base.postgres","nodeName":"Execute a SQL query","nodeId":"5bd250fb-b39c-4d83-8ca9-83d9d26769de"}}
{"__type":"$$EventMessageConfirm","confirm":"475f81eb-7c59-4bbf-b436-6fce7e516a08","ts":"2026-09-28T18:44:45.955+02:00","source":{"id":"0","name":"eventBus"}}
{"__type":"$$EventMessageWorkflow","id":"b13f38c9-cd8b-4b71-a89f-1d0b8d366170","ts":"2026-09-28T18:44:45.955+02:00","eventName":"n8n.workflow.success","message":"n8n.workflow.success","payload":{"executionId":"58","success":true,"isManual":false,"mode":"webhook","workflowId":"l5OL7xp4lTsRVx3O","workflowName":"INQABA-02-PROJECTS-FEED","projectId":"PBlSUiAMQl3O96o8","projectName":"Andrew  Mthethwa <develomentorg11@gmail.com>"}}
{"__type":"$$EventMessageConfirm","confirm":"b13f38c9-cd8b-4b71-a89f-1d0b8d366170","ts":"2026-09-28T18:44:45.955+02:00","source":{"id":"0","name":"eventBus"}}
{"__type":"$$EventMessageAudit","id":"fee9c49a-89f0-4fe8-9db6-ece6f1856053","ts":"2026-09-28T18:44:58.715+02:00","eventName":"n8n.audit.workflow.executed","message":"n8n.audit.workflow.executed","payload":{"workflowId":"l5OL7xp4lTsRVx3O","workflowName":"INQABA-02-PROJECTS-FEED","executionId":"59","projectId":"PBlSUiAMQl3O96o8","projectName":"Andrew  Mthethwa <develomentorg11@gmail.com>","source":"webhook"}}
{"__type":"$$EventMessageConfirm","confirm":"fee9c49a-89f0-4fe8-9db6-ece6f1856053","ts":"2026-09-28T18:44:58.715+02:00","source":{"id":"0","name":"eventBus"}}
{"__type":"$$EventMessageWorkflow","id":"30f57913-8219-4996-8fb4-d7d72adfaa51","ts":"2026-09-28T18:44:58.715+02:00","eventName":"n8n.workflow.started","message":"n8n.workflow.started","payload":{"executionId":"59","workflowId":"l5OL7xp4lTsRVx3O","isManual":false,"mode":"webhook","workflowName":"INQABA-02-PROJECTS-FEED","projectId":"PBlSUiAMQl3O96o8","projectName":"Andrew  Mthethwa <develomentorg11@gmail.com>"}}
{"__type":"$$EventMessageConfirm","confirm":"30f57913-8219-4996-8fb4-d7d72adfaa51","ts":"2026-09-28T18:44:58.715+02:00","source":{"id":"0","name":"eventBus"}}
{"__type":"$$EventMessageNode","id":"f5a263a6-6e1e-4c2f-b6c9-5ac7307cf9e6","ts":"2026-09-28T18:44:58.715+02:00","eventName":"n8n.node.started","message":"n8n.node.started","payload":{"workflowId":"l5OL7xp4lTsRVx3O","workflowName":"INQABA-02-PROJECTS-FEED","executionId":"59","nodeType":"n8n-nodes-base.webhook","nodeName":"Webhook","nodeId":"4d0344b7-c53b-462c-9a5e-a119dcc037d9"}}
{"__type":"$$EventMessageConfirm","confirm":"f5a263a6-6e1e-4c2f-b6c9-5ac7307cf9e6","ts":"2026-09-28T18:44:58.715+02:00","source":{"id":"0","name":"eventBus"}}
{"__type":"$$EventMessageNode","id":"ce920bf9-8b4f-4872-83a8-a44ce822d143","ts":"2026-09-28T18:44:58.715+02:00","eventName":"n8n.node.finished","message":"n8n.node.finished","payload":{"workflowId":"l5OL7xp4lTsRVx3O","workflowName":"INQABA-02-PROJECTS-FEED","executionId":"59","nodeType":"n8n-nodes-base.webhook","nodeName":"Webhook","nodeId":"4d0344b7-c53b-462c-9a5e-a119dcc037d9"}}
{"__type":"$$EventMessageConfirm","confirm":"ce920bf9-8b4f-4872-83a8-a44ce822d143","ts":"2026-09-28T18:44:58.715+02:00","source":{"id":"0","name":"eventBus"}}
{"__type":"$$EventMessageNode","id":"6768a4dc-d2da-49c7-876b-ce5dbd212437","ts":"2026-09-28T18:44:58.715+02:00","eventName":"n8n.node.started","message":"n8n.node.started","payload":{"workflowId":"l5OL7xp4lTsRVx3O","workflowName":"INQABA-02-PROJECTS-FEED","executionId":"59","nodeType":"n8n-nodes-base.postgres","nodeName":"Execute a SQL query","nodeId":"5bd250fb-b39c-4d83-8ca9-83d9d26769de"}}
{"__type":"$$EventMessageConfirm","confirm":"6768a4dc-d2da-49c7-876b-ce5dbd212437","ts":"2026-09-28T18:44:58.715+02:00","source":{"id":"0","name":"eventBus"}}
{"__type":"$$EventMessageNode","id":"1fc34c3e-c2df-4250-8efe-edd9cc977e65","ts":"2026-09-28T18:44:58.738+02:00","eventName":"n8n.node.finished","message":"n8n.node.finished","payload":{"workflowId":"l5OL7xp4lTsRVx3O","workflowName":"INQABA-02-PROJECTS-FEED","executionId":"59","nodeType":"n8n-nodes-base.postgres","nodeName":"Execute a SQL query","nodeId":"5bd250fb-b39c-4d83-8ca9-83d9d26769de"}}
{"__type":"$$EventMessageConfirm","confirm":"1fc34c3e-c2df-4250-8efe-edd9cc977e65","ts":"2026-09-28T18:44:58.738+02:00","source":{"id":"0","name":"eventBus"}}
{"__type":"$$EventMessageWorkflow","id":"d0245f53-c97b-4a20-a891-39911d03c10a","ts":"2026-09-28T18:44:58.738+02:00","eventName":"n8n.workflow.success","message":"n8n.workflow.success","payload":{"executionId":"59","success":true,"isManual":false,"mode":"webhook","workflowId":"l5OL7xp4lTsRVx3O","workflowName":"INQABA-02-PROJECTS-FEED","projectId":"PBlSUiAMQl3O96o8","projectName":"Andrew  Mthethwa <develomentorg11@gmail.com>"}}
{"__type":"$$EventMessageConfirm","confirm":"d0245f53-c97b-4a20-a891-39911d03c10a","ts":"2026-09-28T18:44:58.738+02:00","source":{"id":"0","name":"eventBus"}}
{"__type":"$$EventMessageAudit","id":"160b11c9-f3eb-46b2-bfb4-9545a424886f","ts":"2026-09-28T18:47:30.278+02:00","eventName":"n8n.audit.workflow.updated","message":"n8n.audit.workflow.updated","payload":{"userId":"378bb555-d142-4f98-8092-6db334bc679d","_email":"develomentorg11@gmail.com","_firstName":"Andrew ","_lastName":"Mthethwa","globalRole":"global:owner","workflowId":"l5OL7xp4lTsRVx3O","workflowName":"INQABA-02-PROJECTS-FEED"}}
{"__type":"$$EventMessageConfirm","confirm":"160b11c9-f3eb-46b2-bfb4-9545a424886f","ts":"2026-09-28T18:47:30.278+02:00","source":{"id":"0","name":"eventBus"}}
{"__type":"$$EventMessageAudit","id":"38a3383e-a802-4fd0-b620-1497f783a347","ts":"2026-09-28T18:47:32.673+02:00","eventName":"n8n.audit.workflow.updated","message":"n8n.audit.workflow.updated","payload":{"userId":"378bb555-d142-4f98-8092-6db334bc679d","_email":"develomentorg11@gmail.com","_firstName":"Andrew ","_lastName":"Mthethwa","globalRole":"global:owner","workflowId":"l5OL7xp4lTsRVx3O","workflowName":"INQABA-02-PROJECTS-FEED"}}
{"__type":"$$EventMessageConfirm","confirm":"38a3383e-a802-4fd0-b620-1497f783a347","ts":"2026-09-28T18:47:32.674+02:00","source":{"id":"0","name":"eventBus"}}
{"__type":"$$EventMessageAudit","id":"b1f89213-acfe-42d5-aa4f-f47da74ed258","ts":"2026-09-28T18:47:42.547+02:00","eventName":"n8n.audit.workflow.updated","message":"n8n.audit.workflow.updated","payload":{"userId":"378bb555-d142-4f98-8092-6db334bc679d","_email":"develomentorg11@gmail.com","_firstName":"Andrew ","_lastName":"Mthethwa","globalRole":"global:owner","workflowId":"l5OL7xp4lTsRVx3O","workflowName":"INQABA-02-PROJECTS-FEED"}}
{"__type":"$$EventMessageConfirm","confirm":"b1f89213-acfe-42d5-aa4f-f47da74ed258","ts":"2026-09-28T18:47:42.547+02:00","source":{"id":"0","name":"eventBus"}}
{"__type":"$$EventMessageAudit","id":"542b630d-88fd-405d-aa29-15dfb1bc610b","ts":"2026-09-28T18:47:44.546+02:00","eventName":"n8n.audit.workflow.updated","message":"n8n.audit.workflow.updated","payload":{"userId":"378bb555-d142-4f98-8092-6db334bc679d","_email":"develomentorg11@gmail.com","_firstName":"Andrew ","_lastName":"Mthethwa","globalRole":"global:owner","workflowId":"l5OL7xp4lTsRVx3O","workflowName":"INQABA-02-PROJECTS-FEED"}}
{"__type":"$$EventMessageConfirm","confirm":"542b630d-88fd-405d-aa29-15dfb1bc610b","ts":"2026-09-28T18:47:44.547+02:00","source":{"id":"0","name":"eventBus"}}
{"__type":"$$EventMessageAudit","id":"401bc7f1-ac7f-4065-8a01-9956ed64b02a","ts":"2026-09-28T18:47:47.919+02:00","eventName":"n8n.audit.workflow.deactivated","message":"n8n.audit.workflow.deactivated","payload":{"userId":"378bb555-d142-4f98-8092-6db334bc679d","_email":"develomentorg11@gmail.com","_firstName":"Andrew ","_lastName":"Mthethwa","globalRole":"global:owner","workflowId":"l5OL7xp4lTsRVx3O","workflowName":"INQABA-02-PROJECTS-FEED","deactivatedVersionId":"c8260432-7480-4dbb-82bc-21b9ceb23839"}}
{"__type":"$$EventMessageConfirm","confirm":"401bc7f1-ac7f-4065-8a01-9956ed64b02a","ts":"2026-09-28T18:47:47.919+02:00","source":{"id":"0","name":"eventBus"}}
{"__type":"$$EventMessageAudit","id":"8efc51b5-0af5-4a12-9aeb-60e79073d3f6","ts":"2026-09-28T18:47:47.919+02:00","eventName":"n8n.audit.workflow.activated","message":"n8n.audit.workflow.activated","payload":{"userId":"378bb555-d142-4f98-8092-6db334bc679d","_email":"develomentorg11@gmail.com","_firstName":"Andrew ","_lastName":"Mthethwa","globalRole":"global:owner","workflowId":"l5OL7xp4lTsRVx3O","workflowName":"INQABA-02-PROJECTS-FEED","activeVersionId":"7193e117-7833-4830-b001-439e9c682651"}}
{"__type":"$$EventMessageConfirm","confirm":"8efc51b5-0af5-4a12-9aeb-60e79073d3f6","ts":"2026-09-28T18:47:47.919+02:00","source":{"id":"0","name":"eventBus"}}
{"__type":"$$EventMessageAudit","id":"12c4e111-181b-4146-a223-0dd6ed94afba","ts":"2026-09-28T18:48:02.635+02:00","eventName":"n8n.audit.workflow.executed","message":"n8n.audit.workflow.executed","payload":{"workflowId":"l5OL7xp4lTsRVx3O","workflowName":"INQABA-02-PROJECTS-FEED","executionId":"60","projectId":"PBlSUiAMQl3O96o8","projectName":"Andrew  Mthethwa <develomentorg11@gmail.com>","source":"webhook"}}
{"__type":"$$EventMessageConfirm","confirm":"12c4e111-181b-4146-a223-0dd6ed94afba","ts":"2026-09-28T18:48:02.635+02:00","source":{"id":"0","name":"eventBus"}}
{"__type":"$$EventMessageWorkflow","id":"912d4d3f-00f4-4d5e-b5eb-5e9fcd6285c6","ts":"2026-09-28T18:48:02.635+02:00","eventName":"n8n.workflow.started","message":"n8n.workflow.started","payload":{"executionId":"60","workflowId":"l5OL7xp4lTsRVx3O","isManual":false,"mode":"webhook","workflowName":"INQABA-02-PROJECTS-FEED","projectId":"PBlSUiAMQl3O96o8","projectName":"Andrew  Mthethwa <develomentorg11@gmail.com>"}}
{"__type":"$$EventMessageConfirm","confirm":"912d4d3f-00f4-4d5e-b5eb-5e9fcd6285c6","ts":"2026-09-28T18:48:02.635+02:00","source":{"id":"0","name":"eventBus"}}
{"__type":"$$EventMessageNode","id":"6c7cf469-36ed-44f0-8c21-5f5118b04f9b","ts":"2026-09-28T18:48:02.635+02:00","eventName":"n8n.node.started","message":"n8n.node.started","payload":{"workflowId":"l5OL7xp4lTsRVx3O","workflowName":"INQABA-02-PROJECTS-FEED","executionId":"60","nodeType":"n8n-nodes-base.webhook","nodeName":"Webhook","nodeId":"4d0344b7-c53b-462c-9a5e-a119dcc037d9"}}
{"__type":"$$EventMessageConfirm","confirm":"6c7cf469-36ed-44f0-8c21-5f5118b04f9b","ts":"2026-09-28T18:48:02.635+02:00","source":{"id":"0","name":"eventBus"}}
{"__type":"$$EventMessageNode","id":"24915cee-d2bc-4040-9b44-94059cdfd6da","ts":"2026-09-28T18:48:02.636+02:00","eventName":"n8n.node.finished","message":"n8n.node.finished","payload":{"workflowId":"l5OL7xp4lTsRVx3O","workflowName":"INQABA-02-PROJECTS-FEED","executionId":"60","nodeType":"n8n-nodes-base.webhook","nodeName":"Webhook","nodeId":"4d0344b7-c53b-462c-9a5e-a119dcc037d9"}}
{"__type":"$$EventMessageConfirm","confirm":"24915cee-d2bc-4040-9b44-94059cdfd6da","ts":"2026-09-28T18:48:02.636+02:00","source":{"id":"0","name":"eventBus"}}
{"__type":"$$EventMessageWorkflow","id":"7cb6ecbf-1825-4c7c-9431-cb9696e13d0a","ts":"2026-09-28T18:48:02.636+02:00","eventName":"n8n.workflow.failed","message":"n8n.workflow.failed","payload":{"executionId":"60","success":false,"isManual":false,"mode":"webhook","workflowId":"l5OL7xp4lTsRVx3O","workflowName":"INQABA-02-PROJECTS-FEED","projectId":"PBlSUiAMQl3O96o8","projectName":"Andrew  Mthethwa <develomentorg11@gmail.com>","lastNodeExecuted":"Webhook","errorMessage":"No Respond to Webhook node found in the workflow"}}
{"__type":"$$EventMessageConfirm","confirm":"7cb6ecbf-1825-4c7c-9431-cb9696e13d0a","ts":"2026-09-28T18:48:02.637+02:00","source":{"id":"0","name":"eventBus"}}
{"__type":"$$EventMessageAudit","id":"bd9793fe-be91-472b-b670-89e3b05b22b5","ts":"2026-09-28T18:48:52.071+02:00","eventName":"n8n.audit.workflow.executed","message":"n8n.audit.workflow.executed","payload":{"workflowId":"l5OL7xp4lTsRVx3O","workflowName":"INQABA-02-PROJECTS-FEED","executionId":"61","projectId":"PBlSUiAMQl3O96o8","projectName":"Andrew  Mthethwa <develomentorg11@gmail.com>","source":"webhook"}}
{"__type":"$$EventMessageConfirm","confirm":"bd9793fe-be91-472b-b670-89e3b05b22b5","ts":"2026-09-28T18:48:52.071+02:00","source":{"id":"0","name":"eventBus"}}
{"__type":"$$EventMessageWorkflow","id":"60191319-8871-4be5-8a66-ef51b49be6af","ts":"2026-09-28T18:48:52.071+02:00","eventName":"n8n.workflow.started","message":"n8n.workflow.started","payload":{"executionId":"61","workflowId":"l5OL7xp4lTsRVx3O","isManual":false,"mode":"webhook","workflowName":"INQABA-02-PROJECTS-FEED","projectId":"PBlSUiAMQl3O96o8","projectName":"Andrew  Mthethwa <develomentorg11@gmail.com>"}}
{"__type":"$$EventMessageConfirm","confirm":"60191319-8871-4be5-8a66-ef51b49be6af","ts":"2026-09-28T18:48:52.071+02:00","source":{"id":"0","name":"eventBus"}}
{"__type":"$$EventMessageNode","id":"5b2b5500-2d10-43e4-95b9-be4ab84d2c49","ts":"2026-09-28T18:48:52.071+02:00","eventName":"n8n.node.started","message":"n8n.node.started","payload":{"workflowId":"l5OL7xp4lTsRVx3O","workflowName":"INQABA-02-PROJECTS-FEED","executionId":"61","nodeType":"n8n-nodes-base.webhook","nodeName":"Webhook","nodeId":"4d0344b7-c53b-462c-9a5e-a119dcc037d9"}}
{"__type":"$$EventMessageConfirm","confirm":"5b2b5500-2d10-43e4-95b9-be4ab84d2c49","ts":"2026-09-28T18:48:52.071+02:00","source":{"id":"0","name":"eventBus"}}
{"__type":"$$EventMessageNode","id":"5af76e02-6b01-4757-81cd-1acff57184f4","ts":"2026-09-28T18:48:52.071+02:00","eventName":"n8n.node.finished","message":"n8n.node.finished","payload":{"workflowId":"l5OL7xp4lTsRVx3O","workflowName":"INQABA-02-PROJECTS-FEED","executionId":"61","nodeType":"n8n-nodes-base.webhook","nodeName":"Webhook","nodeId":"4d0344b7-c53b-462c-9a5e-a119dcc037d9"}}
{"__type":"$$EventMessageConfirm","confirm":"5af76e02-6b01-4757-81cd-1acff57184f4","ts":"2026-09-28T18:48:52.072+02:00","source":{"id":"0","name":"eventBus"}}
{"__type":"$$EventMessageWorkflow","id":"fe321fd5-e81f-4b85-9eab-fedc4f453f11","ts":"2026-09-28T18:48:52.072+02:00","eventName":"n8n.workflow.failed","message":"n8n.workflow.failed","payload":{"executionId":"61","success":false,"isManual":false,"mode":"webhook","workflowId":"l5OL7xp4lTsRVx3O","workflowName":"INQABA-02-PROJECTS-FEED","projectId":"PBlSUiAMQl3O96o8","projectName":"Andrew  Mthethwa <develomentorg11@gmail.com>","lastNodeExecuted":"Webhook","errorMessage":"No Respond to Webhook node found in the workflow"}}
{"__type":"$$EventMessageConfirm","confirm":"fe321fd5-e81f-4b85-9eab-fedc4f453f11","ts":"2026-09-28T18:48:52.072+02:00","source":{"id":"0","name":"eventBus"}}
{"__type":"$$EventMessageAudit","id":"1c71b29a-18a2-4c95-be42-5ab78f66cf5d","ts":"2026-09-28T18:54:17.120+02:00","eventName":"n8n.audit.workflow.executed","message":"n8n.audit.workflow.executed","payload":{"workflowId":"l5OL7xp4lTsRVx3O","workflowName":"INQABA-02-PROJECTS-FEED","executionId":"62","projectId":"PBlSUiAMQl3O96o8","projectName":"Andrew  Mthethwa <develomentorg11@gmail.com>","source":"webhook"}}
{"__type":"$$EventMessageConfirm","confirm":"1c71b29a-18a2-4c95-be42-5ab78f66cf5d","ts":"2026-09-28T18:54:17.120+02:00","source":{"id":"0","name":"eventBus"}}
{"__type":"$$EventMessageWorkflow","id":"7ec00ddb-f268-415e-a7b0-fde13e94207e","ts":"2026-09-28T18:54:17.120+02:00","eventName":"n8n.workflow.started","message":"n8n.workflow.started","payload":{"executionId":"62","workflowId":"l5OL7xp4lTsRVx3O","isManual":false,"mode":"webhook","workflowName":"INQABA-02-PROJECTS-FEED","projectId":"PBlSUiAMQl3O96o8","projectName":"Andrew  Mthethwa <develomentorg11@gmail.com>"}}
{"__type":"$$EventMessageConfirm","confirm":"7ec00ddb-f268-415e-a7b0-fde13e94207e","ts":"2026-09-28T18:54:17.120+02:00","source":{"id":"0","name":"eventBus"}}
{"__type":"$$EventMessageNode","id":"17148a9b-d345-48a4-a77d-f97c933a625f","ts":"2026-09-28T18:54:17.120+02:00","eventName":"n8n.node.started","message":"n8n.node.started","payload":{"workflowId":"l5OL7xp4lTsRVx3O","workflowName":"INQABA-02-PROJECTS-FEED","executionId":"62","nodeType":"n8n-nodes-base.webhook","nodeName":"Webhook","nodeId":"4d0344b7-c53b-462c-9a5e-a119dcc037d9"}}
{"__type":"$$EventMessageConfirm","confirm":"17148a9b-d345-48a4-a77d-f97c933a625f","ts":"2026-09-28T18:54:17.120+02:00","source":{"id":"0","name":"eventBus"}}
{"__type":"$$EventMessageNode","id":"e2495314-75fe-474b-a1bc-25f8b9cdcbe8","ts":"2026-09-28T18:54:17.120+02:00","eventName":"n8n.node.finished","message":"n8n.node.finished","payload":{"workflowId":"l5OL7xp4lTsRVx3O","workflowName":"INQABA-02-PROJECTS-FEED","executionId":"62","nodeType":"n8n-nodes-base.webhook","nodeName":"Webhook","nodeId":"4d0344b7-c53b-462c-9a5e-a119dcc037d9"}}
{"__type":"$$EventMessageConfirm","confirm":"e2495314-75fe-474b-a1bc-25f8b9cdcbe8","ts":"2026-09-28T18:54:17.120+02:00","source":{"id":"0","name":"eventBus"}}
{"__type":"$$EventMessageWorkflow","id":"febb6a04-c09c-4b3b-bb5a-771dfb15bac7","ts":"2026-09-28T18:54:17.121+02:00","eventName":"n8n.workflow.failed","message":"n8n.workflow.failed","payload":{"executionId":"62","success":false,"isManual":false,"mode":"webhook","workflowId":"l5OL7xp4lTsRVx3O","workflowName":"INQABA-02-PROJECTS-FEED","projectId":"PBlSUiAMQl3O96o8","projectName":"Andrew  Mthethwa <develomentorg11@gmail.com>","lastNodeExecuted":"Webhook","errorMessage":"No Respond to Webhook node found in the workflow"}}
{"__type":"$$EventMessageConfirm","confirm":"febb6a04-c09c-4b3b-bb5a-771dfb15bac7","ts":"2026-09-28T18:54:17.121+02:00","source":{"id":"0","name":"eventBus"}}
{"__type":"$$EventMessageAudit","id":"f72b81d7-cd80-4e71-9a94-93f81d3f5efd","ts":"2026-09-28T18:55:01.603+02:00","eventName":"n8n.audit.workflow.executed","message":"n8n.audit.workflow.executed","payload":{"workflowId":"l5OL7xp4lTsRVx3O","workflowName":"INQABA-02-PROJECTS-FEED","executionId":"63","projectId":"PBlSUiAMQl3O96o8","projectName":"Andrew  Mthethwa <develomentorg11@gmail.com>","source":"webhook"}}
{"__type":"$$EventMessageConfirm","confirm":"f72b81d7-cd80-4e71-9a94-93f81d3f5efd","ts":"2026-09-28T18:55:01.603+02:00","source":{"id":"0","name":"eventBus"}}
{"__type":"$$EventMessageWorkflow","id":"603dab93-ae5f-49dc-9802-f5fdc3bb235a","ts":"2026-09-28T18:55:01.603+02:00","eventName":"n8n.workflow.started","message":"n8n.workflow.started","payload":{"executionId":"63","workflowId":"l5OL7xp4lTsRVx3O","isManual":false,"mode":"webhook","workflowName":"INQABA-02-PROJECTS-FEED","projectId":"PBlSUiAMQl3O96o8","projectName":"Andrew  Mthethwa <develomentorg11@gmail.com>"}}
{"__type":"$$EventMessageConfirm","confirm":"603dab93-ae5f-49dc-9802-f5fdc3bb235a","ts":"2026-09-28T18:55:01.603+02:00","source":{"id":"0","name":"eventBus"}}
{"__type":"$$EventMessageNode","id":"a0841a27-a899-4bd3-93fb-e17b7cb947e7","ts":"2026-09-28T18:55:01.603+02:00","eventName":"n8n.node.started","message":"n8n.node.started","payload":{"workflowId":"l5OL7xp4lTsRVx3O","workflowName":"INQABA-02-PROJECTS-FEED","executionId":"63","nodeType":"n8n-nodes-base.webhook","nodeName":"Webhook","nodeId":"4d0344b7-c53b-462c-9a5e-a119dcc037d9"}}
{"__type":"$$EventMessageConfirm","confirm":"a0841a27-a899-4bd3-93fb-e17b7cb947e7","ts":"2026-09-28T18:55:01.603+02:00","source":{"id":"0","name":"eventBus"}}
{"__type":"$$EventMessageNode","id":"6bd82617-7b0f-46c3-829a-d9044ba79d8b","ts":"2026-09-28T18:55:01.604+02:00","eventName":"n8n.node.finished","message":"n8n.node.finished","payload":{"workflowId":"l5OL7xp4lTsRVx3O","workflowName":"INQABA-02-PROJECTS-FEED","executionId":"63","nodeType":"n8n-nodes-base.webhook","nodeName":"Webhook","nodeId":"4d0344b7-c53b-462c-9a5e-a119dcc037d9"}}
{"__type":"$$EventMessageConfirm","confirm":"6bd82617-7b0f-46c3-829a-d9044ba79d8b","ts":"2026-09-28T18:55:01.604+02:00","source":{"id":"0","name":"eventBus"}}
{"__type":"$$EventMessageWorkflow","id":"4084b353-a0e4-49b5-96f0-998fed2bcd35","ts":"2026-09-28T18:55:01.604+02:00","eventName":"n8n.workflow.failed","message":"n8n.workflow.failed","payload":{"executionId":"63","success":false,"isManual":false,"mode":"webhook","workflowId":"l5OL7xp4lTsRVx3O","workflowName":"INQABA-02-PROJECTS-FEED","projectId":"PBlSUiAMQl3O96o8","projectName":"Andrew  Mthethwa <develomentorg11@gmail.com>","lastNodeExecuted":"Webhook","errorMessage":"No Respond to Webhook node found in the workflow"}}
{"__type":"$$EventMessageConfirm","confirm":"4084b353-a0e4-49b5-96f0-998fed2bcd35","ts":"2026-09-28T18:55:01.604+02:00","source":{"id":"0","name":"eventBus"}}
{"__type":"$$EventMessageAudit","id":"9b41e08b-eb15-472e-95c2-981d6c3dae50","ts":"2026-09-28T18:55:30.326+02:00","eventName":"n8n.audit.workflow.executed","message":"n8n.audit.workflow.executed","payload":{"workflowId":"l5OL7xp4lTsRVx3O","workflowName":"INQABA-02-PROJECTS-FEED","executionId":"64","projectId":"PBlSUiAMQl3O96o8","projectName":"Andrew  Mthethwa <develomentorg11@gmail.com>","source":"webhook"}}
{"__type":"$$EventMessageConfirm","confirm":"9b41e08b-eb15-472e-95c2-981d6c3dae50","ts":"2026-09-28T18:55:30.326+02:00","source":{"id":"0","name":"eventBus"}}
{"__type":"$$EventMessageWorkflow","id":"5e5ddfa5-98c9-41ae-9b4c-86f97b31551b","ts":"2026-09-28T18:55:30.326+02:00","eventName":"n8n.workflow.started","message":"n8n.workflow.started","payload":{"executionId":"64","workflowId":"l5OL7xp4lTsRVx3O","isManual":false,"mode":"webhook","workflowName":"INQABA-02-PROJECTS-FEED","projectId":"PBlSUiAMQl3O96o8","projectName":"Andrew  Mthethwa <develomentorg11@gmail.com>"}}
{"__type":"$$EventMessageConfirm","confirm":"5e5ddfa5-98c9-41ae-9b4c-86f97b31551b","ts":"2026-09-28T18:55:30.326+02:00","source":{"id":"0","name":"eventBus"}}
{"__type":"$$EventMessageNode","id":"0c072bdc-c1a4-491f-a188-9b60f46095b4","ts":"2026-09-28T18:55:30.326+02:00","eventName":"n8n.node.started","message":"n8n.node.started","payload":{"workflowId":"l5OL7xp4lTsRVx3O","workflowName":"INQABA-02-PROJECTS-FEED","executionId":"64","nodeType":"n8n-nodes-base.webhook","nodeName":"Webhook","nodeId":"4d0344b7-c53b-462c-9a5e-a119dcc037d9"}}
{"__type":"$$EventMessageConfirm","confirm":"0c072bdc-c1a4-491f-a188-9b60f46095b4","ts":"2026-09-28T18:55:30.326+02:00","source":{"id":"0","name":"eventBus"}}
{"__type":"$$EventMessageNode","id":"ac5d9bd1-9647-4b44-b442-82df2b547bd0","ts":"2026-09-28T18:55:30.326+02:00","eventName":"n8n.node.finished","message":"n8n.node.finished","payload":{"workflowId":"l5OL7xp4lTsRVx3O","workflowName":"INQABA-02-PROJECTS-FEED","executionId":"64","nodeType":"n8n-nodes-base.webhook","nodeName":"Webhook","nodeId":"4d0344b7-c53b-462c-9a5e-a119dcc037d9"}}
{"__type":"$$EventMessageConfirm","confirm":"ac5d9bd1-9647-4b44-b442-82df2b547bd0","ts":"2026-09-28T18:55:30.326+02:00","source":{"id":"0","name":"eventBus"}}
{"__type":"$$EventMessageWorkflow","id":"c664e85a-14a3-44ed-a1f4-cffdb72e5006","ts":"2026-09-28T18:55:30.327+02:00","eventName":"n8n.workflow.failed","message":"n8n.workflow.failed","payload":{"executionId":"64","success":false,"isManual":false,"mode":"webhook","workflowId":"l5OL7xp4lTsRVx3O","workflowName":"INQABA-02-PROJECTS-FEED","projectId":"PBlSUiAMQl3O96o8","projectName":"Andrew  Mthethwa <develomentorg11@gmail.com>","lastNodeExecuted":"Webhook","errorMessage":"No Respond to Webhook node found in the workflow"}}
{"__type":"$$EventMessageConfirm","confirm":"c664e85a-14a3-44ed-a1f4-cffdb72e5006","ts":"2026-09-28T18:55:30.327+02:00","source":{"id":"0","name":"eventBus"}}
{"__type":"$$EventMessageAudit","id":"273d4a5f-ae8e-4107-aa97-0f918829d893","ts":"2026-09-28T18:56:34.964+02:00","eventName":"n8n.audit.workflow.updated","message":"n8n.audit.workflow.updated","payload":{"userId":"378bb555-d142-4f98-8092-6db334bc679d","_email":"develomentorg11@gmail.com","_firstName":"Andrew ","_lastName":"Mthethwa","globalRole":"global:owner","workflowId":"l5OL7xp4lTsRVx3O","workflowName":"INQABA-02-PROJECTS-FEED"}}
{"__type":"$$EventMessageConfirm","confirm":"273d4a5f-ae8e-4107-aa97-0f918829d893","ts":"2026-09-28T18:56:34.964+02:00","source":{"id":"0","name":"eventBus"}}
{"__type":"$$EventMessageAudit","id":"13dbc76b-c8d5-4584-a2d1-306252fe4d77","ts":"2026-09-28T18:56:38.405+02:00","eventName":"n8n.audit.workflow.updated","message":"n8n.audit.workflow.updated","payload":{"userId":"378bb555-d142-4f98-8092-6db334bc679d","_email":"develomentorg11@gmail.com","_firstName":"Andrew ","_lastName":"Mthethwa","globalRole":"global:owner","workflowId":"l5OL7xp4lTsRVx3O","workflowName":"INQABA-02-PROJECTS-FEED"}}
{"__type":"$$EventMessageConfirm","confirm":"13dbc76b-c8d5-4584-a2d1-306252fe4d77","ts":"2026-09-28T18:56:38.405+02:00","source":{"id":"0","name":"eventBus"}}
{"__type":"$$EventMessageAudit","id":"26258896-2f71-4591-8635-d6510eeecf84","ts":"2026-09-28T18:56:44.408+02:00","eventName":"n8n.audit.workflow.deactivated","message":"n8n.audit.workflow.deactivated","payload":{"userId":"378bb555-d142-4f98-8092-6db334bc679d","_email":"develomentorg11@gmail.com","_firstName":"Andrew ","_lastName":"Mthethwa","globalRole":"global:owner","workflowId":"l5OL7xp4lTsRVx3O","workflowName":"INQABA-02-PROJECTS-FEED","deactivatedVersionId":"7193e117-7833-4830-b001-439e9c682651"}}
{"__type":"$$EventMessageConfirm","confirm":"26258896-2f71-4591-8635-d6510eeecf84","ts":"2026-09-28T18:56:44.408+02:00","source":{"id":"0","name":"eventBus"}}
{"__type":"$$EventMessageAudit","id":"8bdeadfb-4637-4cce-99fb-fa88eae9fa68","ts":"2026-09-28T18:56:44.408+02:00","eventName":"n8n.audit.workflow.activated","message":"n8n.audit.workflow.activated","payload":{"userId":"378bb555-d142-4f98-8092-6db334bc679d","_email":"develomentorg11@gmail.com","_firstName":"Andrew ","_lastName":"Mthethwa","globalRole":"global:owner","workflowId":"l5OL7xp4lTsRVx3O","workflowName":"INQABA-02-PROJECTS-FEED","activeVersionId":"cc41a587-b7e9-4476-ae7b-fe4e49f64c69"}}
{"__type":"$$EventMessageConfirm","confirm":"8bdeadfb-4637-4cce-99fb-fa88eae9fa68","ts":"2026-09-28T18:56:44.408+02:00","source":{"id":"0","name":"eventBus"}}
{"__type":"$$EventMessageAudit","id":"7d92cbfc-bd7c-4a4a-a4ab-aff6701164a2","ts":"2026-09-28T18:56:53.611+02:00","eventName":"n8n.audit.workflow.executed","message":"n8n.audit.workflow.executed","payload":{"workflowId":"l5OL7xp4lTsRVx3O","workflowName":"INQABA-02-PROJECTS-FEED","executionId":"65","projectId":"PBlSUiAMQl3O96o8","projectName":"Andrew  Mthethwa <develomentorg11@gmail.com>","source":"webhook"}}
{"__type":"$$EventMessageConfirm","confirm":"7d92cbfc-bd7c-4a4a-a4ab-aff6701164a2","ts":"2026-09-28T18:56:53.611+02:00","source":{"id":"0","name":"eventBus"}}
{"__type":"$$EventMessageWorkflow","id":"b8f4965a-8e80-4549-8425-1e27961138b4","ts":"2026-09-28T18:56:53.611+02:00","eventName":"n8n.workflow.started","message":"n8n.workflow.started","payload":{"executionId":"65","workflowId":"l5OL7xp4lTsRVx3O","isManual":false,"mode":"webhook","workflowName":"INQABA-02-PROJECTS-FEED","projectId":"PBlSUiAMQl3O96o8","projectName":"Andrew  Mthethwa <develomentorg11@gmail.com>"}}
{"__type":"$$EventMessageConfirm","confirm":"b8f4965a-8e80-4549-8425-1e27961138b4","ts":"2026-09-28T18:56:53.611+02:00","source":{"id":"0","name":"eventBus"}}
{"__type":"$$EventMessageNode","id":"f13ec208-9609-4c3a-a10d-201bd6819ceb","ts":"2026-09-28T18:56:53.611+02:00","eventName":"n8n.node.started","message":"n8n.node.started","payload":{"workflowId":"l5OL7xp4lTsRVx3O","workflowName":"INQABA-02-PROJECTS-FEED","executionId":"65","nodeType":"n8n-nodes-base.webhook","nodeName":"Webhook","nodeId":"4d0344b7-c53b-462c-9a5e-a119dcc037d9"}}
{"__type":"$$EventMessageConfirm","confirm":"f13ec208-9609-4c3a-a10d-201bd6819ceb","ts":"2026-09-28T18:56:53.612+02:00","source":{"id":"0","name":"eventBus"}}
{"__type":"$$EventMessageNode","id":"217147d1-25c2-41c3-b3df-9ce836ad1607","ts":"2026-09-28T18:56:53.612+02:00","eventName":"n8n.node.finished","message":"n8n.node.finished","payload":{"workflowId":"l5OL7xp4lTsRVx3O","workflowName":"INQABA-02-PROJECTS-FEED","executionId":"65","nodeType":"n8n-nodes-base.webhook","nodeName":"Webhook","nodeId":"4d0344b7-c53b-462c-9a5e-a119dcc037d9"}}
{"__type":"$$EventMessageConfirm","confirm":"217147d1-25c2-41c3-b3df-9ce836ad1607","ts":"2026-09-28T18:56:53.613+02:00","source":{"id":"0","name":"eventBus"}}
{"__type":"$$EventMessageWorkflow","id":"eaf1bf26-8369-43ea-b175-c18001e8667b","ts":"2026-09-28T18:56:53.613+02:00","eventName":"n8n.workflow.failed","message":"n8n.workflow.failed","payload":{"executionId":"65","success":false,"isManual":false,"mode":"webhook","workflowId":"l5OL7xp4lTsRVx3O","workflowName":"INQABA-02-PROJECTS-FEED","projectId":"PBlSUiAMQl3O96o8","projectName":"Andrew  Mthethwa <develomentorg11@gmail.com>","lastNodeExecuted":"Webhook","errorMessage":"No Respond to Webhook node found in the workflow"}}
{"__type":"$$EventMessageConfirm","confirm":"eaf1bf26-8369-43ea-b175-c18001e8667b","ts":"2026-09-28T18:56:53.613+02:00","source":{"id":"0","name":"eventBus"}}
{"__type":"$$EventMessageAudit","id":"42589233-ff59-42c0-a3cc-97e053642816","ts":"2026-09-28T18:57:49.347+02:00","eventName":"n8n.audit.workflow.executed","message":"n8n.audit.workflow.executed","payload":{"workflowId":"l5OL7xp4lTsRVx3O","workflowName":"INQABA-02-PROJECTS-FEED","executionId":"66","projectId":"PBlSUiAMQl3O96o8","projectName":"Andrew  Mthethwa <develomentorg11@gmail.com>","source":"webhook"}}
{"__type":"$$EventMessageConfirm","confirm":"42589233-ff59-42c0-a3cc-97e053642816","ts":"2026-09-28T18:57:49.347+02:00","source":{"id":"0","name":"eventBus"}}
{"__type":"$$EventMessageWorkflow","id":"a22f7c63-ba35-47f0-90d8-86f32d97df16","ts":"2026-09-28T18:57:49.395+02:00","eventName":"n8n.workflow.started","message":"n8n.workflow.started","payload":{"executionId":"66","workflowId":"l5OL7xp4lTsRVx3O","isManual":false,"mode":"manual","workflowName":"INQABA-02-PROJECTS-FEED","projectId":"PBlSUiAMQl3O96o8","projectName":"Andrew  Mthethwa <develomentorg11@gmail.com>"}}
{"__type":"$$EventMessageConfirm","confirm":"a22f7c63-ba35-47f0-90d8-86f32d97df16","ts":"2026-09-28T18:57:49.395+02:00","source":{"id":"0","name":"eventBus"}}
{"__type":"$$EventMessageNode","id":"b5e6a0dc-0ccf-4e92-bbe7-fe0b70d9c7d7","ts":"2026-09-28T18:57:49.403+02:00","eventName":"n8n.node.started","message":"n8n.node.started","payload":{"workflowId":"l5OL7xp4lTsRVx3O","workflowName":"INQABA-02-PROJECTS-FEED","executionId":"66","nodeType":"n8n-nodes-base.webhook","nodeName":"Webhook","nodeId":"4d0344b7-c53b-462c-9a5e-a119dcc037d9"}}
{"__type":"$$EventMessageConfirm","confirm":"b5e6a0dc-0ccf-4e92-bbe7-fe0b70d9c7d7","ts":"2026-09-28T18:57:49.403+02:00","source":{"id":"0","name":"eventBus"}}
{"__type":"$$EventMessageNode","id":"90692f0e-bdfe-4624-9f22-2f98d8fb0360","ts":"2026-09-28T18:57:49.403+02:00","eventName":"n8n.node.finished","message":"n8n.node.finished","payload":{"workflowId":"l5OL7xp4lTsRVx3O","workflowName":"INQABA-02-PROJECTS-FEED","executionId":"66","nodeType":"n8n-nodes-base.webhook","nodeName":"Webhook","nodeId":"4d0344b7-c53b-462c-9a5e-a119dcc037d9"}}
{"__type":"$$EventMessageConfirm","confirm":"90692f0e-bdfe-4624-9f22-2f98d8fb0360","ts":"2026-09-28T18:57:49.404+02:00","source":{"id":"0","name":"eventBus"}}
{"__type":"$$EventMessageWorkflow","id":"13b904a4-7fed-435d-9cab-8678a8cd44fc","ts":"2026-09-28T18:57:49.405+02:00","eventName":"n8n.workflow.failed","message":"n8n.workflow.failed","payload":{"userId":"378bb555-d142-4f98-8092-6db334bc679d","executionId":"66","success":false,"isManual":true,"mode":"manual","workflowId":"l5OL7xp4lTsRVx3O","workflowName":"INQABA-02-PROJECTS-FEED","projectId":"PBlSUiAMQl3O96o8","projectName":"Andrew  Mthethwa <develomentorg11@gmail.com>","lastNodeExecuted":"Webhook","errorMessage":"No Respond to Webhook node found in the workflow"}}
{"__type":"$$EventMessageConfirm","confirm":"13b904a4-7fed-435d-9cab-8678a8cd44fc","ts":"2026-09-28T18:57:49.405+02:00","source":{"id":"0","name":"eventBus"}}
{"__type":"$$EventMessageAudit","id":"9503e797-eddd-4ce0-b3ae-7c08badba67c","ts":"2026-09-28T18:57:59.761+02:00","eventName":"n8n.audit.workflow.executed","message":"n8n.audit.workflow.executed","payload":{"workflowId":"l5OL7xp4lTsRVx3O","workflowName":"INQABA-02-PROJECTS-FEED","executionId":"67","projectId":"PBlSUiAMQl3O96o8","projectName":"Andrew  Mthethwa <develomentorg11@gmail.com>","source":"webhook"}}
{"__type":"$$EventMessageConfirm","confirm":"9503e797-eddd-4ce0-b3ae-7c08badba67c","ts":"2026-09-28T18:57:59.761+02:00","source":{"id":"0","name":"eventBus"}}
{"__type":"$$EventMessageWorkflow","id":"67031318-ebc5-459b-88c6-0dc678ee7387","ts":"2026-09-28T18:57:59.761+02:00","eventName":"n8n.workflow.started","message":"n8n.workflow.started","payload":{"executionId":"67","workflowId":"l5OL7xp4lTsRVx3O","isManual":false,"mode":"webhook","workflowName":"INQABA-02-PROJECTS-FEED","projectId":"PBlSUiAMQl3O96o8","projectName":"Andrew  Mthethwa <develomentorg11@gmail.com>"}}
{"__type":"$$EventMessageConfirm","confirm":"67031318-ebc5-459b-88c6-0dc678ee7387","ts":"2026-09-28T18:57:59.761+02:00","source":{"id":"0","name":"eventBus"}}
{"__type":"$$EventMessageNode","id":"4cd8be0a-fbbe-49c0-9de3-b9ab6ac2df6d","ts":"2026-09-28T18:57:59.762+02:00","eventName":"n8n.node.started","message":"n8n.node.started","payload":{"workflowId":"l5OL7xp4lTsRVx3O","workflowName":"INQABA-02-PROJECTS-FEED","executionId":"67","nodeType":"n8n-nodes-base.webhook","nodeName":"Webhook","nodeId":"4d0344b7-c53b-462c-9a5e-a119dcc037d9"}}
{"__type":"$$EventMessageConfirm","confirm":"4cd8be0a-fbbe-49c0-9de3-b9ab6ac2df6d","ts":"2026-09-28T18:57:59.762+02:00","source":{"id":"0","name":"eventBus"}}
{"__type":"$$EventMessageNode","id":"6f954272-4dde-46ec-a5a2-92defd69a98e","ts":"2026-09-28T18:57:59.763+02:00","eventName":"n8n.node.finished","message":"n8n.node.finished","payload":{"workflowId":"l5OL7xp4lTsRVx3O","workflowName":"INQABA-02-PROJECTS-FEED","executionId":"67","nodeType":"n8n-nodes-base.webhook","nodeName":"Webhook","nodeId":"4d0344b7-c53b-462c-9a5e-a119dcc037d9"}}
{"__type":"$$EventMessageConfirm","confirm":"6f954272-4dde-46ec-a5a2-92defd69a98e","ts":"2026-09-28T18:57:59.764+02:00","source":{"id":"0","name":"eventBus"}}
{"__type":"$$EventMessageWorkflow","id":"f9b50000-0623-41cd-8f56-35deb59f56c6","ts":"2026-09-28T18:57:59.764+02:00","eventName":"n8n.workflow.failed","message":"n8n.workflow.failed","payload":{"executionId":"67","success":false,"isManual":false,"mode":"webhook","workflowId":"l5OL7xp4lTsRVx3O","workflowName":"INQABA-02-PROJECTS-FEED","projectId":"PBlSUiAMQl3O96o8","projectName":"Andrew  Mthethwa <develomentorg11@gmail.com>","lastNodeExecuted":"Webhook","errorMessage":"No Respond to Webhook node found in the workflow"}}
{"__type":"$$EventMessageConfirm","confirm":"f9b50000-0623-41cd-8f56-35deb59f56c6","ts":"2026-09-28T18:57:59.764+02:00","source":{"id":"0","name":"eventBus"}}
{"__type":"$$EventMessageAudit","id":"0b6accc4-ce93-44bd-9635-4747c3c0caed","ts":"2026-09-28T19:01:51.716+02:00","eventName":"n8n.audit.workflow.executed","message":"n8n.audit.workflow.executed","payload":{"workflowId":"l5OL7xp4lTsRVx3O","workflowName":"INQABA-02-PROJECTS-FEED","executionId":"68","projectId":"PBlSUiAMQl3O96o8","projectName":"Andrew  Mthethwa <develomentorg11@gmail.com>","source":"webhook"}}
{"__type":"$$EventMessageConfirm","confirm":"0b6accc4-ce93-44bd-9635-4747c3c0caed","ts":"2026-09-28T19:01:51.716+02:00","source":{"id":"0","name":"eventBus"}}
{"__type":"$$EventMessageWorkflow","id":"f4de0446-fdaa-42f4-86c7-09c2ae824d65","ts":"2026-09-28T19:01:51.716+02:00","eventName":"n8n.workflow.started","message":"n8n.workflow.started","payload":{"executionId":"68","workflowId":"l5OL7xp4lTsRVx3O","isManual":false,"mode":"webhook","workflowName":"INQABA-02-PROJECTS-FEED","projectId":"PBlSUiAMQl3O96o8","projectName":"Andrew  Mthethwa <develomentorg11@gmail.com>"}}
{"__type":"$$EventMessageConfirm","confirm":"f4de0446-fdaa-42f4-86c7-09c2ae824d65","ts":"2026-09-28T19:01:51.716+02:00","source":{"id":"0","name":"eventBus"}}
{"__type":"$$EventMessageNode","id":"6937dd68-a3c3-437b-bef0-141bb730a616","ts":"2026-09-28T19:01:51.717+02:00","eventName":"n8n.node.started","message":"n8n.node.started","payload":{"workflowId":"l5OL7xp4lTsRVx3O","workflowName":"INQABA-02-PROJECTS-FEED","executionId":"68","nodeType":"n8n-nodes-base.webhook","nodeName":"Webhook","nodeId":"4d0344b7-c53b-462c-9a5e-a119dcc037d9"}}
{"__type":"$$EventMessageConfirm","confirm":"6937dd68-a3c3-437b-bef0-141bb730a616","ts":"2026-09-28T19:01:51.717+02:00","source":{"id":"0","name":"eventBus"}}
{"__type":"$$EventMessageNode","id":"c9045b8a-293d-473d-852f-bbc6b301de2f","ts":"2026-09-28T19:01:51.717+02:00","eventName":"n8n.node.finished","message":"n8n.node.finished","payload":{"workflowId":"l5OL7xp4lTsRVx3O","workflowName":"INQABA-02-PROJECTS-FEED","executionId":"68","nodeType":"n8n-nodes-base.webhook","nodeName":"Webhook","nodeId":"4d0344b7-c53b-462c-9a5e-a119dcc037d9"}}
{"__type":"$$EventMessageConfirm","confirm":"c9045b8a-293d-473d-852f-bbc6b301de2f","ts":"2026-09-28T19:01:51.717+02:00","source":{"id":"0","name":"eventBus"}}
{"__type":"$$EventMessageWorkflow","id":"07929ce8-5491-4dbc-97f7-82cffc586e42","ts":"2026-09-28T19:01:51.718+02:00","eventName":"n8n.workflow.failed","message":"n8n.workflow.failed","payload":{"executionId":"68","success":false,"isManual":false,"mode":"webhook","workflowId":"l5OL7xp4lTsRVx3O","workflowName":"INQABA-02-PROJECTS-FEED","projectId":"PBlSUiAMQl3O96o8","projectName":"Andrew  Mthethwa <develomentorg11@gmail.com>","lastNodeExecuted":"Webhook","errorMessage":"No Respond to Webhook node found in the workflow"}}
{"__type":"$$EventMessageConfirm","confirm":"07929ce8-5491-4dbc-97f7-82cffc586e42","ts":"2026-09-28T19:01:51.718+02:00","source":{"id":"0","name":"eventBus"}}
{"__type":"$$EventMessageAudit","id":"d6f2190a-f2ee-47b8-864d-8a8382bb3bd8","ts":"2026-09-28T19:02:32.516+02:00","eventName":"n8n.audit.workflow.executed","message":"n8n.audit.workflow.executed","payload":{"workflowId":"l5OL7xp4lTsRVx3O","workflowName":"INQABA-02-PROJECTS-FEED","executionId":"69","projectId":"PBlSUiAMQl3O96o8","projectName":"Andrew  Mthethwa <develomentorg11@gmail.com>","source":"webhook"}}
{"__type":"$$EventMessageConfirm","confirm":"d6f2190a-f2ee-47b8-864d-8a8382bb3bd8","ts":"2026-09-28T19:02:32.516+02:00","source":{"id":"0","name":"eventBus"}}
{"__type":"$$EventMessageWorkflow","id":"0b468030-b37d-4be5-a000-dcd20397fb96","ts":"2026-09-28T19:02:32.516+02:00","eventName":"n8n.workflow.started","message":"n8n.workflow.started","payload":{"executionId":"69","workflowId":"l5OL7xp4lTsRVx3O","isManual":false,"mode":"webhook","workflowName":"INQABA-02-PROJECTS-FEED","projectId":"PBlSUiAMQl3O96o8","projectName":"Andrew  Mthethwa <develomentorg11@gmail.com>"}}
{"__type":"$$EventMessageConfirm","confirm":"0b468030-b37d-4be5-a000-dcd20397fb96","ts":"2026-09-28T19:02:32.516+02:00","source":{"id":"0","name":"eventBus"}}
{"__type":"$$EventMessageNode","id":"c433276b-7664-4e1f-b09c-bde170948f3d","ts":"2026-09-28T19:02:32.516+02:00","eventName":"n8n.node.started","message":"n8n.node.started","payload":{"workflowId":"l5OL7xp4lTsRVx3O","workflowName":"INQABA-02-PROJECTS-FEED","executionId":"69","nodeType":"n8n-nodes-base.webhook","nodeName":"Webhook","nodeId":"4d0344b7-c53b-462c-9a5e-a119dcc037d9"}}
{"__type":"$$EventMessageConfirm","confirm":"c433276b-7664-4e1f-b09c-bde170948f3d","ts":"2026-09-28T19:02:32.516+02:00","source":{"id":"0","name":"eventBus"}}
{"__type":"$$EventMessageNode","id":"eed4aacf-4a17-48a9-bb61-1d10132a807e","ts":"2026-09-28T19:02:32.517+02:00","eventName":"n8n.node.finished","message":"n8n.node.finished","payload":{"workflowId":"l5OL7xp4lTsRVx3O","workflowName":"INQABA-02-PROJECTS-FEED","executionId":"69","nodeType":"n8n-nodes-base.webhook","nodeName":"Webhook","nodeId":"4d0344b7-c53b-462c-9a5e-a119dcc037d9"}}
{"__type":"$$EventMessageConfirm","confirm":"eed4aacf-4a17-48a9-bb61-1d10132a807e","ts":"2026-09-28T19:02:32.517+02:00","source":{"id":"0","name":"eventBus"}}
{"__type":"$$EventMessageWorkflow","id":"2e25be79-bb38-4290-adde-1585ae552123","ts":"2026-09-28T19:02:32.517+02:00","eventName":"n8n.workflow.failed","message":"n8n.workflow.failed","payload":{"executionId":"69","success":false,"isManual":false,"mode":"webhook","workflowId":"l5OL7xp4lTsRVx3O","workflowName":"INQABA-02-PROJECTS-FEED","projectId":"PBlSUiAMQl3O96o8","projectName":"Andrew  Mthethwa <develomentorg11@gmail.com>","lastNodeExecuted":"Webhook","errorMessage":"No Respond to Webhook node found in the workflow"}}
{"__type":"$$EventMessageConfirm","confirm":"2e25be79-bb38-4290-adde-1585ae552123","ts":"2026-09-28T19:02:32.517+02:00","source":{"id":"0","name":"eventBus"}}
{"__type":"$$EventMessageAudit","id":"788e3945-f932-4f5a-b1fa-ad5f0506eb03","ts":"2026-09-28T19:02:39.939+02:00","eventName":"n8n.audit.workflow.executed","message":"n8n.audit.workflow.executed","payload":{"workflowId":"l5OL7xp4lTsRVx3O","workflowName":"INQABA-02-PROJECTS-FEED","executionId":"70","projectId":"PBlSUiAMQl3O96o8","projectName":"Andrew  Mthethwa <develomentorg11@gmail.com>","source":"webhook"}}
{"__type":"$$EventMessageConfirm","confirm":"788e3945-f932-4f5a-b1fa-ad5f0506eb03","ts":"2026-09-28T19:02:39.939+02:00","source":{"id":"0","name":"eventBus"}}
{"__type":"$$EventMessageWorkflow","id":"77fc241a-6f08-463b-aa1e-9de483b6e65a","ts":"2026-09-28T19:02:39.939+02:00","eventName":"n8n.workflow.started","message":"n8n.workflow.started","payload":{"executionId":"70","workflowId":"l5OL7xp4lTsRVx3O","isManual":false,"mode":"webhook","workflowName":"INQABA-02-PROJECTS-FEED","projectId":"PBlSUiAMQl3O96o8","projectName":"Andrew  Mthethwa <develomentorg11@gmail.com>"}}
{"__type":"$$EventMessageConfirm","confirm":"77fc241a-6f08-463b-aa1e-9de483b6e65a","ts":"2026-09-28T19:02:39.939+02:00","source":{"id":"0","name":"eventBus"}}
{"__type":"$$EventMessageNode","id":"a874f572-0387-4ff3-bcd4-2a67cce74380","ts":"2026-09-28T19:02:39.939+02:00","eventName":"n8n.node.started","message":"n8n.node.started","payload":{"workflowId":"l5OL7xp4lTsRVx3O","workflowName":"INQABA-02-PROJECTS-FEED","executionId":"70","nodeType":"n8n-nodes-base.webhook","nodeName":"Webhook","nodeId":"4d0344b7-c53b-462c-9a5e-a119dcc037d9"}}
{"__type":"$$EventMessageConfirm","confirm":"a874f572-0387-4ff3-bcd4-2a67cce74380","ts":"2026-09-28T19:02:39.939+02:00","source":{"id":"0","name":"eventBus"}}
{"__type":"$$EventMessageNode","id":"d1e7a5d1-6bfb-4333-8b56-3288f33aaa52","ts":"2026-09-28T19:02:39.940+02:00","eventName":"n8n.node.finished","message":"n8n.node.finished","payload":{"workflowId":"l5OL7xp4lTsRVx3O","workflowName":"INQABA-02-PROJECTS-FEED","executionId":"70","nodeType":"n8n-nodes-base.webhook","nodeName":"Webhook","nodeId":"4d0344b7-c53b-462c-9a5e-a119dcc037d9"}}
{"__type":"$$EventMessageConfirm","confirm":"d1e7a5d1-6bfb-4333-8b56-3288f33aaa52","ts":"2026-09-28T19:02:39.940+02:00","source":{"id":"0","name":"eventBus"}}
{"__type":"$$EventMessageWorkflow","id":"6ef7b574-eef2-476f-911c-d77639d0b357","ts":"2026-09-28T19:02:39.940+02:00","eventName":"n8n.workflow.failed","message":"n8n.workflow.failed","payload":{"executionId":"70","success":false,"isManual":false,"mode":"webhook","workflowId":"l5OL7xp4lTsRVx3O","workflowName":"INQABA-02-PROJECTS-FEED","projectId":"PBlSUiAMQl3O96o8","projectName":"Andrew  Mthethwa <develomentorg11@gmail.com>","lastNodeExecuted":"Webhook","errorMessage":"No Respond to Webhook node found in the workflow"}}
{"__type":"$$EventMessageConfirm","confirm":"6ef7b574-eef2-476f-911c-d77639d0b357","ts":"2026-09-28T19:02:39.940+02:00","source":{"id":"0","name":"eventBus"}}
{"__type":"$$EventMessageAudit","id":"cfbe7933-9a4d-4ee8-8b51-e7191a4f8179","ts":"2026-09-28T19:03:40.250+02:00","eventName":"n8n.audit.workflow.executed","message":"n8n.audit.workflow.executed","payload":{"workflowId":"l5OL7xp4lTsRVx3O","workflowName":"INQABA-02-PROJECTS-FEED","executionId":"71","projectId":"PBlSUiAMQl3O96o8","projectName":"Andrew  Mthethwa <develomentorg11@gmail.com>","source":"webhook"}}
{"__type":"$$EventMessageConfirm","confirm":"cfbe7933-9a4d-4ee8-8b51-e7191a4f8179","ts":"2026-09-28T19:03:40.250+02:00","source":{"id":"0","name":"eventBus"}}
{"__type":"$$EventMessageWorkflow","id":"4d12e172-6f54-4fc9-80ba-8374da34749a","ts":"2026-09-28T19:03:40.250+02:00","eventName":"n8n.workflow.started","message":"n8n.workflow.started","payload":{"executionId":"71","workflowId":"l5OL7xp4lTsRVx3O","isManual":false,"mode":"webhook","workflowName":"INQABA-02-PROJECTS-FEED","projectId":"PBlSUiAMQl3O96o8","projectName":"Andrew  Mthethwa <develomentorg11@gmail.com>"}}
{"__type":"$$EventMessageConfirm","confirm":"4d12e172-6f54-4fc9-80ba-8374da34749a","ts":"2026-09-28T19:03:40.250+02:00","source":{"id":"0","name":"eventBus"}}
{"__type":"$$EventMessageNode","id":"444f8a74-99fc-4911-a6f3-fe3cd63d9925","ts":"2026-09-28T19:03:40.250+02:00","eventName":"n8n.node.started","message":"n8n.node.started","payload":{"workflowId":"l5OL7xp4lTsRVx3O","workflowName":"INQABA-02-PROJECTS-FEED","executionId":"71","nodeType":"n8n-nodes-base.webhook","nodeName":"Webhook","nodeId":"4d0344b7-c53b-462c-9a5e-a119dcc037d9"}}
{"__type":"$$EventMessageConfirm","confirm":"444f8a74-99fc-4911-a6f3-fe3cd63d9925","ts":"2026-09-28T19:03:40.250+02:00","source":{"id":"0","name":"eventBus"}}
{"__type":"$$EventMessageNode","id":"f61951eb-fbf2-4104-b8f3-2b5c088e486b","ts":"2026-09-28T19:03:40.251+02:00","eventName":"n8n.node.finished","message":"n8n.node.finished","payload":{"workflowId":"l5OL7xp4lTsRVx3O","workflowName":"INQABA-02-PROJECTS-FEED","executionId":"71","nodeType":"n8n-nodes-base.webhook","nodeName":"Webhook","nodeId":"4d0344b7-c53b-462c-9a5e-a119dcc037d9"}}
{"__type":"$$EventMessageConfirm","confirm":"f61951eb-fbf2-4104-b8f3-2b5c088e486b","ts":"2026-09-28T19:03:40.251+02:00","source":{"id":"0","name":"eventBus"}}
{"__type":"$$EventMessageWorkflow","id":"a948300d-46c9-4784-ba82-79feb26ffd01","ts":"2026-09-28T19:03:40.251+02:00","eventName":"n8n.workflow.failed","message":"n8n.workflow.failed","payload":{"executionId":"71","success":false,"isManual":false,"mode":"webhook","workflowId":"l5OL7xp4lTsRVx3O","workflowName":"INQABA-02-PROJECTS-FEED","projectId":"PBlSUiAMQl3O96o8","projectName":"Andrew  Mthethwa <develomentorg11@gmail.com>","lastNodeExecuted":"Webhook","errorMessage":"No Respond to Webhook node found in the workflow"}}
{"__type":"$$EventMessageConfirm","confirm":"a948300d-46c9-4784-ba82-79feb26ffd01","ts":"2026-09-28T19:03:40.251+02:00","source":{"id":"0","name":"eventBus"}}
{"__type":"$$EventMessageAudit","id":"387c3624-e289-4f6b-ad3a-57d2933d2e1a","ts":"2026-09-28T19:04:05.976+02:00","eventName":"n8n.audit.workflow.updated","message":"n8n.audit.workflow.updated","payload":{"userId":"378bb555-d142-4f98-8092-6db334bc679d","_email":"develomentorg11@gmail.com","_firstName":"Andrew ","_lastName":"Mthethwa","globalRole":"global:owner","workflowId":"l5OL7xp4lTsRVx3O","workflowName":"INQABA-02-PROJECTS-FEED"}}
{"__type":"$$EventMessageConfirm","confirm":"387c3624-e289-4f6b-ad3a-57d2933d2e1a","ts":"2026-09-28T19:04:05.976+02:00","source":{"id":"0","name":"eventBus"}}
{"__type":"$$EventMessageAudit","id":"593b9c8c-a040-43b7-ab0e-f2c51fdff1f4","ts":"2026-09-28T19:04:08.428+02:00","eventName":"n8n.audit.workflow.updated","message":"n8n.audit.workflow.updated","payload":{"userId":"378bb555-d142-4f98-8092-6db334bc679d","_email":"develomentorg11@gmail.com","_firstName":"Andrew ","_lastName":"Mthethwa","globalRole":"global:owner","workflowId":"l5OL7xp4lTsRVx3O","workflowName":"INQABA-02-PROJECTS-FEED"}}
{"__type":"$$EventMessageConfirm","confirm":"593b9c8c-a040-43b7-ab0e-f2c51fdff1f4","ts":"2026-09-28T19:04:08.428+02:00","source":{"id":"0","name":"eventBus"}}
{"__type":"$$EventMessageAudit","id":"bd4891b7-5d77-488f-96d7-12219680bccf","ts":"2026-09-28T19:04:11.577+02:00","eventName":"n8n.audit.workflow.updated","message":"n8n.audit.workflow.updated","payload":{"userId":"378bb555-d142-4f98-8092-6db334bc679d","_email":"develomentorg11@gmail.com","_firstName":"Andrew ","_lastName":"Mthethwa","globalRole":"global:owner","workflowId":"l5OL7xp4lTsRVx3O","workflowName":"INQABA-02-PROJECTS-FEED"}}
{"__type":"$$EventMessageConfirm","confirm":"bd4891b7-5d77-488f-96d7-12219680bccf","ts":"2026-09-28T19:04:11.577+02:00","source":{"id":"0","name":"eventBus"}}
{"__type":"$$EventMessageAudit","id":"29d0afb8-0896-401e-9f05-5d950462e889","ts":"2026-09-28T19:04:19.947+02:00","eventName":"n8n.audit.workflow.executed","message":"n8n.audit.workflow.executed","payload":{"workflowId":"l5OL7xp4lTsRVx3O","workflowName":"INQABA-02-PROJECTS-FEED","executionId":"72","projectId":"PBlSUiAMQl3O96o8","projectName":"Andrew  Mthethwa <develomentorg11@gmail.com>","source":"webhook"}}
{"__type":"$$EventMessageConfirm","confirm":"29d0afb8-0896-401e-9f05-5d950462e889","ts":"2026-09-28T19:04:19.947+02:00","source":{"id":"0","name":"eventBus"}}
{"__type":"$$EventMessageWorkflow","id":"875a244a-2413-4c96-b153-76c1d6f8eded","ts":"2026-09-28T19:04:19.947+02:00","eventName":"n8n.workflow.started","message":"n8n.workflow.started","payload":{"executionId":"72","workflowId":"l5OL7xp4lTsRVx3O","isManual":false,"mode":"webhook","workflowName":"INQABA-02-PROJECTS-FEED","projectId":"PBlSUiAMQl3O96o8","projectName":"Andrew  Mthethwa <develomentorg11@gmail.com>"}}
{"__type":"$$EventMessageConfirm","confirm":"875a244a-2413-4c96-b153-76c1d6f8eded","ts":"2026-09-28T19:04:19.947+02:00","source":{"id":"0","name":"eventBus"}}
{"__type":"$$EventMessageNode","id":"89844cc2-ccd1-4c30-ab7c-3cee2116738b","ts":"2026-09-28T19:04:19.947+02:00","eventName":"n8n.node.started","message":"n8n.node.started","payload":{"workflowId":"l5OL7xp4lTsRVx3O","workflowName":"INQABA-02-PROJECTS-FEED","executionId":"72","nodeType":"n8n-nodes-base.webhook","nodeName":"Webhook","nodeId":"4d0344b7-c53b-462c-9a5e-a119dcc037d9"}}
{"__type":"$$EventMessageConfirm","confirm":"89844cc2-ccd1-4c30-ab7c-3cee2116738b","ts":"2026-09-28T19:04:19.947+02:00","source":{"id":"0","name":"eventBus"}}
{"__type":"$$EventMessageNode","id":"b17fc1e5-f017-4e79-a932-6822531beebb","ts":"2026-09-28T19:04:19.948+02:00","eventName":"n8n.node.finished","message":"n8n.node.finished","payload":{"workflowId":"l5OL7xp4lTsRVx3O","workflowName":"INQABA-02-PROJECTS-FEED","executionId":"72","nodeType":"n8n-nodes-base.webhook","nodeName":"Webhook","nodeId":"4d0344b7-c53b-462c-9a5e-a119dcc037d9"}}
{"__type":"$$EventMessageConfirm","confirm":"b17fc1e5-f017-4e79-a932-6822531beebb","ts":"2026-09-28T19:04:19.948+02:00","source":{"id":"0","name":"eventBus"}}
{"__type":"$$EventMessageWorkflow","id":"af804775-1187-4590-8bb3-da7b5448ef40","ts":"2026-09-28T19:04:19.948+02:00","eventName":"n8n.workflow.failed","message":"n8n.workflow.failed","payload":{"executionId":"72","success":false,"isManual":false,"mode":"webhook","workflowId":"l5OL7xp4lTsRVx3O","workflowName":"INQABA-02-PROJECTS-FEED","projectId":"PBlSUiAMQl3O96o8","projectName":"Andrew  Mthethwa <develomentorg11@gmail.com>","lastNodeExecuted":"Webhook","errorMessage":"No Respond to Webhook node found in the workflow"}}
{"__type":"$$EventMessageConfirm","confirm":"af804775-1187-4590-8bb3-da7b5448ef40","ts":"2026-09-28T19:04:19.948+02:00","source":{"id":"0","name":"eventBus"}}
{"__type":"$$EventMessageAudit","id":"6474c7d4-418a-4923-a6a0-a598342a5f4d","ts":"2026-09-28T19:04:21.451+02:00","eventName":"n8n.audit.workflow.executed","message":"n8n.audit.workflow.executed","payload":{"workflowId":"l5OL7xp4lTsRVx3O","workflowName":"INQABA-02-PROJECTS-FEED","executionId":"73","projectId":"PBlSUiAMQl3O96o8","projectName":"Andrew  Mthethwa <develomentorg11@gmail.com>","source":"webhook"}}
{"__type":"$$EventMessageConfirm","confirm":"6474c7d4-418a-4923-a6a0-a598342a5f4d","ts":"2026-09-28T19:04:21.451+02:00","source":{"id":"0","name":"eventBus"}}
{"__type":"$$EventMessageWorkflow","id":"14a6c077-b445-4da4-a007-9c572e8e0566","ts":"2026-09-28T19:04:21.451+02:00","eventName":"n8n.workflow.started","message":"n8n.workflow.started","payload":{"executionId":"73","workflowId":"l5OL7xp4lTsRVx3O","isManual":false,"mode":"webhook","workflowName":"INQABA-02-PROJECTS-FEED","projectId":"PBlSUiAMQl3O96o8","projectName":"Andrew  Mthethwa <develomentorg11@gmail.com>"}}
{"__type":"$$EventMessageConfirm","confirm":"14a6c077-b445-4da4-a007-9c572e8e0566","ts":"2026-09-28T19:04:21.451+02:00","source":{"id":"0","name":"eventBus"}}
{"__type":"$$EventMessageNode","id":"0daf0b43-5d2d-4d9a-a68b-a08a489ac4d1","ts":"2026-09-28T19:04:21.451+02:00","eventName":"n8n.node.started","message":"n8n.node.started","payload":{"workflowId":"l5OL7xp4lTsRVx3O","workflowName":"INQABA-02-PROJECTS-FEED","executionId":"73","nodeType":"n8n-nodes-base.webhook","nodeName":"Webhook","nodeId":"4d0344b7-c53b-462c-9a5e-a119dcc037d9"}}
{"__type":"$$EventMessageConfirm","confirm":"0daf0b43-5d2d-4d9a-a68b-a08a489ac4d1","ts":"2026-09-28T19:04:21.451+02:00","source":{"id":"0","name":"eventBus"}}
{"__type":"$$EventMessageNode","id":"527218c0-1ada-4ee5-bdb5-55bb3d38a348","ts":"2026-09-28T19:04:21.451+02:00","eventName":"n8n.node.finished","message":"n8n.node.finished","payload":{"workflowId":"l5OL7xp4lTsRVx3O","workflowName":"INQABA-02-PROJECTS-FEED","executionId":"73","nodeType":"n8n-nodes-base.webhook","nodeName":"Webhook","nodeId":"4d0344b7-c53b-462c-9a5e-a119dcc037d9"}}
{"__type":"$$EventMessageConfirm","confirm":"527218c0-1ada-4ee5-bdb5-55bb3d38a348","ts":"2026-09-28T19:04:21.451+02:00","source":{"id":"0","name":"eventBus"}}
{"__type":"$$EventMessageWorkflow","id":"f0635368-831b-4957-a088-92e54d970fdc","ts":"2026-09-28T19:04:21.451+02:00","eventName":"n8n.workflow.failed","message":"n8n.workflow.failed","payload":{"executionId":"73","success":false,"isManual":false,"mode":"webhook","workflowId":"l5OL7xp4lTsRVx3O","workflowName":"INQABA-02-PROJECTS-FEED","projectId":"PBlSUiAMQl3O96o8","projectName":"Andrew  Mthethwa <develomentorg11@gmail.com>","lastNodeExecuted":"Webhook","errorMessage":"No Respond to Webhook node found in the workflow"}}
{"__type":"$$EventMessageConfirm","confirm":"f0635368-831b-4957-a088-92e54d970fdc","ts":"2026-09-28T19:04:21.451+02:00","source":{"id":"0","name":"eventBus"}}
{"__type":"$$EventMessageAudit","id":"805ed3a5-f871-415f-a4e8-db0c5d9ab001","ts":"2026-09-28T19:04:57.279+02:00","eventName":"n8n.audit.workflow.executed","message":"n8n.audit.workflow.executed","payload":{"workflowId":"l5OL7xp4lTsRVx3O","workflowName":"INQABA-02-PROJECTS-FEED","executionId":"74","projectId":"PBlSUiAMQl3O96o8","projectName":"Andrew  Mthethwa <develomentorg11@gmail.com>","source":"webhook"}}
{"__type":"$$EventMessageConfirm","confirm":"805ed3a5-f871-415f-a4e8-db0c5d9ab001","ts":"2026-09-28T19:04:57.279+02:00","source":{"id":"0","name":"eventBus"}}
{"__type":"$$EventMessageWorkflow","id":"bd3700a6-13fe-466f-ab55-4b9e94709c88","ts":"2026-09-28T19:04:57.332+02:00","eventName":"n8n.workflow.started","message":"n8n.workflow.started","payload":{"executionId":"74","workflowId":"l5OL7xp4lTsRVx3O","isManual":false,"mode":"manual","workflowName":"INQABA-02-PROJECTS-FEED","projectId":"PBlSUiAMQl3O96o8","projectName":"Andrew  Mthethwa <develomentorg11@gmail.com>"}}
{"__type":"$$EventMessageConfirm","confirm":"bd3700a6-13fe-466f-ab55-4b9e94709c88","ts":"2026-09-28T19:04:57.332+02:00","source":{"id":"0","name":"eventBus"}}
{"__type":"$$EventMessageNode","id":"b17d2d18-9106-43cb-9f66-5a7338ed3cf1","ts":"2026-09-28T19:04:57.339+02:00","eventName":"n8n.node.started","message":"n8n.node.started","payload":{"workflowId":"l5OL7xp4lTsRVx3O","workflowName":"INQABA-02-PROJECTS-FEED","executionId":"74","nodeType":"n8n-nodes-base.webhook","nodeName":"Webhook","nodeId":"4d0344b7-c53b-462c-9a5e-a119dcc037d9"}}
{"__type":"$$EventMessageConfirm","confirm":"b17d2d18-9106-43cb-9f66-5a7338ed3cf1","ts":"2026-09-28T19:04:57.339+02:00","source":{"id":"0","name":"eventBus"}}
{"__type":"$$EventMessageNode","id":"7dee8b56-329b-45a8-b740-f44539cbffa6","ts":"2026-09-28T19:04:57.340+02:00","eventName":"n8n.node.finished","message":"n8n.node.finished","payload":{"workflowId":"l5OL7xp4lTsRVx3O","workflowName":"INQABA-02-PROJECTS-FEED","executionId":"74","nodeType":"n8n-nodes-base.webhook","nodeName":"Webhook","nodeId":"4d0344b7-c53b-462c-9a5e-a119dcc037d9"}}
{"__type":"$$EventMessageConfirm","confirm":"7dee8b56-329b-45a8-b740-f44539cbffa6","ts":"2026-09-28T19:04:57.340+02:00","source":{"id":"0","name":"eventBus"}}
{"__type":"$$EventMessageWorkflow","id":"a0c7bdf1-0642-4049-b6bb-740a4cac06ba","ts":"2026-09-28T19:04:57.341+02:00","eventName":"n8n.workflow.failed","message":"n8n.workflow.failed","payload":{"userId":"378bb555-d142-4f98-8092-6db334bc679d","executionId":"74","success":false,"isManual":true,"mode":"manual","workflowId":"l5OL7xp4lTsRVx3O","workflowName":"INQABA-02-PROJECTS-FEED","projectId":"PBlSUiAMQl3O96o8","projectName":"Andrew  Mthethwa <develomentorg11@gmail.com>","lastNodeExecuted":"Webhook","errorMessage":"No Respond to Webhook node found in the workflow"}}
{"__type":"$$EventMessageConfirm","confirm":"a0c7bdf1-0642-4049-b6bb-740a4cac06ba","ts":"2026-09-28T19:04:57.341+02:00","source":{"id":"0","name":"eventBus"}}
{"__type":"$$EventMessageAudit","id":"85631429-6d5a-4ff0-914d-0dfd44d4f3f4","ts":"2026-09-28T19:06:37.105+02:00","eventName":"n8n.audit.workflow.updated","message":"n8n.audit.workflow.updated","payload":{"userId":"378bb555-d142-4f98-8092-6db334bc679d","_email":"develomentorg11@gmail.com","_firstName":"Andrew ","_lastName":"Mthethwa","globalRole":"global:owner","workflowId":"l5OL7xp4lTsRVx3O","workflowName":"INQABA-02-PROJECTS-FEED"}}
{"__type":"$$EventMessageConfirm","confirm":"85631429-6d5a-4ff0-914d-0dfd44d4f3f4","ts":"2026-09-28T19:06:37.105+02:00","source":{"id":"0","name":"eventBus"}}
{"__type":"$$EventMessageAudit","id":"03aae3c6-7184-4cd3-be4f-7b6e22b4ee26","ts":"2026-09-28T19:06:40.527+02:00","eventName":"n8n.audit.workflow.updated","message":"n8n.audit.workflow.updated","payload":{"userId":"378bb555-d142-4f98-8092-6db334bc679d","_email":"develomentorg11@gmail.com","_firstName":"Andrew ","_lastName":"Mthethwa","globalRole":"global:owner","workflowId":"l5OL7xp4lTsRVx3O","workflowName":"INQABA-02-PROJECTS-FEED"}}
{"__type":"$$EventMessageConfirm","confirm":"03aae3c6-7184-4cd3-be4f-7b6e22b4ee26","ts":"2026-09-28T19:06:40.527+02:00","source":{"id":"0","name":"eventBus"}}
{"__type":"$$EventMessageAudit","id":"b9b710e9-2138-47fa-8f93-2cfa5b7d1356","ts":"2026-09-28T19:06:41.908+02:00","eventName":"n8n.audit.workflow.executed","message":"n8n.audit.workflow.executed","payload":{"userId":"378bb555-d142-4f98-8092-6db334bc679d","_email":"develomentorg11@gmail.com","_firstName":"Andrew ","_lastName":"Mthethwa","globalRole":"global:owner","workflowId":"l5OL7xp4lTsRVx3O","workflowName":"INQABA-02-PROJECTS-FEED","executionId":"75","projectId":"PBlSUiAMQl3O96o8","projectName":"Andrew  Mthethwa <develomentorg11@gmail.com>","source":"user-manual"}}
{"__type":"$$EventMessageConfirm","confirm":"b9b710e9-2138-47fa-8f93-2cfa5b7d1356","ts":"2026-09-28T19:06:41.908+02:00","source":{"id":"0","name":"eventBus"}}
{"__type":"$$EventMessageWorkflow","id":"bf40b41a-0c19-4f5b-a1ec-f83efb391f2a","ts":"2026-09-28T19:06:41.911+02:00","eventName":"n8n.workflow.started","message":"n8n.workflow.started","payload":{"executionId":"75","workflowId":"l5OL7xp4lTsRVx3O","isManual":false,"mode":"manual","workflowName":"INQABA-02-PROJECTS-FEED","projectId":"PBlSUiAMQl3O96o8","projectName":"Andrew  Mthethwa <develomentorg11@gmail.com>"}}
{"__type":"$$EventMessageConfirm","confirm":"bf40b41a-0c19-4f5b-a1ec-f83efb391f2a","ts":"2026-09-28T19:06:41.911+02:00","source":{"id":"0","name":"eventBus"}}
{"__type":"$$EventMessageNode","id":"ecfcb182-8a81-4812-b4ec-7f75233c4f77","ts":"2026-09-28T19:06:41.918+02:00","eventName":"n8n.node.started","message":"n8n.node.started","payload":{"workflowId":"l5OL7xp4lTsRVx3O","workflowName":"INQABA-02-PROJECTS-FEED","executionId":"75","nodeType":"n8n-nodes-base.webhook","nodeName":"Webhook","nodeId":"4d0344b7-c53b-462c-9a5e-a119dcc037d9"}}
{"__type":"$$EventMessageConfirm","confirm":"ecfcb182-8a81-4812-b4ec-7f75233c4f77","ts":"2026-09-28T19:06:41.918+02:00","source":{"id":"0","name":"eventBus"}}
{"__type":"$$EventMessageNode","id":"776b8a23-8bb9-4d7b-9a7e-699edbd8d1c2","ts":"2026-09-28T19:06:41.919+02:00","eventName":"n8n.node.finished","message":"n8n.node.finished","payload":{"workflowId":"l5OL7xp4lTsRVx3O","workflowName":"INQABA-02-PROJECTS-FEED","executionId":"75","nodeType":"n8n-nodes-base.webhook","nodeName":"Webhook","nodeId":"4d0344b7-c53b-462c-9a5e-a119dcc037d9"}}
{"__type":"$$EventMessageConfirm","confirm":"776b8a23-8bb9-4d7b-9a7e-699edbd8d1c2","ts":"2026-09-28T19:06:41.919+02:00","source":{"id":"0","name":"eventBus"}}
{"__type":"$$EventMessageNode","id":"698e913e-ed4f-4536-8a1c-bc9f33fbd9f3","ts":"2026-09-28T19:06:41.919+02:00","eventName":"n8n.node.started","message":"n8n.node.started","payload":{"workflowId":"l5OL7xp4lTsRVx3O","workflowName":"INQABA-02-PROJECTS-FEED","executionId":"75","nodeType":"n8n-nodes-base.postgres","nodeName":"Execute a SQL query","nodeId":"5bd250fb-b39c-4d83-8ca9-83d9d26769de"}}
{"__type":"$$EventMessageConfirm","confirm":"698e913e-ed4f-4536-8a1c-bc9f33fbd9f3","ts":"2026-09-28T19:06:41.919+02:00","source":{"id":"0","name":"eventBus"}}
{"__type":"$$EventMessageNode","id":"ea2fe607-bf3d-4328-9c2d-464dc0e70927","ts":"2026-09-28T19:06:41.932+02:00","eventName":"n8n.node.finished","message":"n8n.node.finished","payload":{"workflowId":"l5OL7xp4lTsRVx3O","workflowName":"INQABA-02-PROJECTS-FEED","executionId":"75","nodeType":"n8n-nodes-base.postgres","nodeName":"Execute a SQL query","nodeId":"5bd250fb-b39c-4d83-8ca9-83d9d26769de"}}
{"__type":"$$EventMessageConfirm","confirm":"ea2fe607-bf3d-4328-9c2d-464dc0e70927","ts":"2026-09-28T19:06:41.932+02:00","source":{"id":"0","name":"eventBus"}}
{"__type":"$$EventMessageWorkflow","id":"e531d86f-1371-44f5-b2c5-06ba3210e8ff","ts":"2026-09-28T19:06:41.934+02:00","eventName":"n8n.workflow.failed","message":"n8n.workflow.failed","payload":{"userId":"378bb555-d142-4f98-8092-6db334bc679d","executionId":"75","success":false,"isManual":true,"mode":"manual","workflowId":"l5OL7xp4lTsRVx3O","workflowName":"INQABA-02-PROJECTS-FEED","projectId":"PBlSUiAMQl3O96o8","projectName":"Andrew  Mthethwa <develomentorg11@gmail.com>","lastNodeExecuted":"Execute a SQL query","errorNodeType":"n8n-nodes-base.postgres","errorMessage":"Syntax error at line 1 near \"{\""}}
{"__type":"$$EventMessageConfirm","confirm":"e531d86f-1371-44f5-b2c5-06ba3210e8ff","ts":"2026-09-28T19:06:41.934+02:00","source":{"id":"0","name":"eventBus"}}
{"__type":"$$EventMessageAudit","id":"e167a68a-ef9b-478f-aca1-e05177c37db0","ts":"2026-09-28T19:06:45.727+02:00","eventName":"n8n.audit.workflow.executed","message":"n8n.audit.workflow.executed","payload":{"workflowId":"l5OL7xp4lTsRVx3O","workflowName":"INQABA-02-PROJECTS-FEED","executionId":"76","projectId":"PBlSUiAMQl3O96o8","projectName":"Andrew  Mthethwa <develomentorg11@gmail.com>","source":"webhook"}}
{"__type":"$$EventMessageConfirm","confirm":"e167a68a-ef9b-478f-aca1-e05177c37db0","ts":"2026-09-28T19:06:45.727+02:00","source":{"id":"0","name":"eventBus"}}
{"__type":"$$EventMessageWorkflow","id":"7e82ee57-b905-44f8-97f9-4f6ecf5e4d2d","ts":"2026-09-28T19:06:45.727+02:00","eventName":"n8n.workflow.started","message":"n8n.workflow.started","payload":{"executionId":"76","workflowId":"l5OL7xp4lTsRVx3O","isManual":false,"mode":"webhook","workflowName":"INQABA-02-PROJECTS-FEED","projectId":"PBlSUiAMQl3O96o8","projectName":"Andrew  Mthethwa <develomentorg11@gmail.com>"}}
{"__type":"$$EventMessageConfirm","confirm":"7e82ee57-b905-44f8-97f9-4f6ecf5e4d2d","ts":"2026-09-28T19:06:45.727+02:00","source":{"id":"0","name":"eventBus"}}
{"__type":"$$EventMessageNode","id":"8f1246c8-7c53-4309-93f8-6711eea16054","ts":"2026-09-28T19:06:45.728+02:00","eventName":"n8n.node.started","message":"n8n.node.started","payload":{"workflowId":"l5OL7xp4lTsRVx3O","workflowName":"INQABA-02-PROJECTS-FEED","executionId":"76","nodeType":"n8n-nodes-base.webhook","nodeName":"Webhook","nodeId":"4d0344b7-c53b-462c-9a5e-a119dcc037d9"}}
{"__type":"$$EventMessageConfirm","confirm":"8f1246c8-7c53-4309-93f8-6711eea16054","ts":"2026-09-28T19:06:45.728+02:00","source":{"id":"0","name":"eventBus"}}
{"__type":"$$EventMessageNode","id":"426a8849-08f4-423f-a5f1-e84e24a79966","ts":"2026-09-28T19:06:45.728+02:00","eventName":"n8n.node.finished","message":"n8n.node.finished","payload":{"workflowId":"l5OL7xp4lTsRVx3O","workflowName":"INQABA-02-PROJECTS-FEED","executionId":"76","nodeType":"n8n-nodes-base.webhook","nodeName":"Webhook","nodeId":"4d0344b7-c53b-462c-9a5e-a119dcc037d9"}}
{"__type":"$$EventMessageConfirm","confirm":"426a8849-08f4-423f-a5f1-e84e24a79966","ts":"2026-09-28T19:06:45.728+02:00","source":{"id":"0","name":"eventBus"}}
{"__type":"$$EventMessageWorkflow","id":"0d137c11-543f-40c6-b8b2-d73d64189b4b","ts":"2026-09-28T19:06:45.728+02:00","eventName":"n8n.workflow.failed","message":"n8n.workflow.failed","payload":{"executionId":"76","success":false,"isManual":false,"mode":"webhook","workflowId":"l5OL7xp4lTsRVx3O","workflowName":"INQABA-02-PROJECTS-FEED","projectId":"PBlSUiAMQl3O96o8","projectName":"Andrew  Mthethwa <develomentorg11@gmail.com>","lastNodeExecuted":"Webhook","errorMessage":"No Respond to Webhook node found in the workflow"}}
{"__type":"$$EventMessageConfirm","confirm":"0d137c11-543f-40c6-b8b2-d73d64189b4b","ts":"2026-09-28T19:06:45.728+02:00","source":{"id":"0","name":"eventBus"}}
{"__type":"$$EventMessageAudit","id":"c05dfc3a-0e50-4e67-9ed5-8bf733ede80a","ts":"2026-09-28T21:21:44.942+02:00","eventName":"n8n.audit.workflow.executed","message":"n8n.audit.workflow.executed","payload":{"workflowId":"l5OL7xp4lTsRVx3O","workflowName":"INQABA-02-PROJECTS-FEED","executionId":"77","projectId":"PBlSUiAMQl3O96o8","projectName":"Andrew  Mthethwa <develomentorg11@gmail.com>","source":"webhook"}}
{"__type":"$$EventMessageConfirm","confirm":"c05dfc3a-0e50-4e67-9ed5-8bf733ede80a","ts":"2026-09-28T21:21:44.942+02:00","source":{"id":"0","name":"eventBus"}}
{"__type":"$$EventMessageWorkflow","id":"71301c8d-8593-452d-a1ee-2d308e8baf24","ts":"2026-09-28T21:21:44.942+02:00","eventName":"n8n.workflow.started","message":"n8n.workflow.started","payload":{"executionId":"77","workflowId":"l5OL7xp4lTsRVx3O","isManual":false,"mode":"webhook","workflowName":"INQABA-02-PROJECTS-FEED","projectId":"PBlSUiAMQl3O96o8","projectName":"Andrew  Mthethwa <develomentorg11@gmail.com>"}}
{"__type":"$$EventMessageConfirm","confirm":"71301c8d-8593-452d-a1ee-2d308e8baf24","ts":"2026-09-28T21:21:44.942+02:00","source":{"id":"0","name":"eventBus"}}
{"__type":"$$EventMessageNode","id":"a635d0c1-2797-480b-9262-8f0a695eead1","ts":"2026-09-28T21:21:44.942+02:00","eventName":"n8n.node.started","message":"n8n.node.started","payload":{"workflowId":"l5OL7xp4lTsRVx3O","workflowName":"INQABA-02-PROJECTS-FEED","executionId":"77","nodeType":"n8n-nodes-base.webhook","nodeName":"Webhook","nodeId":"4d0344b7-c53b-462c-9a5e-a119dcc037d9"}}
{"__type":"$$EventMessageConfirm","confirm":"a635d0c1-2797-480b-9262-8f0a695eead1","ts":"2026-09-28T21:21:44.942+02:00","source":{"id":"0","name":"eventBus"}}
{"__type":"$$EventMessageNode","id":"e7bf7fa7-4607-43ac-af97-a0394aa66ee4","ts":"2026-09-28T21:21:44.943+02:00","eventName":"n8n.node.finished","message":"n8n.node.finished","payload":{"workflowId":"l5OL7xp4lTsRVx3O","workflowName":"INQABA-02-PROJECTS-FEED","executionId":"77","nodeType":"n8n-nodes-base.webhook","nodeName":"Webhook","nodeId":"4d0344b7-c53b-462c-9a5e-a119dcc037d9"}}
{"__type":"$$EventMessageConfirm","confirm":"e7bf7fa7-4607-43ac-af97-a0394aa66ee4","ts":"2026-09-28T21:21:44.943+02:00","source":{"id":"0","name":"eventBus"}}
{"__type":"$$EventMessageWorkflow","id":"3322798f-c8f5-46cb-a9e5-d1819b26e959","ts":"2026-09-28T21:21:44.943+02:00","eventName":"n8n.workflow.failed","message":"n8n.workflow.failed","payload":{"executionId":"77","success":false,"isManual":false,"mode":"webhook","workflowId":"l5OL7xp4lTsRVx3O","workflowName":"INQABA-02-PROJECTS-FEED","projectId":"PBlSUiAMQl3O96o8","projectName":"Andrew  Mthethwa <develomentorg11@gmail.com>","lastNodeExecuted":"Webhook","errorMessage":"No Respond to Webhook node found in the workflow"}}
{"__type":"$$EventMessageConfirm","confirm":"3322798f-c8f5-46cb-a9e5-d1819b26e959","ts":"2026-09-28T21:21:44.943+02:00","source":{"id":"0","name":"eventBus"}}
{"__type":"$$EventMessageAudit","id":"32131fa4-2776-4578-9274-ed8350db45f1","ts":"2026-09-28T21:21:45.593+02:00","eventName":"n8n.audit.workflow.executed","message":"n8n.audit.workflow.executed","payload":{"workflowId":"l5OL7xp4lTsRVx3O","workflowName":"INQABA-02-PROJECTS-FEED","executionId":"78","projectId":"PBlSUiAMQl3O96o8","projectName":"Andrew  Mthethwa <develomentorg11@gmail.com>","source":"webhook"}}
{"__type":"$$EventMessageConfirm","confirm":"32131fa4-2776-4578-9274-ed8350db45f1","ts":"2026-09-28T21:21:45.593+02:00","source":{"id":"0","name":"eventBus"}}
{"__type":"$$EventMessageWorkflow","id":"6683c2c9-dfa7-44cd-a24e-6945ad3b21d3","ts":"2026-09-28T21:21:45.593+02:00","eventName":"n8n.workflow.started","message":"n8n.workflow.started","payload":{"executionId":"78","workflowId":"l5OL7xp4lTsRVx3O","isManual":false,"mode":"webhook","workflowName":"INQABA-02-PROJECTS-FEED","projectId":"PBlSUiAMQl3O96o8","projectName":"Andrew  Mthethwa <develomentorg11@gmail.com>"}}
{"__type":"$$EventMessageConfirm","confirm":"6683c2c9-dfa7-44cd-a24e-6945ad3b21d3","ts":"2026-09-28T21:21:45.593+02:00","source":{"id":"0","name":"eventBus"}}
{"__type":"$$EventMessageNode","id":"a07d2394-f40e-418e-9760-646a6ff0b2dc","ts":"2026-09-28T21:21:45.594+02:00","eventName":"n8n.node.started","message":"n8n.node.started","payload":{"workflowId":"l5OL7xp4lTsRVx3O","workflowName":"INQABA-02-PROJECTS-FEED","executionId":"78","nodeType":"n8n-nodes-base.webhook","nodeName":"Webhook","nodeId":"4d0344b7-c53b-462c-9a5e-a119dcc037d9"}}
{"__type":"$$EventMessageConfirm","confirm":"a07d2394-f40e-418e-9760-646a6ff0b2dc","ts":"2026-09-28T21:21:45.594+02:00","source":{"id":"0","name":"eventBus"}}
{"__type":"$$EventMessageNode","id":"9357694a-3691-40dd-b5b3-0828f27e47c3","ts":"2026-09-28T21:21:45.594+02:00","eventName":"n8n.node.finished","message":"n8n.node.finished","payload":{"workflowId":"l5OL7xp4lTsRVx3O","workflowName":"INQABA-02-PROJECTS-FEED","executionId":"78","nodeType":"n8n-nodes-base.webhook","nodeName":"Webhook","nodeId":"4d0344b7-c53b-462c-9a5e-a119dcc037d9"}}
{"__type":"$$EventMessageConfirm","confirm":"9357694a-3691-40dd-b5b3-0828f27e47c3","ts":"2026-09-28T21:21:45.594+02:00","source":{"id":"0","name":"eventBus"}}
{"__type":"$$EventMessageWorkflow","id":"c36ff31d-9f11-49f6-8295-6368f5a33923","ts":"2026-09-28T21:21:45.594+02:00","eventName":"n8n.workflow.failed","message":"n8n.workflow.failed","payload":{"executionId":"78","success":false,"isManual":false,"mode":"webhook","workflowId":"l5OL7xp4lTsRVx3O","workflowName":"INQABA-02-PROJECTS-FEED","projectId":"PBlSUiAMQl3O96o8","projectName":"Andrew  Mthethwa <develomentorg11@gmail.com>","lastNodeExecuted":"Webhook","errorMessage":"No Respond to Webhook node found in the workflow"}}
{"__type":"$$EventMessageConfirm","confirm":"c36ff31d-9f11-49f6-8295-6368f5a33923","ts":"2026-09-28T21:21:45.594+02:00","source":{"id":"0","name":"eventBus"}}
{"__type":"$$EventMessageAudit","id":"d396a8ad-748f-42f3-a15d-738292f94034","ts":"2026-09-28T21:21:45.859+02:00","eventName":"n8n.audit.workflow.executed","message":"n8n.audit.workflow.executed","payload":{"workflowId":"l5OL7xp4lTsRVx3O","workflowName":"INQABA-02-PROJECTS-FEED","executionId":"79","projectId":"PBlSUiAMQl3O96o8","projectName":"Andrew  Mthethwa <develomentorg11@gmail.com>","source":"webhook"}}
{"__type":"$$EventMessageConfirm","confirm":"d396a8ad-748f-42f3-a15d-738292f94034","ts":"2026-09-28T21:21:45.859+02:00","source":{"id":"0","name":"eventBus"}}
{"__type":"$$EventMessageWorkflow","id":"a5636c03-de45-4c26-9f5a-d96e71efd33a","ts":"2026-09-28T21:21:45.859+02:00","eventName":"n8n.workflow.started","message":"n8n.workflow.started","payload":{"executionId":"79","workflowId":"l5OL7xp4lTsRVx3O","isManual":false,"mode":"webhook","workflowName":"INQABA-02-PROJECTS-FEED","projectId":"PBlSUiAMQl3O96o8","projectName":"Andrew  Mthethwa <develomentorg11@gmail.com>"}}
{"__type":"$$EventMessageConfirm","confirm":"a5636c03-de45-4c26-9f5a-d96e71efd33a","ts":"2026-09-28T21:21:45.859+02:00","source":{"id":"0","name":"eventBus"}}
{"__type":"$$EventMessageNode","id":"27143a10-8390-46da-bc07-9399baf4b02e","ts":"2026-09-28T21:21:45.860+02:00","eventName":"n8n.node.started","message":"n8n.node.started","payload":{"workflowId":"l5OL7xp4lTsRVx3O","workflowName":"INQABA-02-PROJECTS-FEED","executionId":"79","nodeType":"n8n-nodes-base.webhook","nodeName":"Webhook","nodeId":"4d0344b7-c53b-462c-9a5e-a119dcc037d9"}}
{"__type":"$$EventMessageConfirm","confirm":"27143a10-8390-46da-bc07-9399baf4b02e","ts":"2026-09-28T21:21:45.860+02:00","source":{"id":"0","name":"eventBus"}}
{"__type":"$$EventMessageNode","id":"5abd53fb-9888-4678-a630-16f7fc51667d","ts":"2026-09-28T21:21:45.860+02:00","eventName":"n8n.node.finished","message":"n8n.node.finished","payload":{"workflowId":"l5OL7xp4lTsRVx3O","workflowName":"INQABA-02-PROJECTS-FEED","executionId":"79","nodeType":"n8n-nodes-base.webhook","nodeName":"Webhook","nodeId":"4d0344b7-c53b-462c-9a5e-a119dcc037d9"}}
{"__type":"$$EventMessageConfirm","confirm":"5abd53fb-9888-4678-a630-16f7fc51667d","ts":"2026-09-28T21:21:45.860+02:00","source":{"id":"0","name":"eventBus"}}
{"__type":"$$EventMessageWorkflow","id":"ffaa4b40-a15d-4fea-a617-b8b7c1655d10","ts":"2026-09-28T21:21:45.860+02:00","eventName":"n8n.workflow.failed","message":"n8n.workflow.failed","payload":{"executionId":"79","success":false,"isManual":false,"mode":"webhook","workflowId":"l5OL7xp4lTsRVx3O","workflowName":"INQABA-02-PROJECTS-FEED","projectId":"PBlSUiAMQl3O96o8","projectName":"Andrew  Mthethwa <develomentorg11@gmail.com>","lastNodeExecuted":"Webhook","errorMessage":"No Respond to Webhook node found in the workflow"}}
{"__type":"$$EventMessageConfirm","confirm":"ffaa4b40-a15d-4fea-a617-b8b7c1655d10","ts":"2026-09-28T21:21:45.860+02:00","source":{"id":"0","name":"eventBus"}}
{"__type":"$$EventMessageAudit","id":"a334519a-95e1-47af-811f-1c8b1fbc6036","ts":"2026-09-28T21:21:46.232+02:00","eventName":"n8n.audit.workflow.executed","message":"n8n.audit.workflow.executed","payload":{"workflowId":"l5OL7xp4lTsRVx3O","workflowName":"INQABA-02-PROJECTS-FEED","executionId":"80","projectId":"PBlSUiAMQl3O96o8","projectName":"Andrew  Mthethwa <develomentorg11@gmail.com>","source":"webhook"}}
{"__type":"$$EventMessageConfirm","confirm":"a334519a-95e1-47af-811f-1c8b1fbc6036","ts":"2026-09-28T21:21:46.232+02:00","source":{"id":"0","name":"eventBus"}}
{"__type":"$$EventMessageWorkflow","id":"e3eadde1-2058-4f81-9668-416933117723","ts":"2026-09-28T21:21:46.232+02:00","eventName":"n8n.workflow.started","message":"n8n.workflow.started","payload":{"executionId":"80","workflowId":"l5OL7xp4lTsRVx3O","isManual":false,"mode":"webhook","workflowName":"INQABA-02-PROJECTS-FEED","projectId":"PBlSUiAMQl3O96o8","projectName":"Andrew  Mthethwa <develomentorg11@gmail.com>"}}
{"__type":"$$EventMessageConfirm","confirm":"e3eadde1-2058-4f81-9668-416933117723","ts":"2026-09-28T21:21:46.232+02:00","source":{"id":"0","name":"eventBus"}}
{"__type":"$$EventMessageNode","id":"50666533-3697-4787-9019-13ef6899ac22","ts":"2026-09-28T21:21:46.232+02:00","eventName":"n8n.node.started","message":"n8n.node.started","payload":{"workflowId":"l5OL7xp4lTsRVx3O","workflowName":"INQABA-02-PROJECTS-FEED","executionId":"80","nodeType":"n8n-nodes-base.webhook","nodeName":"Webhook","nodeId":"4d0344b7-c53b-462c-9a5e-a119dcc037d9"}}
{"__type":"$$EventMessageConfirm","confirm":"50666533-3697-4787-9019-13ef6899ac22","ts":"2026-09-28T21:21:46.232+02:00","source":{"id":"0","name":"eventBus"}}
{"__type":"$$EventMessageNode","id":"b94a294f-8dbf-4d10-8cf2-b17009e311cb","ts":"2026-09-28T21:21:46.232+02:00","eventName":"n8n.node.finished","message":"n8n.node.finished","payload":{"workflowId":"l5OL7xp4lTsRVx3O","workflowName":"INQABA-02-PROJECTS-FEED","executionId":"80","nodeType":"n8n-nodes-base.webhook","nodeName":"Webhook","nodeId":"4d0344b7-c53b-462c-9a5e-a119dcc037d9"}}
{"__type":"$$EventMessageConfirm","confirm":"b94a294f-8dbf-4d10-8cf2-b17009e311cb","ts":"2026-09-28T21:21:46.232+02:00","source":{"id":"0","name":"eventBus"}}
{"__type":"$$EventMessageWorkflow","id":"569be375-f834-4be0-8e3b-d92aa978844f","ts":"2026-09-28T21:21:46.233+02:00","eventName":"n8n.workflow.failed","message":"n8n.workflow.failed","payload":{"executionId":"80","success":false,"isManual":false,"mode":"webhook","workflowId":"l5OL7xp4lTsRVx3O","workflowName":"INQABA-02-PROJECTS-FEED","projectId":"PBlSUiAMQl3O96o8","projectName":"Andrew  Mthethwa <develomentorg11@gmail.com>","lastNodeExecuted":"Webhook","errorMessage":"No Respond to Webhook node found in the workflow"}}
{"__type":"$$EventMessageConfirm","confirm":"569be375-f834-4be0-8e3b-d92aa978844f","ts":"2026-09-28T21:21:46.233+02:00","source":{"id":"0","name":"eventBus"}}
{"__type":"$$EventMessageAudit","id":"c26a77b4-1e1a-4754-b04c-a3808aa918fe","ts":"2026-09-28T21:22:44.908+02:00","eventName":"n8n.audit.workflow.executed","message":"n8n.audit.workflow.executed","payload":{"workflowId":"l5OL7xp4lTsRVx3O","workflowName":"INQABA-02-PROJECTS-FEED","executionId":"81","projectId":"PBlSUiAMQl3O96o8","projectName":"Andrew  Mthethwa <develomentorg11@gmail.com>","source":"webhook"}}
{"__type":"$$EventMessageConfirm","confirm":"c26a77b4-1e1a-4754-b04c-a3808aa918fe","ts":"2026-09-28T21:22:44.908+02:00","source":{"id":"0","name":"eventBus"}}
{"__type":"$$EventMessageWorkflow","id":"787303d0-f572-4978-85a2-e85e75336ab3","ts":"2026-09-28T21:22:44.908+02:00","eventName":"n8n.workflow.started","message":"n8n.workflow.started","payload":{"executionId":"81","workflowId":"l5OL7xp4lTsRVx3O","isManual":false,"mode":"webhook","workflowName":"INQABA-02-PROJECTS-FEED","projectId":"PBlSUiAMQl3O96o8","projectName":"Andrew  Mthethwa <develomentorg11@gmail.com>"}}
{"__type":"$$EventMessageConfirm","confirm":"787303d0-f572-4978-85a2-e85e75336ab3","ts":"2026-09-28T21:22:44.908+02:00","source":{"id":"0","name":"eventBus"}}
{"__type":"$$EventMessageNode","id":"8c7cb99e-21c9-48d2-962d-7fad301d8aff","ts":"2026-09-28T21:22:44.908+02:00","eventName":"n8n.node.started","message":"n8n.node.started","payload":{"workflowId":"l5OL7xp4lTsRVx3O","workflowName":"INQABA-02-PROJECTS-FEED","executionId":"81","nodeType":"n8n-nodes-base.webhook","nodeName":"Webhook","nodeId":"4d0344b7-c53b-462c-9a5e-a119dcc037d9"}}
{"__type":"$$EventMessageConfirm","confirm":"8c7cb99e-21c9-48d2-962d-7fad301d8aff","ts":"2026-09-28T21:22:44.908+02:00","source":{"id":"0","name":"eventBus"}}
{"__type":"$$EventMessageNode","id":"9ac12812-ea24-4fe1-8cef-bae39d634746","ts":"2026-09-28T21:22:44.909+02:00","eventName":"n8n.node.finished","message":"n8n.node.finished","payload":{"workflowId":"l5OL7xp4lTsRVx3O","workflowName":"INQABA-02-PROJECTS-FEED","executionId":"81","nodeType":"n8n-nodes-base.webhook","nodeName":"Webhook","nodeId":"4d0344b7-c53b-462c-9a5e-a119dcc037d9"}}
{"__type":"$$EventMessageConfirm","confirm":"9ac12812-ea24-4fe1-8cef-bae39d634746","ts":"2026-09-28T21:22:44.909+02:00","source":{"id":"0","name":"eventBus"}}
{"__type":"$$EventMessageWorkflow","id":"946819de-0d6f-43cb-bf1f-ad96dcffc376","ts":"2026-09-28T21:22:44.909+02:00","eventName":"n8n.workflow.failed","message":"n8n.workflow.failed","payload":{"executionId":"81","success":false,"isManual":false,"mode":"webhook","workflowId":"l5OL7xp4lTsRVx3O","workflowName":"INQABA-02-PROJECTS-FEED","projectId":"PBlSUiAMQl3O96o8","projectName":"Andrew  Mthethwa <develomentorg11@gmail.com>","lastNodeExecuted":"Webhook","errorMessage":"No Respond to Webhook node found in the workflow"}}
{"__type":"$$EventMessageConfirm","confirm":"946819de-0d6f-43cb-bf1f-ad96dcffc376","ts":"2026-09-28T21:22:44.909+02:00","source":{"id":"0","name":"eventBus"}}
{"__type":"$$EventMessageAudit","id":"9a4dd20b-d6fb-40d0-a567-4823bec084df","ts":"2026-09-28T21:22:47.601+02:00","eventName":"n8n.audit.workflow.executed","message":"n8n.audit.workflow.executed","payload":{"workflowId":"l5OL7xp4lTsRVx3O","workflowName":"INQABA-02-PROJECTS-FEED","executionId":"82","projectId":"PBlSUiAMQl3O96o8","projectName":"Andrew  Mthethwa <develomentorg11@gmail.com>","source":"webhook"}}
{"__type":"$$EventMessageConfirm","confirm":"9a4dd20b-d6fb-40d0-a567-4823bec084df","ts":"2026-09-28T21:22:47.601+02:00","source":{"id":"0","name":"eventBus"}}
{"__type":"$$EventMessageWorkflow","id":"ca14e668-5a30-4ad6-bd63-7bdc3cafed9a","ts":"2026-09-28T21:22:47.601+02:00","eventName":"n8n.workflow.started","message":"n8n.workflow.started","payload":{"executionId":"82","workflowId":"l5OL7xp4lTsRVx3O","isManual":false,"mode":"webhook","workflowName":"INQABA-02-PROJECTS-FEED","projectId":"PBlSUiAMQl3O96o8","projectName":"Andrew  Mthethwa <develomentorg11@gmail.com>"}}
{"__type":"$$EventMessageConfirm","confirm":"ca14e668-5a30-4ad6-bd63-7bdc3cafed9a","ts":"2026-09-28T21:22:47.601+02:00","source":{"id":"0","name":"eventBus"}}
{"__type":"$$EventMessageNode","id":"445961ec-9b30-49e5-b044-16e8c2d60ed8","ts":"2026-09-28T21:22:47.601+02:00","eventName":"n8n.node.started","message":"n8n.node.started","payload":{"workflowId":"l5OL7xp4lTsRVx3O","workflowName":"INQABA-02-PROJECTS-FEED","executionId":"82","nodeType":"n8n-nodes-base.webhook","nodeName":"Webhook","nodeId":"4d0344b7-c53b-462c-9a5e-a119dcc037d9"}}
{"__type":"$$EventMessageConfirm","confirm":"445961ec-9b30-49e5-b044-16e8c2d60ed8","ts":"2026-09-28T21:22:47.601+02:00","source":{"id":"0","name":"eventBus"}}
{"__type":"$$EventMessageNode","id":"f26831ef-2057-4812-956d-fa067a742462","ts":"2026-09-28T21:22:47.601+02:00","eventName":"n8n.node.finished","message":"n8n.node.finished","payload":{"workflowId":"l5OL7xp4lTsRVx3O","workflowName":"INQABA-02-PROJECTS-FEED","executionId":"82","nodeType":"n8n-nodes-base.webhook","nodeName":"Webhook","nodeId":"4d0344b7-c53b-462c-9a5e-a119dcc037d9"}}
{"__type":"$$EventMessageConfirm","confirm":"f26831ef-2057-4812-956d-fa067a742462","ts":"2026-09-28T21:22:47.601+02:00","source":{"id":"0","name":"eventBus"}}
{"__type":"$$EventMessageWorkflow","id":"32388f38-fbd1-4c09-ad99-1bb14d3fb8f8","ts":"2026-09-28T21:22:47.601+02:00","eventName":"n8n.workflow.failed","message":"n8n.workflow.failed","payload":{"executionId":"82","success":false,"isManual":false,"mode":"webhook","workflowId":"l5OL7xp4lTsRVx3O","workflowName":"INQABA-02-PROJECTS-FEED","projectId":"PBlSUiAMQl3O96o8","projectName":"Andrew  Mthethwa <develomentorg11@gmail.com>","lastNodeExecuted":"Webhook","errorMessage":"No Respond to Webhook node found in the workflow"}}
{"__type":"$$EventMessageConfirm","confirm":"32388f38-fbd1-4c09-ad99-1bb14d3fb8f8","ts":"2026-09-28T21:22:47.601+02:00","source":{"id":"0","name":"eventBus"}}
{"__type":"$$EventMessageAudit","id":"36a02c9b-97d6-43ee-a7a0-cbd3684bb194","ts":"2026-09-28T21:23:02.170+02:00","eventName":"n8n.audit.workflow.executed","message":"n8n.audit.workflow.executed","payload":{"workflowId":"l5OL7xp4lTsRVx3O","workflowName":"INQABA-02-PROJECTS-FEED","executionId":"83","projectId":"PBlSUiAMQl3O96o8","projectName":"Andrew  Mthethwa <develomentorg11@gmail.com>","source":"webhook"}}
{"__type":"$$EventMessageConfirm","confirm":"36a02c9b-97d6-43ee-a7a0-cbd3684bb194","ts":"2026-09-28T21:23:02.170+02:00","source":{"id":"0","name":"eventBus"}}
{"__type":"$$EventMessageWorkflow","id":"ea990d59-00bd-4151-b31b-6ac942226b9b","ts":"2026-09-28T21:23:02.170+02:00","eventName":"n8n.workflow.started","message":"n8n.workflow.started","payload":{"executionId":"83","workflowId":"l5OL7xp4lTsRVx3O","isManual":false,"mode":"webhook","workflowName":"INQABA-02-PROJECTS-FEED","projectId":"PBlSUiAMQl3O96o8","projectName":"Andrew  Mthethwa <develomentorg11@gmail.com>"}}
{"__type":"$$EventMessageConfirm","confirm":"ea990d59-00bd-4151-b31b-6ac942226b9b","ts":"2026-09-28T21:23:02.170+02:00","source":{"id":"0","name":"eventBus"}}
{"__type":"$$EventMessageNode","id":"37fdb121-ae6b-419f-aaf6-7a52f7162703","ts":"2026-09-28T21:23:02.170+02:00","eventName":"n8n.node.started","message":"n8n.node.started","payload":{"workflowId":"l5OL7xp4lTsRVx3O","workflowName":"INQABA-02-PROJECTS-FEED","executionId":"83","nodeType":"n8n-nodes-base.webhook","nodeName":"Webhook","nodeId":"4d0344b7-c53b-462c-9a5e-a119dcc037d9"}}
{"__type":"$$EventMessageConfirm","confirm":"37fdb121-ae6b-419f-aaf6-7a52f7162703","ts":"2026-09-28T21:23:02.170+02:00","source":{"id":"0","name":"eventBus"}}
{"__type":"$$EventMessageNode","id":"7cc714e6-1c45-4922-bf6f-bc3ac457b7cd","ts":"2026-09-28T21:23:02.171+02:00","eventName":"n8n.node.finished","message":"n8n.node.finished","payload":{"workflowId":"l5OL7xp4lTsRVx3O","workflowName":"INQABA-02-PROJECTS-FEED","executionId":"83","nodeType":"n8n-nodes-base.webhook","nodeName":"Webhook","nodeId":"4d0344b7-c53b-462c-9a5e-a119dcc037d9"}}
{"__type":"$$EventMessageConfirm","confirm":"7cc714e6-1c45-4922-bf6f-bc3ac457b7cd","ts":"2026-09-28T21:23:02.171+02:00","source":{"id":"0","name":"eventBus"}}
{"__type":"$$EventMessageWorkflow","id":"5360a28c-6c34-48b7-b7e0-6b77fdb72a1c","ts":"2026-09-28T21:23:02.171+02:00","eventName":"n8n.workflow.failed","message":"n8n.workflow.failed","payload":{"executionId":"83","success":false,"isManual":false,"mode":"webhook","workflowId":"l5OL7xp4lTsRVx3O","workflowName":"INQABA-02-PROJECTS-FEED","projectId":"PBlSUiAMQl3O96o8","projectName":"Andrew  Mthethwa <develomentorg11@gmail.com>","lastNodeExecuted":"Webhook","errorMessage":"No Respond to Webhook node found in the workflow"}}
{"__type":"$$EventMessageConfirm","confirm":"5360a28c-6c34-48b7-b7e0-6b77fdb72a1c","ts":"2026-09-28T21:23:02.171+02:00","source":{"id":"0","name":"eventBus"}}
{"__type":"$$EventMessageAudit","id":"98f3b018-2ded-46c8-bcc3-345a3428bbaa","ts":"2026-09-28T21:25:08.658+02:00","eventName":"n8n.audit.workflow.executed","message":"n8n.audit.workflow.executed","payload":{"workflowId":"l5OL7xp4lTsRVx3O","workflowName":"INQABA-02-PROJECTS-FEED","executionId":"84","projectId":"PBlSUiAMQl3O96o8","projectName":"Andrew  Mthethwa <develomentorg11@gmail.com>","source":"webhook"}}
{"__type":"$$EventMessageConfirm","confirm":"98f3b018-2ded-46c8-bcc3-345a3428bbaa","ts":"2026-09-28T21:25:08.658+02:00","source":{"id":"0","name":"eventBus"}}
{"__type":"$$EventMessageWorkflow","id":"441cdb71-7692-40e3-b867-0e03a2fff0b2","ts":"2026-09-28T21:25:08.658+02:00","eventName":"n8n.workflow.started","message":"n8n.workflow.started","payload":{"executionId":"84","workflowId":"l5OL7xp4lTsRVx3O","isManual":false,"mode":"webhook","workflowName":"INQABA-02-PROJECTS-FEED","projectId":"PBlSUiAMQl3O96o8","projectName":"Andrew  Mthethwa <develomentorg11@gmail.com>"}}
{"__type":"$$EventMessageConfirm","confirm":"441cdb71-7692-40e3-b867-0e03a2fff0b2","ts":"2026-09-28T21:25:08.658+02:00","source":{"id":"0","name":"eventBus"}}
{"__type":"$$EventMessageNode","id":"a80f66d5-8ac8-4c18-8b22-09df4502cb9c","ts":"2026-09-28T21:25:08.658+02:00","eventName":"n8n.node.started","message":"n8n.node.started","payload":{"workflowId":"l5OL7xp4lTsRVx3O","workflowName":"INQABA-02-PROJECTS-FEED","executionId":"84","nodeType":"n8n-nodes-base.webhook","nodeName":"Webhook","nodeId":"4d0344b7-c53b-462c-9a5e-a119dcc037d9"}}
{"__type":"$$EventMessageConfirm","confirm":"a80f66d5-8ac8-4c18-8b22-09df4502cb9c","ts":"2026-09-28T21:25:08.658+02:00","source":{"id":"0","name":"eventBus"}}
{"__type":"$$EventMessageNode","id":"bfde6032-4dea-4d02-b25d-7f8bab90c9ff","ts":"2026-09-28T21:25:08.658+02:00","eventName":"n8n.node.finished","message":"n8n.node.finished","payload":{"workflowId":"l5OL7xp4lTsRVx3O","workflowName":"INQABA-02-PROJECTS-FEED","executionId":"84","nodeType":"n8n-nodes-base.webhook","nodeName":"Webhook","nodeId":"4d0344b7-c53b-462c-9a5e-a119dcc037d9"}}
{"__type":"$$EventMessageConfirm","confirm":"bfde6032-4dea-4d02-b25d-7f8bab90c9ff","ts":"2026-09-28T21:25:08.658+02:00","source":{"id":"0","name":"eventBus"}}
{"__type":"$$EventMessageWorkflow","id":"9c1eeb7d-cad2-41bc-ba3e-1406959fea00","ts":"2026-09-28T21:25:08.658+02:00","eventName":"n8n.workflow.failed","message":"n8n.workflow.failed","payload":{"executionId":"84","success":false,"isManual":false,"mode":"webhook","workflowId":"l5OL7xp4lTsRVx3O","workflowName":"INQABA-02-PROJECTS-FEED","projectId":"PBlSUiAMQl3O96o8","projectName":"Andrew  Mthethwa <develomentorg11@gmail.com>","lastNodeExecuted":"Webhook","errorMessage":"No Respond to Webhook node found in the workflow"}}
{"__type":"$$EventMessageConfirm","confirm":"9c1eeb7d-cad2-41bc-ba3e-1406959fea00","ts":"2026-09-28T21:25:08.658+02:00","source":{"id":"0","name":"eventBus"}}
{"__type":"$$EventMessageAudit","id":"47decf11-c9a2-490e-9c36-65d6c332c785","ts":"2026-09-28T21:25:42.396+02:00","eventName":"n8n.audit.workflow.deactivated","message":"n8n.audit.workflow.deactivated","payload":{"userId":"378bb555-d142-4f98-8092-6db334bc679d","_email":"develomentorg11@gmail.com","_firstName":"Andrew ","_lastName":"Mthethwa","globalRole":"global:owner","workflowId":"l5OL7xp4lTsRVx3O","workflowName":"INQABA-02-PROJECTS-FEED","deactivatedVersionId":"cc41a587-b7e9-4476-ae7b-fe4e49f64c69"}}
{"__type":"$$EventMessageConfirm","confirm":"47decf11-c9a2-490e-9c36-65d6c332c785","ts":"2026-09-28T21:25:42.396+02:00","source":{"id":"0","name":"eventBus"}}
{"__type":"$$EventMessageAudit","id":"75a27610-a9e2-4f6c-a10b-6e620a6dcc10","ts":"2026-09-28T21:26:00.795+02:00","eventName":"n8n.audit.workflow.executed","message":"n8n.audit.workflow.executed","payload":{"userId":"378bb555-d142-4f98-8092-6db334bc679d","_email":"develomentorg11@gmail.com","_firstName":"Andrew ","_lastName":"Mthethwa","globalRole":"global:owner","workflowId":"l5OL7xp4lTsRVx3O","workflowName":"INQABA-02-PROJECTS-FEED","executionId":"85","projectId":"PBlSUiAMQl3O96o8","projectName":"Andrew  Mthethwa <develomentorg11@gmail.com>","source":"user-manual"}}
{"__type":"$$EventMessageConfirm","confirm":"75a27610-a9e2-4f6c-a10b-6e620a6dcc10","ts":"2026-09-28T21:26:00.796+02:00","source":{"id":"0","name":"eventBus"}}
{"__type":"$$EventMessageWorkflow","id":"1411321f-13a1-4918-9e3c-56ffbaf31d59","ts":"2026-09-28T21:26:00.798+02:00","eventName":"n8n.workflow.started","message":"n8n.workflow.started","payload":{"executionId":"85","workflowId":"l5OL7xp4lTsRVx3O","isManual":false,"mode":"manual","workflowName":"INQABA-02-PROJECTS-FEED","projectId":"PBlSUiAMQl3O96o8","projectName":"Andrew  Mthethwa <develomentorg11@gmail.com>"}}
{"__type":"$$EventMessageConfirm","confirm":"1411321f-13a1-4918-9e3c-56ffbaf31d59","ts":"2026-09-28T21:26:00.798+02:00","source":{"id":"0","name":"eventBus"}}
{"__type":"$$EventMessageNode","id":"c9abbdcb-9414-4359-af00-55a2f65ae0fc","ts":"2026-09-28T21:26:00.805+02:00","eventName":"n8n.node.started","message":"n8n.node.started","payload":{"workflowId":"l5OL7xp4lTsRVx3O","workflowName":"INQABA-02-PROJECTS-FEED","executionId":"85","nodeType":"n8n-nodes-base.postgres","nodeName":"Execute a SQL query","nodeId":"5bd250fb-b39c-4d83-8ca9-83d9d26769de"}}
{"__type":"$$EventMessageConfirm","confirm":"c9abbdcb-9414-4359-af00-55a2f65ae0fc","ts":"2026-09-28T21:26:00.805+02:00","source":{"id":"0","name":"eventBus"}}
{"__type":"$$EventMessageNode","id":"f6c89bab-f3f3-47bf-a90b-69ebababea1b","ts":"2026-09-28T21:26:00.819+02:00","eventName":"n8n.node.finished","message":"n8n.node.finished","payload":{"workflowId":"l5OL7xp4lTsRVx3O","workflowName":"INQABA-02-PROJECTS-FEED","executionId":"85","nodeType":"n8n-nodes-base.postgres","nodeName":"Execute a SQL query","nodeId":"5bd250fb-b39c-4d83-8ca9-83d9d26769de"}}
{"__type":"$$EventMessageConfirm","confirm":"f6c89bab-f3f3-47bf-a90b-69ebababea1b","ts":"2026-09-28T21:26:00.819+02:00","source":{"id":"0","name":"eventBus"}}
{"__type":"$$EventMessageWorkflow","id":"e151c5ad-0feb-4970-a219-0504413deaec","ts":"2026-09-28T21:26:00.820+02:00","eventName":"n8n.workflow.failed","message":"n8n.workflow.failed","payload":{"userId":"378bb555-d142-4f98-8092-6db334bc679d","executionId":"85","success":false,"isManual":true,"mode":"manual","workflowId":"l5OL7xp4lTsRVx3O","workflowName":"INQABA-02-PROJECTS-FEED","projectId":"PBlSUiAMQl3O96o8","projectName":"Andrew  Mthethwa <develomentorg11@gmail.com>","lastNodeExecuted":"Execute a SQL query","errorNodeType":"n8n-nodes-base.postgres","errorMessage":"Syntax error at line 1 near \"{\""}}
{"__type":"$$EventMessageConfirm","confirm":"e151c5ad-0feb-4970-a219-0504413deaec","ts":"2026-09-28T21:26:00.821+02:00","source":{"id":"0","name":"eventBus"}}
{"__type":"$$EventMessageAudit","id":"69d1a336-6645-41fe-91a7-73205e123535","ts":"2026-09-28T21:39:56.454+02:00","eventName":"n8n.audit.workflow.updated","message":"n8n.audit.workflow.updated","payload":{"userId":"378bb555-d142-4f98-8092-6db334bc679d","_email":"develomentorg11@gmail.com","_firstName":"Andrew ","_lastName":"Mthethwa","globalRole":"global:owner","workflowId":"l5OL7xp4lTsRVx3O","workflowName":"INQABA-02-PROJECTS-FEED"}}
{"__type":"$$EventMessageConfirm","confirm":"69d1a336-6645-41fe-91a7-73205e123535","ts":"2026-09-28T21:39:56.454+02:00","source":{"id":"0","name":"eventBus"}}
{"__type":"$$EventMessageAudit","id":"910004d2-2208-4ad2-b323-802208ac1bb7","ts":"2026-09-28T21:39:59.607+02:00","eventName":"n8n.audit.workflow.updated","message":"n8n.audit.workflow.updated","payload":{"userId":"378bb555-d142-4f98-8092-6db334bc679d","_email":"develomentorg11@gmail.com","_firstName":"Andrew ","_lastName":"Mthethwa","globalRole":"global:owner","workflowId":"l5OL7xp4lTsRVx3O","workflowName":"INQABA-02-PROJECTS-FEED"}}
{"__type":"$$EventMessageConfirm","confirm":"910004d2-2208-4ad2-b323-802208ac1bb7","ts":"2026-09-28T21:39:59.608+02:00","source":{"id":"0","name":"eventBus"}}
{"__type":"$$EventMessageAudit","id":"09f70a34-e094-4980-8e4f-bcba6b775289","ts":"2026-09-28T21:41:28.839+02:00","eventName":"n8n.audit.workflow.updated","message":"n8n.audit.workflow.updated","payload":{"userId":"378bb555-d142-4f98-8092-6db334bc679d","_email":"develomentorg11@gmail.com","_firstName":"Andrew ","_lastName":"Mthethwa","globalRole":"global:owner","workflowId":"l5OL7xp4lTsRVx3O","workflowName":"INQABA-02-PROJECTS-FEED"}}
{"__type":"$$EventMessageConfirm","confirm":"09f70a34-e094-4980-8e4f-bcba6b775289","ts":"2026-09-28T21:41:28.839+02:00","source":{"id":"0","name":"eventBus"}}
{"__type":"$$EventMessageAudit","id":"28f9e056-8169-4960-aba8-bebf9c5a0a6a","ts":"2026-09-28T21:42:01.850+02:00","eventName":"n8n.audit.workflow.updated","message":"n8n.audit.workflow.updated","payload":{"userId":"378bb555-d142-4f98-8092-6db334bc679d","_email":"develomentorg11@gmail.com","_firstName":"Andrew ","_lastName":"Mthethwa","globalRole":"global:owner","workflowId":"l5OL7xp4lTsRVx3O","workflowName":"INQABA-02-PROJECTS-FEED"}}
{"__type":"$$EventMessageConfirm","confirm":"28f9e056-8169-4960-aba8-bebf9c5a0a6a","ts":"2026-09-28T21:42:01.850+02:00","source":{"id":"0","name":"eventBus"}}
{"__type":"$$EventMessageAudit","id":"c4eca1ae-27e6-4616-81bc-710c82a49a6c","ts":"2026-09-28T21:42:04.006+02:00","eventName":"n8n.audit.workflow.updated","message":"n8n.audit.workflow.updated","payload":{"userId":"378bb555-d142-4f98-8092-6db334bc679d","_email":"develomentorg11@gmail.com","_firstName":"Andrew ","_lastName":"Mthethwa","globalRole":"global:owner","workflowId":"l5OL7xp4lTsRVx3O","workflowName":"INQABA-02-PROJECTS-FEED"}}
{"__type":"$$EventMessageConfirm","confirm":"c4eca1ae-27e6-4616-81bc-710c82a49a6c","ts":"2026-09-28T21:42:04.006+02:00","source":{"id":"0","name":"eventBus"}}
{"__type":"$$EventMessageAudit","id":"430af498-e039-4742-b3fe-67f6f28387e7","ts":"2026-09-28T21:43:07.565+02:00","eventName":"n8n.audit.workflow.updated","message":"n8n.audit.workflow.updated","payload":{"userId":"378bb555-d142-4f98-8092-6db334bc679d","_email":"develomentorg11@gmail.com","_firstName":"Andrew ","_lastName":"Mthethwa","globalRole":"global:owner","workflowId":"l5OL7xp4lTsRVx3O","workflowName":"INQABA-02-PROJECTS-FEED"}}
{"__type":"$$EventMessageConfirm","confirm":"430af498-e039-4742-b3fe-67f6f28387e7","ts":"2026-09-28T21:43:07.565+02:00","source":{"id":"0","name":"eventBus"}}
{"__type":"$$EventMessageAudit","id":"2c531436-7596-44a1-b5de-b0890e4d73bb","ts":"2026-09-28T21:43:13.787+02:00","eventName":"n8n.audit.workflow.updated","message":"n8n.audit.workflow.updated","payload":{"userId":"378bb555-d142-4f98-8092-6db334bc679d","_email":"develomentorg11@gmail.com","_firstName":"Andrew ","_lastName":"Mthethwa","globalRole":"global:owner","workflowId":"l5OL7xp4lTsRVx3O","workflowName":"INQABA-02-PROJECTS-FEED"}}
{"__type":"$$EventMessageConfirm","confirm":"2c531436-7596-44a1-b5de-b0890e4d73bb","ts":"2026-09-28T21:43:13.787+02:00","source":{"id":"0","name":"eventBus"}}
{"__type":"$$EventMessageAudit","id":"9bb60ff0-d306-4eee-ab2d-bedc13e296b9","ts":"2026-09-28T21:43:36.208+02:00","eventName":"n8n.audit.workflow.updated","message":"n8n.audit.workflow.updated","payload":{"userId":"378bb555-d142-4f98-8092-6db334bc679d","_email":"develomentorg11@gmail.com","_firstName":"Andrew ","_lastName":"Mthethwa","globalRole":"global:owner","workflowId":"l5OL7xp4lTsRVx3O","workflowName":"INQABA-02-PROJECTS-FEED"}}
{"__type":"$$EventMessageConfirm","confirm":"9bb60ff0-d306-4eee-ab2d-bedc13e296b9","ts":"2026-09-28T21:43:36.208+02:00","source":{"id":"0","name":"eventBus"}}
{"__type":"$$EventMessageAudit","id":"94a7a37c-eb2b-4266-80be-c03e892aa88e","ts":"2026-09-28T21:43:55.962+02:00","eventName":"n8n.audit.workflow.updated","message":"n8n.audit.workflow.updated","payload":{"userId":"378bb555-d142-4f98-8092-6db334bc679d","_email":"develomentorg11@gmail.com","_firstName":"Andrew ","_lastName":"Mthethwa","globalRole":"global:owner","workflowId":"l5OL7xp4lTsRVx3O","workflowName":"INQABA-02-PROJECTS-FEED"}}
{"__type":"$$EventMessageConfirm","confirm":"94a7a37c-eb2b-4266-80be-c03e892aa88e","ts":"2026-09-28T21:43:55.962+02:00","source":{"id":"0","name":"eventBus"}}
{"__type":"$$EventMessageAudit","id":"643a9aac-de76-4eb6-8dbe-3c5042c118ea","ts":"2026-09-28T21:43:58.095+02:00","eventName":"n8n.audit.workflow.updated","message":"n8n.audit.workflow.updated","payload":{"userId":"378bb555-d142-4f98-8092-6db334bc679d","_email":"develomentorg11@gmail.com","_firstName":"Andrew ","_lastName":"Mthethwa","globalRole":"global:owner","workflowId":"l5OL7xp4lTsRVx3O","workflowName":"INQABA-02-PROJECTS-FEED"}}
{"__type":"$$EventMessageConfirm","confirm":"643a9aac-de76-4eb6-8dbe-3c5042c118ea","ts":"2026-09-28T21:43:58.096+02:00","source":{"id":"0","name":"eventBus"}}
{"__type":"$$EventMessageAudit","id":"493160c9-851b-41a9-9b1f-5131a4d0e548","ts":"2026-09-28T21:44:01.468+02:00","eventName":"n8n.audit.workflow.updated","message":"n8n.audit.workflow.updated","payload":{"userId":"378bb555-d142-4f98-8092-6db334bc679d","_email":"develomentorg11@gmail.com","_firstName":"Andrew ","_lastName":"Mthethwa","globalRole":"global:owner","workflowId":"l5OL7xp4lTsRVx3O","workflowName":"INQABA-02-PROJECTS-FEED"}}
{"__type":"$$EventMessageConfirm","confirm":"493160c9-851b-41a9-9b1f-5131a4d0e548","ts":"2026-09-28T21:44:01.468+02:00","source":{"id":"0","name":"eventBus"}}
{"__type":"$$EventMessageAudit","id":"bd13cdc2-a36f-4035-a7d4-cf4e75f62a73","ts":"2026-09-28T21:44:18.579+02:00","eventName":"n8n.audit.workflow.activated","message":"n8n.audit.workflow.activated","payload":{"userId":"378bb555-d142-4f98-8092-6db334bc679d","_email":"develomentorg11@gmail.com","_firstName":"Andrew ","_lastName":"Mthethwa","globalRole":"global:owner","workflowId":"l5OL7xp4lTsRVx3O","workflowName":"INQABA-02-PROJECTS-FEED","activeVersionId":"f02daaac-fb4d-4782-a605-b1d24736f9a6"}}
{"__type":"$$EventMessageConfirm","confirm":"bd13cdc2-a36f-4035-a7d4-cf4e75f62a73","ts":"2026-09-28T21:44:18.580+02:00","source":{"id":"0","name":"eventBus"}}
{"__type":"$$EventMessageAudit","id":"0d8ca889-df62-4d69-99f7-f8406c4cfc68","ts":"2026-09-28T21:44:36.043+02:00","eventName":"n8n.audit.workflow.executed","message":"n8n.audit.workflow.executed","payload":{"workflowId":"l5OL7xp4lTsRVx3O","workflowName":"INQABA-02-PROJECTS-FEED","executionId":"86","projectId":"PBlSUiAMQl3O96o8","projectName":"Andrew  Mthethwa <develomentorg11@gmail.com>","source":"webhook"}}
{"__type":"$$EventMessageConfirm","confirm":"0d8ca889-df62-4d69-99f7-f8406c4cfc68","ts":"2026-09-28T21:44:36.043+02:00","source":{"id":"0","name":"eventBus"}}
{"__type":"$$EventMessageWorkflow","id":"d9bed084-eca1-4521-9872-38ec7df95e0e","ts":"2026-09-28T21:44:36.043+02:00","eventName":"n8n.workflow.started","message":"n8n.workflow.started","payload":{"executionId":"86","workflowId":"l5OL7xp4lTsRVx3O","isManual":false,"mode":"webhook","workflowName":"INQABA-02-PROJECTS-FEED","projectId":"PBlSUiAMQl3O96o8","projectName":"Andrew  Mthethwa <develomentorg11@gmail.com>"}}
{"__type":"$$EventMessageConfirm","confirm":"d9bed084-eca1-4521-9872-38ec7df95e0e","ts":"2026-09-28T21:44:36.043+02:00","source":{"id":"0","name":"eventBus"}}
{"__type":"$$EventMessageNode","id":"0023998f-e7bc-4a10-80af-d0e56d4ab04b","ts":"2026-09-28T21:44:36.043+02:00","eventName":"n8n.node.started","message":"n8n.node.started","payload":{"workflowId":"l5OL7xp4lTsRVx3O","workflowName":"INQABA-02-PROJECTS-FEED","executionId":"86","nodeType":"n8n-nodes-base.webhook","nodeName":"Webhook","nodeId":"4d0344b7-c53b-462c-9a5e-a119dcc037d9"}}
{"__type":"$$EventMessageConfirm","confirm":"0023998f-e7bc-4a10-80af-d0e56d4ab04b","ts":"2026-09-28T21:44:36.043+02:00","source":{"id":"0","name":"eventBus"}}
{"__type":"$$EventMessageNode","id":"6a48bb4a-72c5-4fc0-a1f4-1b38bd2dbb7a","ts":"2026-09-28T21:44:36.044+02:00","eventName":"n8n.node.finished","message":"n8n.node.finished","payload":{"workflowId":"l5OL7xp4lTsRVx3O","workflowName":"INQABA-02-PROJECTS-FEED","executionId":"86","nodeType":"n8n-nodes-base.webhook","nodeName":"Webhook","nodeId":"4d0344b7-c53b-462c-9a5e-a119dcc037d9"}}
{"__type":"$$EventMessageConfirm","confirm":"6a48bb4a-72c5-4fc0-a1f4-1b38bd2dbb7a","ts":"2026-09-28T21:44:36.044+02:00","source":{"id":"0","name":"eventBus"}}
{"__type":"$$EventMessageNode","id":"3604a367-9435-4378-b5f8-2c17c290e018","ts":"2026-09-28T21:44:36.044+02:00","eventName":"n8n.node.started","message":"n8n.node.started","payload":{"workflowId":"l5OL7xp4lTsRVx3O","workflowName":"INQABA-02-PROJECTS-FEED","executionId":"86","nodeType":"n8n-nodes-base.postgres","nodeName":"Execute a SQL query","nodeId":"5bd250fb-b39c-4d83-8ca9-83d9d26769de"}}
{"__type":"$$EventMessageConfirm","confirm":"3604a367-9435-4378-b5f8-2c17c290e018","ts":"2026-09-28T21:44:36.044+02:00","source":{"id":"0","name":"eventBus"}}
{"__type":"$$EventMessageNode","id":"2ed48a41-c4c6-4be3-8789-1580237f3bd4","ts":"2026-09-28T21:44:36.061+02:00","eventName":"n8n.node.finished","message":"n8n.node.finished","payload":{"workflowId":"l5OL7xp4lTsRVx3O","workflowName":"INQABA-02-PROJECTS-FEED","executionId":"86","nodeType":"n8n-nodes-base.postgres","nodeName":"Execute a SQL query","nodeId":"5bd250fb-b39c-4d83-8ca9-83d9d26769de"}}
{"__type":"$$EventMessageConfirm","confirm":"2ed48a41-c4c6-4be3-8789-1580237f3bd4","ts":"2026-09-28T21:44:36.061+02:00","source":{"id":"0","name":"eventBus"}}
{"__type":"$$EventMessageNode","id":"a3c54be7-0b5f-409c-b2b9-46d6b7642486","ts":"2026-09-28T21:44:36.062+02:00","eventName":"n8n.node.started","message":"n8n.node.started","payload":{"workflowId":"l5OL7xp4lTsRVx3O","workflowName":"INQABA-02-PROJECTS-FEED","executionId":"86","nodeType":"n8n-nodes-base.respondToWebhook","nodeName":"Respond to Webhook","nodeId":"9bf94db1-ce16-4752-9e78-3dd75ed52815"}}
{"__type":"$$EventMessageConfirm","confirm":"a3c54be7-0b5f-409c-b2b9-46d6b7642486","ts":"2026-09-28T21:44:36.062+02:00","source":{"id":"0","name":"eventBus"}}
{"__type":"$$EventMessageNode","id":"dd42ab1c-3b8e-42f6-9f3f-07bf671529bd","ts":"2026-09-28T21:44:36.063+02:00","eventName":"n8n.node.finished","message":"n8n.node.finished","payload":{"workflowId":"l5OL7xp4lTsRVx3O","workflowName":"INQABA-02-PROJECTS-FEED","executionId":"86","nodeType":"n8n-nodes-base.respondToWebhook","nodeName":"Respond to Webhook","nodeId":"9bf94db1-ce16-4752-9e78-3dd75ed52815"}}
{"__type":"$$EventMessageConfirm","confirm":"dd42ab1c-3b8e-42f6-9f3f-07bf671529bd","ts":"2026-09-28T21:44:36.063+02:00","source":{"id":"0","name":"eventBus"}}
{"__type":"$$EventMessageWorkflow","id":"14c41add-c26f-4e27-aa29-8760d3a1aa78","ts":"2026-09-28T21:44:36.063+02:00","eventName":"n8n.workflow.success","message":"n8n.workflow.success","payload":{"executionId":"86","success":true,"isManual":false,"mode":"webhook","workflowId":"l5OL7xp4lTsRVx3O","workflowName":"INQABA-02-PROJECTS-FEED","projectId":"PBlSUiAMQl3O96o8","projectName":"Andrew  Mthethwa <develomentorg11@gmail.com>"}}
{"__type":"$$EventMessageConfirm","confirm":"14c41add-c26f-4e27-aa29-8760d3a1aa78","ts":"2026-09-28T21:44:36.063+02:00","source":{"id":"0","name":"eventBus"}}
{"__type":"$$EventMessageAudit","id":"90e54175-a679-41e8-bc08-770412d9e7bc","ts":"2026-09-28T21:51:59.368+02:00","eventName":"n8n.audit.workflow.executed","message":"n8n.audit.workflow.executed","payload":{"workflowId":"l5OL7xp4lTsRVx3O","workflowName":"INQABA-02-PROJECTS-FEED","executionId":"87","projectId":"PBlSUiAMQl3O96o8","projectName":"Andrew  Mthethwa <develomentorg11@gmail.com>","source":"webhook"}}
{"__type":"$$EventMessageConfirm","confirm":"90e54175-a679-41e8-bc08-770412d9e7bc","ts":"2026-09-28T21:51:59.368+02:00","source":{"id":"0","name":"eventBus"}}
{"__type":"$$EventMessageWorkflow","id":"9f843bb1-bdd2-44a9-a2e0-ea806fd80106","ts":"2026-09-28T21:51:59.368+02:00","eventName":"n8n.workflow.started","message":"n8n.workflow.started","payload":{"executionId":"87","workflowId":"l5OL7xp4lTsRVx3O","isManual":false,"mode":"webhook","workflowName":"INQABA-02-PROJECTS-FEED","projectId":"PBlSUiAMQl3O96o8","projectName":"Andrew  Mthethwa <develomentorg11@gmail.com>"}}
{"__type":"$$EventMessageConfirm","confirm":"9f843bb1-bdd2-44a9-a2e0-ea806fd80106","ts":"2026-09-28T21:51:59.368+02:00","source":{"id":"0","name":"eventBus"}}
{"__type":"$$EventMessageNode","id":"1d380287-748e-45f4-b156-6b46f72d45fe","ts":"2026-09-28T21:51:59.368+02:00","eventName":"n8n.node.started","message":"n8n.node.started","payload":{"workflowId":"l5OL7xp4lTsRVx3O","workflowName":"INQABA-02-PROJECTS-FEED","executionId":"87","nodeType":"n8n-nodes-base.webhook","nodeName":"Webhook","nodeId":"4d0344b7-c53b-462c-9a5e-a119dcc037d9"}}
{"__type":"$$EventMessageConfirm","confirm":"1d380287-748e-45f4-b156-6b46f72d45fe","ts":"2026-09-28T21:51:59.368+02:00","source":{"id":"0","name":"eventBus"}}
{"__type":"$$EventMessageNode","id":"04255aeb-2527-4d94-8346-da134b55743d","ts":"2026-09-28T21:51:59.369+02:00","eventName":"n8n.node.finished","message":"n8n.node.finished","payload":{"workflowId":"l5OL7xp4lTsRVx3O","workflowName":"INQABA-02-PROJECTS-FEED","executionId":"87","nodeType":"n8n-nodes-base.webhook","nodeName":"Webhook","nodeId":"4d0344b7-c53b-462c-9a5e-a119dcc037d9"}}
{"__type":"$$EventMessageConfirm","confirm":"04255aeb-2527-4d94-8346-da134b55743d","ts":"2026-09-28T21:51:59.369+02:00","source":{"id":"0","name":"eventBus"}}
{"__type":"$$EventMessageNode","id":"083b2b5a-90b7-4618-bcf5-aeeb8b1a61ac","ts":"2026-09-28T21:51:59.369+02:00","eventName":"n8n.node.started","message":"n8n.node.started","payload":{"workflowId":"l5OL7xp4lTsRVx3O","workflowName":"INQABA-02-PROJECTS-FEED","executionId":"87","nodeType":"n8n-nodes-base.postgres","nodeName":"Execute a SQL query","nodeId":"5bd250fb-b39c-4d83-8ca9-83d9d26769de"}}
{"__type":"$$EventMessageConfirm","confirm":"083b2b5a-90b7-4618-bcf5-aeeb8b1a61ac","ts":"2026-09-28T21:51:59.369+02:00","source":{"id":"0","name":"eventBus"}}
{"__type":"$$EventMessageNode","id":"2b0d428f-4b56-4481-9e89-d4de14e0f3bd","ts":"2026-09-28T21:51:59.390+02:00","eventName":"n8n.node.finished","message":"n8n.node.finished","payload":{"workflowId":"l5OL7xp4lTsRVx3O","workflowName":"INQABA-02-PROJECTS-FEED","executionId":"87","nodeType":"n8n-nodes-base.postgres","nodeName":"Execute a SQL query","nodeId":"5bd250fb-b39c-4d83-8ca9-83d9d26769de"}}
{"__type":"$$EventMessageConfirm","confirm":"2b0d428f-4b56-4481-9e89-d4de14e0f3bd","ts":"2026-09-28T21:51:59.390+02:00","source":{"id":"0","name":"eventBus"}}
{"__type":"$$EventMessageNode","id":"bd025c23-b8de-43a7-a016-6e9225966eaf","ts":"2026-09-28T21:51:59.390+02:00","eventName":"n8n.node.started","message":"n8n.node.started","payload":{"workflowId":"l5OL7xp4lTsRVx3O","workflowName":"INQABA-02-PROJECTS-FEED","executionId":"87","nodeType":"n8n-nodes-base.respondToWebhook","nodeName":"Respond to Webhook","nodeId":"9bf94db1-ce16-4752-9e78-3dd75ed52815"}}
{"__type":"$$EventMessageConfirm","confirm":"bd025c23-b8de-43a7-a016-6e9225966eaf","ts":"2026-09-28T21:51:59.390+02:00","source":{"id":"0","name":"eventBus"}}
{"__type":"$$EventMessageNode","id":"6b55375a-b07d-4029-99c0-df8a45bcd151","ts":"2026-09-28T21:51:59.391+02:00","eventName":"n8n.node.finished","message":"n8n.node.finished","payload":{"workflowId":"l5OL7xp4lTsRVx3O","workflowName":"INQABA-02-PROJECTS-FEED","executionId":"87","nodeType":"n8n-nodes-base.respondToWebhook","nodeName":"Respond to Webhook","nodeId":"9bf94db1-ce16-4752-9e78-3dd75ed52815"}}
{"__type":"$$EventMessageConfirm","confirm":"6b55375a-b07d-4029-99c0-df8a45bcd151","ts":"2026-09-28T21:51:59.391+02:00","source":{"id":"0","name":"eventBus"}}
{"__type":"$$EventMessageWorkflow","id":"eb94154e-b55a-4c07-aab6-75bc63c1ecbc","ts":"2026-09-28T21:51:59.391+02:00","eventName":"n8n.workflow.success","message":"n8n.workflow.success","payload":{"executionId":"87","success":true,"isManual":false,"mode":"webhook","workflowId":"l5OL7xp4lTsRVx3O","workflowName":"INQABA-02-PROJECTS-FEED","projectId":"PBlSUiAMQl3O96o8","projectName":"Andrew  Mthethwa <develomentorg11@gmail.com>"}}
{"__type":"$$EventMessageConfirm","confirm":"eb94154e-b55a-4c07-aab6-75bc63c1ecbc","ts":"2026-09-28T21:51:59.391+02:00","source":{"id":"0","name":"eventBus"}}
{"__type":"$$EventMessageAudit","id":"258e1d7c-bff4-4011-adf7-51b2ee1c9738","ts":"2026-09-28T21:52:16.314+02:00","eventName":"n8n.audit.workflow.executed","message":"n8n.audit.workflow.executed","payload":{"workflowId":"l5OL7xp4lTsRVx3O","workflowName":"INQABA-02-PROJECTS-FEED","executionId":"88","projectId":"PBlSUiAMQl3O96o8","projectName":"Andrew  Mthethwa <develomentorg11@gmail.com>","source":"webhook"}}
{"__type":"$$EventMessageConfirm","confirm":"258e1d7c-bff4-4011-adf7-51b2ee1c9738","ts":"2026-09-28T21:52:16.315+02:00","source":{"id":"0","name":"eventBus"}}
{"__type":"$$EventMessageWorkflow","id":"35e93674-1c60-461c-b2cc-7e8ec79242f8","ts":"2026-09-28T21:52:16.315+02:00","eventName":"n8n.workflow.started","message":"n8n.workflow.started","payload":{"executionId":"88","workflowId":"l5OL7xp4lTsRVx3O","isManual":false,"mode":"webhook","workflowName":"INQABA-02-PROJECTS-FEED","projectId":"PBlSUiAMQl3O96o8","projectName":"Andrew  Mthethwa <develomentorg11@gmail.com>"}}
{"__type":"$$EventMessageConfirm","confirm":"35e93674-1c60-461c-b2cc-7e8ec79242f8","ts":"2026-09-28T21:52:16.315+02:00","source":{"id":"0","name":"eventBus"}}
{"__type":"$$EventMessageNode","id":"1e641e6e-e072-4116-92ba-af6f9a11d919","ts":"2026-09-28T21:52:16.315+02:00","eventName":"n8n.node.started","message":"n8n.node.started","payload":{"workflowId":"l5OL7xp4lTsRVx3O","workflowName":"INQABA-02-PROJECTS-FEED","executionId":"88","nodeType":"n8n-nodes-base.webhook","nodeName":"Webhook","nodeId":"4d0344b7-c53b-462c-9a5e-a119dcc037d9"}}
{"__type":"$$EventMessageConfirm","confirm":"1e641e6e-e072-4116-92ba-af6f9a11d919","ts":"2026-09-28T21:52:16.315+02:00","source":{"id":"0","name":"eventBus"}}
{"__type":"$$EventMessageNode","id":"4f1ac6e4-97d5-43ef-aa44-87d03056ad97","ts":"2026-09-28T21:52:16.315+02:00","eventName":"n8n.node.finished","message":"n8n.node.finished","payload":{"workflowId":"l5OL7xp4lTsRVx3O","workflowName":"INQABA-02-PROJECTS-FEED","executionId":"88","nodeType":"n8n-nodes-base.webhook","nodeName":"Webhook","nodeId":"4d0344b7-c53b-462c-9a5e-a119dcc037d9"}}
{"__type":"$$EventMessageConfirm","confirm":"4f1ac6e4-97d5-43ef-aa44-87d03056ad97","ts":"2026-09-28T21:52:16.315+02:00","source":{"id":"0","name":"eventBus"}}
{"__type":"$$EventMessageNode","id":"569b99b3-bc8d-403a-8c53-812fac3005be","ts":"2026-09-28T21:52:16.315+02:00","eventName":"n8n.node.started","message":"n8n.node.started","payload":{"workflowId":"l5OL7xp4lTsRVx3O","workflowName":"INQABA-02-PROJECTS-FEED","executionId":"88","nodeType":"n8n-nodes-base.postgres","nodeName":"Execute a SQL query","nodeId":"5bd250fb-b39c-4d83-8ca9-83d9d26769de"}}
{"__type":"$$EventMessageConfirm","confirm":"569b99b3-bc8d-403a-8c53-812fac3005be","ts":"2026-09-28T21:52:16.315+02:00","source":{"id":"0","name":"eventBus"}}
{"__type":"$$EventMessageNode","id":"1e98794b-7c98-43f2-8c8e-c2ad2dc90f3c","ts":"2026-09-28T21:52:16.333+02:00","eventName":"n8n.node.finished","message":"n8n.node.finished","payload":{"workflowId":"l5OL7xp4lTsRVx3O","workflowName":"INQABA-02-PROJECTS-FEED","executionId":"88","nodeType":"n8n-nodes-base.postgres","nodeName":"Execute a SQL query","nodeId":"5bd250fb-b39c-4d83-8ca9-83d9d26769de"}}
{"__type":"$$EventMessageConfirm","confirm":"1e98794b-7c98-43f2-8c8e-c2ad2dc90f3c","ts":"2026-09-28T21:52:16.334+02:00","source":{"id":"0","name":"eventBus"}}
{"__type":"$$EventMessageNode","id":"303dad91-d70c-4865-b3ea-00792d82917d","ts":"2026-09-28T21:52:16.334+02:00","eventName":"n8n.node.started","message":"n8n.node.started","payload":{"workflowId":"l5OL7xp4lTsRVx3O","workflowName":"INQABA-02-PROJECTS-FEED","executionId":"88","nodeType":"n8n-nodes-base.respondToWebhook","nodeName":"Respond to Webhook","nodeId":"9bf94db1-ce16-4752-9e78-3dd75ed52815"}}
{"__type":"$$EventMessageConfirm","confirm":"303dad91-d70c-4865-b3ea-00792d82917d","ts":"2026-09-28T21:52:16.334+02:00","source":{"id":"0","name":"eventBus"}}
{"__type":"$$EventMessageNode","id":"45d90e9b-9152-475c-b294-fb361a278750","ts":"2026-09-28T21:52:16.334+02:00","eventName":"n8n.node.finished","message":"n8n.node.finished","payload":{"workflowId":"l5OL7xp4lTsRVx3O","workflowName":"INQABA-02-PROJECTS-FEED","executionId":"88","nodeType":"n8n-nodes-base.respondToWebhook","nodeName":"Respond to Webhook","nodeId":"9bf94db1-ce16-4752-9e78-3dd75ed52815"}}
{"__type":"$$EventMessageConfirm","confirm":"45d90e9b-9152-475c-b294-fb361a278750","ts":"2026-09-28T21:52:16.334+02:00","source":{"id":"0","name":"eventBus"}}
{"__type":"$$EventMessageWorkflow","id":"e60ebf2a-1b88-4419-875c-4d800ddc519f","ts":"2026-09-28T21:52:16.334+02:00","eventName":"n8n.workflow.success","message":"n8n.workflow.success","payload":{"executionId":"88","success":true,"isManual":false,"mode":"webhook","workflowId":"l5OL7xp4lTsRVx3O","workflowName":"INQABA-02-PROJECTS-FEED","projectId":"PBlSUiAMQl3O96o8","projectName":"Andrew  Mthethwa <develomentorg11@gmail.com>"}}
{"__type":"$$EventMessageConfirm","confirm":"e60ebf2a-1b88-4419-875c-4d800ddc519f","ts":"2026-09-28T21:52:16.334+02:00","source":{"id":"0","name":"eventBus"}}
{"__type":"$$EventMessageAudit","id":"75a15f04-bde7-4465-bf41-fa195a23516e","ts":"2026-09-28T21:57:24.572+02:00","eventName":"n8n.audit.workflow.executed","message":"n8n.audit.workflow.executed","payload":{"workflowId":"l5OL7xp4lTsRVx3O","workflowName":"INQABA-02-PROJECTS-FEED","executionId":"89","projectId":"PBlSUiAMQl3O96o8","projectName":"Andrew  Mthethwa <develomentorg11@gmail.com>","source":"webhook"}}
{"__type":"$$EventMessageConfirm","confirm":"75a15f04-bde7-4465-bf41-fa195a23516e","ts":"2026-09-28T21:57:24.572+02:00","source":{"id":"0","name":"eventBus"}}
{"__type":"$$EventMessageWorkflow","id":"55eb748f-8282-4a2c-9eb6-68321240fb41","ts":"2026-09-28T21:57:24.572+02:00","eventName":"n8n.workflow.started","message":"n8n.workflow.started","payload":{"executionId":"89","workflowId":"l5OL7xp4lTsRVx3O","isManual":false,"mode":"webhook","workflowName":"INQABA-02-PROJECTS-FEED","projectId":"PBlSUiAMQl3O96o8","projectName":"Andrew  Mthethwa <develomentorg11@gmail.com>"}}
{"__type":"$$EventMessageConfirm","confirm":"55eb748f-8282-4a2c-9eb6-68321240fb41","ts":"2026-09-28T21:57:24.572+02:00","source":{"id":"0","name":"eventBus"}}
{"__type":"$$EventMessageNode","id":"bd16dce7-016d-41f0-a1f3-d25aabbe0e48","ts":"2026-09-28T21:57:24.572+02:00","eventName":"n8n.node.started","message":"n8n.node.started","payload":{"workflowId":"l5OL7xp4lTsRVx3O","workflowName":"INQABA-02-PROJECTS-FEED","executionId":"89","nodeType":"n8n-nodes-base.webhook","nodeName":"Webhook","nodeId":"4d0344b7-c53b-462c-9a5e-a119dcc037d9"}}
{"__type":"$$EventMessageConfirm","confirm":"bd16dce7-016d-41f0-a1f3-d25aabbe0e48","ts":"2026-09-28T21:57:24.572+02:00","source":{"id":"0","name":"eventBus"}}
{"__type":"$$EventMessageNode","id":"8fcce710-ee20-4e60-a796-c0f38da0724a","ts":"2026-09-28T21:57:24.572+02:00","eventName":"n8n.node.finished","message":"n8n.node.finished","payload":{"workflowId":"l5OL7xp4lTsRVx3O","workflowName":"INQABA-02-PROJECTS-FEED","executionId":"89","nodeType":"n8n-nodes-base.webhook","nodeName":"Webhook","nodeId":"4d0344b7-c53b-462c-9a5e-a119dcc037d9"}}
{"__type":"$$EventMessageConfirm","confirm":"8fcce710-ee20-4e60-a796-c0f38da0724a","ts":"2026-09-28T21:57:24.572+02:00","source":{"id":"0","name":"eventBus"}}
{"__type":"$$EventMessageNode","id":"1e5d8662-277b-408f-96f2-732fd5faf934","ts":"2026-09-28T21:57:24.572+02:00","eventName":"n8n.node.started","message":"n8n.node.started","payload":{"workflowId":"l5OL7xp4lTsRVx3O","workflowName":"INQABA-02-PROJECTS-FEED","executionId":"89","nodeType":"n8n-nodes-base.postgres","nodeName":"Execute a SQL query","nodeId":"5bd250fb-b39c-4d83-8ca9-83d9d26769de"}}
{"__type":"$$EventMessageConfirm","confirm":"1e5d8662-277b-408f-96f2-732fd5faf934","ts":"2026-09-28T21:57:24.572+02:00","source":{"id":"0","name":"eventBus"}}
{"__type":"$$EventMessageNode","id":"cb2eeab5-ac9d-46ce-9f36-a2b2acc7c5d1","ts":"2026-09-28T21:57:24.590+02:00","eventName":"n8n.node.finished","message":"n8n.node.finished","payload":{"workflowId":"l5OL7xp4lTsRVx3O","workflowName":"INQABA-02-PROJECTS-FEED","executionId":"89","nodeType":"n8n-nodes-base.postgres","nodeName":"Execute a SQL query","nodeId":"5bd250fb-b39c-4d83-8ca9-83d9d26769de"}}
{"__type":"$$EventMessageConfirm","confirm":"cb2eeab5-ac9d-46ce-9f36-a2b2acc7c5d1","ts":"2026-09-28T21:57:24.590+02:00","source":{"id":"0","name":"eventBus"}}
{"__type":"$$EventMessageNode","id":"81782f9d-413b-4d07-bfff-31ee1e08d63c","ts":"2026-09-28T21:57:24.591+02:00","eventName":"n8n.node.started","message":"n8n.node.started","payload":{"workflowId":"l5OL7xp4lTsRVx3O","workflowName":"INQABA-02-PROJECTS-FEED","executionId":"89","nodeType":"n8n-nodes-base.respondToWebhook","nodeName":"Respond to Webhook","nodeId":"9bf94db1-ce16-4752-9e78-3dd75ed52815"}}
{"__type":"$$EventMessageConfirm","confirm":"81782f9d-413b-4d07-bfff-31ee1e08d63c","ts":"2026-09-28T21:57:24.591+02:00","source":{"id":"0","name":"eventBus"}}
{"__type":"$$EventMessageNode","id":"03662b56-d581-4d5a-8f32-1ad7ce93f2b7","ts":"2026-09-28T21:57:24.591+02:00","eventName":"n8n.node.finished","message":"n8n.node.finished","payload":{"workflowId":"l5OL7xp4lTsRVx3O","workflowName":"INQABA-02-PROJECTS-FEED","executionId":"89","nodeType":"n8n-nodes-base.respondToWebhook","nodeName":"Respond to Webhook","nodeId":"9bf94db1-ce16-4752-9e78-3dd75ed52815"}}
{"__type":"$$EventMessageConfirm","confirm":"03662b56-d581-4d5a-8f32-1ad7ce93f2b7","ts":"2026-09-28T21:57:24.592+02:00","source":{"id":"0","name":"eventBus"}}
{"__type":"$$EventMessageWorkflow","id":"d38a8348-f8a5-4241-aa90-6c568aa31e28","ts":"2026-09-28T21:57:24.592+02:00","eventName":"n8n.workflow.success","message":"n8n.workflow.success","payload":{"executionId":"89","success":true,"isManual":false,"mode":"webhook","workflowId":"l5OL7xp4lTsRVx3O","workflowName":"INQABA-02-PROJECTS-FEED","projectId":"PBlSUiAMQl3O96o8","projectName":"Andrew  Mthethwa <develomentorg11@gmail.com>"}}
{"__type":"$$EventMessageConfirm","confirm":"d38a8348-f8a5-4241-aa90-6c568aa31e28","ts":"2026-09-28T21:57:24.592+02:00","source":{"id":"0","name":"eventBus"}}
{"__type":"$$EventMessageAudit","id":"75bd9478-fec3-4b7d-8caf-9f4bb2003121","ts":"2026-09-28T22:07:59.215+02:00","eventName":"n8n.audit.workflow.executed","message":"n8n.audit.workflow.executed","payload":{"workflowId":"l5OL7xp4lTsRVx3O","workflowName":"INQABA-02-PROJECTS-FEED","executionId":"90","projectId":"PBlSUiAMQl3O96o8","projectName":"Andrew  Mthethwa <develomentorg11@gmail.com>","source":"webhook"}}
{"__type":"$$EventMessageConfirm","confirm":"75bd9478-fec3-4b7d-8caf-9f4bb2003121","ts":"2026-09-28T22:07:59.215+02:00","source":{"id":"0","name":"eventBus"}}
{"__type":"$$EventMessageWorkflow","id":"d71fa7ca-78f8-4137-b09e-bdbe38a7be6f","ts":"2026-09-28T22:07:59.215+02:00","eventName":"n8n.workflow.started","message":"n8n.workflow.started","payload":{"executionId":"90","workflowId":"l5OL7xp4lTsRVx3O","isManual":false,"mode":"webhook","workflowName":"INQABA-02-PROJECTS-FEED","projectId":"PBlSUiAMQl3O96o8","projectName":"Andrew  Mthethwa <develomentorg11@gmail.com>"}}
{"__type":"$$EventMessageConfirm","confirm":"d71fa7ca-78f8-4137-b09e-bdbe38a7be6f","ts":"2026-09-28T22:07:59.215+02:00","source":{"id":"0","name":"eventBus"}}
{"__type":"$$EventMessageNode","id":"1ac463ef-873e-4ec7-92f6-8760d2364310","ts":"2026-09-28T22:07:59.215+02:00","eventName":"n8n.node.started","message":"n8n.node.started","payload":{"workflowId":"l5OL7xp4lTsRVx3O","workflowName":"INQABA-02-PROJECTS-FEED","executionId":"90","nodeType":"n8n-nodes-base.webhook","nodeName":"Webhook","nodeId":"4d0344b7-c53b-462c-9a5e-a119dcc037d9"}}
{"__type":"$$EventMessageConfirm","confirm":"1ac463ef-873e-4ec7-92f6-8760d2364310","ts":"2026-09-28T22:07:59.215+02:00","source":{"id":"0","name":"eventBus"}}
{"__type":"$$EventMessageNode","id":"464b066e-8862-4b54-89ce-2b4e38aae4d0","ts":"2026-09-28T22:07:59.216+02:00","eventName":"n8n.node.finished","message":"n8n.node.finished","payload":{"workflowId":"l5OL7xp4lTsRVx3O","workflowName":"INQABA-02-PROJECTS-FEED","executionId":"90","nodeType":"n8n-nodes-base.webhook","nodeName":"Webhook","nodeId":"4d0344b7-c53b-462c-9a5e-a119dcc037d9"}}
{"__type":"$$EventMessageConfirm","confirm":"464b066e-8862-4b54-89ce-2b4e38aae4d0","ts":"2026-09-28T22:07:59.216+02:00","source":{"id":"0","name":"eventBus"}}
{"__type":"$$EventMessageNode","id":"ea69e60b-4304-4cf9-9505-28f1b1ddf661","ts":"2026-09-28T22:07:59.216+02:00","eventName":"n8n.node.started","message":"n8n.node.started","payload":{"workflowId":"l5OL7xp4lTsRVx3O","workflowName":"INQABA-02-PROJECTS-FEED","executionId":"90","nodeType":"n8n-nodes-base.postgres","nodeName":"Execute a SQL query","nodeId":"5bd250fb-b39c-4d83-8ca9-83d9d26769de"}}
{"__type":"$$EventMessageConfirm","confirm":"ea69e60b-4304-4cf9-9505-28f1b1ddf661","ts":"2026-09-28T22:07:59.216+02:00","source":{"id":"0","name":"eventBus"}}
{"__type":"$$EventMessageNode","id":"b1767767-8ff5-4bb3-a983-9ea19322b0a4","ts":"2026-09-28T22:07:59.279+02:00","eventName":"n8n.node.finished","message":"n8n.node.finished","payload":{"workflowId":"l5OL7xp4lTsRVx3O","workflowName":"INQABA-02-PROJECTS-FEED","executionId":"90","nodeType":"n8n-nodes-base.postgres","nodeName":"Execute a SQL query","nodeId":"5bd250fb-b39c-4d83-8ca9-83d9d26769de"}}
{"__type":"$$EventMessageConfirm","confirm":"b1767767-8ff5-4bb3-a983-9ea19322b0a4","ts":"2026-09-28T22:07:59.279+02:00","source":{"id":"0","name":"eventBus"}}
{"__type":"$$EventMessageNode","id":"84730e5f-64e2-4c16-8625-fd9b26156c9f","ts":"2026-09-28T22:07:59.279+02:00","eventName":"n8n.node.started","message":"n8n.node.started","payload":{"workflowId":"l5OL7xp4lTsRVx3O","workflowName":"INQABA-02-PROJECTS-FEED","executionId":"90","nodeType":"n8n-nodes-base.respondToWebhook","nodeName":"Respond to Webhook","nodeId":"9bf94db1-ce16-4752-9e78-3dd75ed52815"}}
{"__type":"$$EventMessageConfirm","confirm":"84730e5f-64e2-4c16-8625-fd9b26156c9f","ts":"2026-09-28T22:07:59.279+02:00","source":{"id":"0","name":"eventBus"}}
{"__type":"$$EventMessageNode","id":"60395c1b-8748-45d9-ac37-167b5f9a54ce","ts":"2026-09-28T22:07:59.282+02:00","eventName":"n8n.node.finished","message":"n8n.node.finished","payload":{"workflowId":"l5OL7xp4lTsRVx3O","workflowName":"INQABA-02-PROJECTS-FEED","executionId":"90","nodeType":"n8n-nodes-base.respondToWebhook","nodeName":"Respond to Webhook","nodeId":"9bf94db1-ce16-4752-9e78-3dd75ed52815"}}
{"__type":"$$EventMessageConfirm","confirm":"60395c1b-8748-45d9-ac37-167b5f9a54ce","ts":"2026-09-28T22:07:59.282+02:00","source":{"id":"0","name":"eventBus"}}
{"__type":"$$EventMessageWorkflow","id":"52321ef4-8b09-4cf9-b99b-27adc2c2887d","ts":"2026-09-28T22:07:59.283+02:00","eventName":"n8n.workflow.success","message":"n8n.workflow.success","payload":{"executionId":"90","success":true,"isManual":false,"mode":"webhook","workflowId":"l5OL7xp4lTsRVx3O","workflowName":"INQABA-02-PROJECTS-FEED","projectId":"PBlSUiAMQl3O96o8","projectName":"Andrew  Mthethwa <develomentorg11@gmail.com>"}}
{"__type":"$$EventMessageConfirm","confirm":"52321ef4-8b09-4cf9-b99b-27adc2c2887d","ts":"2026-09-28T22:07:59.283+02:00","source":{"id":"0","name":"eventBus"}}
{"__type":"$$EventMessageAudit","id":"28f6faf4-1a11-41c3-8456-21c8c99e0fd8","ts":"2026-09-28T23:08:22.704+02:00","eventName":"n8n.audit.workflow.executed","message":"n8n.audit.workflow.executed","payload":{"workflowId":"l5OL7xp4lTsRVx3O","workflowName":"INQABA-02-PROJECTS-FEED","executionId":"91","projectId":"PBlSUiAMQl3O96o8","projectName":"Andrew  Mthethwa <develomentorg11@gmail.com>","source":"webhook"}}
{"__type":"$$EventMessageConfirm","confirm":"28f6faf4-1a11-41c3-8456-21c8c99e0fd8","ts":"2026-09-28T23:08:22.704+02:00","source":{"id":"0","name":"eventBus"}}
{"__type":"$$EventMessageWorkflow","id":"6e6ec4a8-e030-46aa-a284-383211bf278d","ts":"2026-09-28T23:08:22.705+02:00","eventName":"n8n.workflow.started","message":"n8n.workflow.started","payload":{"executionId":"91","workflowId":"l5OL7xp4lTsRVx3O","isManual":false,"mode":"webhook","workflowName":"INQABA-02-PROJECTS-FEED","projectId":"PBlSUiAMQl3O96o8","projectName":"Andrew  Mthethwa <develomentorg11@gmail.com>"}}
{"__type":"$$EventMessageConfirm","confirm":"6e6ec4a8-e030-46aa-a284-383211bf278d","ts":"2026-09-28T23:08:22.705+02:00","source":{"id":"0","name":"eventBus"}}
{"__type":"$$EventMessageNode","id":"aabe837f-0f21-4491-b2ad-89bafa1c4b0b","ts":"2026-09-28T23:08:22.706+02:00","eventName":"n8n.node.started","message":"n8n.node.started","payload":{"workflowId":"l5OL7xp4lTsRVx3O","workflowName":"INQABA-02-PROJECTS-FEED","executionId":"91","nodeType":"n8n-nodes-base.webhook","nodeName":"Webhook","nodeId":"4d0344b7-c53b-462c-9a5e-a119dcc037d9"}}
{"__type":"$$EventMessageConfirm","confirm":"aabe837f-0f21-4491-b2ad-89bafa1c4b0b","ts":"2026-09-28T23:08:22.706+02:00","source":{"id":"0","name":"eventBus"}}
{"__type":"$$EventMessageNode","id":"03eaca52-cb2f-4e94-b35f-51df24736ffc","ts":"2026-09-28T23:08:22.707+02:00","eventName":"n8n.node.finished","message":"n8n.node.finished","payload":{"workflowId":"l5OL7xp4lTsRVx3O","workflowName":"INQABA-02-PROJECTS-FEED","executionId":"91","nodeType":"n8n-nodes-base.webhook","nodeName":"Webhook","nodeId":"4d0344b7-c53b-462c-9a5e-a119dcc037d9"}}
{"__type":"$$EventMessageConfirm","confirm":"03eaca52-cb2f-4e94-b35f-51df24736ffc","ts":"2026-09-28T23:08:22.708+02:00","source":{"id":"0","name":"eventBus"}}
{"__type":"$$EventMessageNode","id":"b19470bf-8688-49d7-b1f2-bcd2bd855137","ts":"2026-09-28T23:08:22.708+02:00","eventName":"n8n.node.started","message":"n8n.node.started","payload":{"workflowId":"l5OL7xp4lTsRVx3O","workflowName":"INQABA-02-PROJECTS-FEED","executionId":"91","nodeType":"n8n-nodes-base.postgres","nodeName":"Execute a SQL query","nodeId":"5bd250fb-b39c-4d83-8ca9-83d9d26769de"}}
{"__type":"$$EventMessageConfirm","confirm":"b19470bf-8688-49d7-b1f2-bcd2bd855137","ts":"2026-09-28T23:08:22.709+02:00","source":{"id":"0","name":"eventBus"}}
{"__type":"$$EventMessageNode","id":"61add224-81b0-465e-9ef7-ab3c622ffe72","ts":"2026-09-28T23:08:22.802+02:00","eventName":"n8n.node.finished","message":"n8n.node.finished","payload":{"workflowId":"l5OL7xp4lTsRVx3O","workflowName":"INQABA-02-PROJECTS-FEED","executionId":"91","nodeType":"n8n-nodes-base.postgres","nodeName":"Execute a SQL query","nodeId":"5bd250fb-b39c-4d83-8ca9-83d9d26769de"}}
{"__type":"$$EventMessageConfirm","confirm":"61add224-81b0-465e-9ef7-ab3c622ffe72","ts":"2026-09-28T23:08:22.802+02:00","source":{"id":"0","name":"eventBus"}}
{"__type":"$$EventMessageNode","id":"bd0f27b6-307d-4a87-8734-22329e5121ad","ts":"2026-09-28T23:08:22.803+02:00","eventName":"n8n.node.started","message":"n8n.node.started","payload":{"workflowId":"l5OL7xp4lTsRVx3O","workflowName":"INQABA-02-PROJECTS-FEED","executionId":"91","nodeType":"n8n-nodes-base.respondToWebhook","nodeName":"Respond to Webhook","nodeId":"9bf94db1-ce16-4752-9e78-3dd75ed52815"}}
{"__type":"$$EventMessageConfirm","confirm":"bd0f27b6-307d-4a87-8734-22329e5121ad","ts":"2026-09-28T23:08:22.803+02:00","source":{"id":"0","name":"eventBus"}}
{"__type":"$$EventMessageNode","id":"e94da068-e06d-4fca-9606-6aa36bb2c10e","ts":"2026-09-28T23:08:22.807+02:00","eventName":"n8n.node.finished","message":"n8n.node.finished","payload":{"workflowId":"l5OL7xp4lTsRVx3O","workflowName":"INQABA-02-PROJECTS-FEED","executionId":"91","nodeType":"n8n-nodes-base.respondToWebhook","nodeName":"Respond to Webhook","nodeId":"9bf94db1-ce16-4752-9e78-3dd75ed52815"}}
{"__type":"$$EventMessageConfirm","confirm":"e94da068-e06d-4fca-9606-6aa36bb2c10e","ts":"2026-09-28T23:08:22.807+02:00","source":{"id":"0","name":"eventBus"}}
{"__type":"$$EventMessageWorkflow","id":"5d10b1f0-0846-4305-b9fb-6aeb6846785a","ts":"2026-09-28T23:08:22.808+02:00","eventName":"n8n.workflow.success","message":"n8n.workflow.success","payload":{"executionId":"91","success":true,"isManual":false,"mode":"webhook","workflowId":"l5OL7xp4lTsRVx3O","workflowName":"INQABA-02-PROJECTS-FEED","projectId":"PBlSUiAMQl3O96o8","projectName":"Andrew  Mthethwa <develomentorg11@gmail.com>"}}
{"__type":"$$EventMessageConfirm","confirm":"5d10b1f0-0846-4305-b9fb-6aeb6846785a","ts":"2026-09-28T23:08:22.809+02:00","source":{"id":"0","name":"eventBus"}}
